版本,Date,档位,方向,当日样本量,当日等权策略收益,累计收益率
修正前,2024-02-01,Q01,做空,93,0.002277843232619606,0.002277843232619592
修正前,2024-02-02,Q01,做空,74,0.00996684580349137,0.012267391948375117
修正前,2024-02-05,Q01,做空,573,-0.0008430103858750814,0.011414040023679961
修正前,2024-02-06,Q01,做空,391,-0.012678211804258589,-0.0014088813975410286
修正前,2024-02-07,Q01,做空,431,0.0015539944670772857,0.00014292367563961683
修正前,2024-02-08,Q01,做空,263,-0.0007238488130562695,-0.000581028592549715
修正前,2024-02-19,Q01,做空,300,0.00628189655484069,0.005697218000777271
修正前,2024-02-20,Q01,做空,107,0.00012248889126958518,0.005820404737963081
修正前,2024-02-21,Q01,做空,56,-0.010424459910219801,-0.004664729748108831
修正前,2024-02-22,Q01,做空,834,0.0006741475811676857,-0.00399372688321753
修正前,2024-02-23,Q01,做空,259,0.0017142720831986014,-0.0022863011345227724
修正前,2024-02-26,Q01,做空,42,-0.00213605832721528,-0.004417475789161185
修正前,2024-02-27,Q01,做空,55,0.0011018793568258513,-0.0033204639577166795
修正前,2024-02-28,Q01,做空,211,-0.0016959967803826855,-0.005010829241917647
修正前,2024-03-01,Q01,做空,16,0.0012174144394521136,-0.0037995150583383097
修正前,2024-03-04,Q01,做空,52,0.0052840520172769455,0.001464460123729916
修正前,2024-03-05,Q01,做空,162,0.0007337580819570755,0.0021992927651384164
修正前,2024-03-06,Q01,做空,203,-0.0015940414476761791,0.0006017455536391214
修正前,2024-03-07,Q01,做空,656,0.0019062817782191926,0.002509174428442229
修正前,2024-03-08,Q01,做空,170,-0.002074662638166474,0.0004293060998363796
修正前,2024-03-11,Q01,做空,30,-0.0009060194492728139,-0.0004771023091125759
修正前,2024-03-12,Q01,做空,266,0.0009472014856813834,0.000469647264552675
修正前,2024-03-13,Q01,做空,173,0.0003572546040568288,0.0008270696522572063
修正前,2024-03-14,Q01,做空,132,0.004162624516704289,0.004993136949372978
修正前,2024-03-15,Q01,做空,272,-0.0014272172190885613,0.0035587934392529164
修正前,2024-03-18,Q01,做空,302,-0.0011794774559438644,0.0023751184666771508
修正前,2024-03-19,Q01,做空,458,0.0008028240016355041,0.003179849270424473
修正前,2024-03-20,Q01,做空,118,-0.0007700190831740856,0.002407381642630435
修正前,2024-03-21,Q01,做空,283,0.0019528252526826897,0.0043649080909775595
修正前,2024-03-22,Q01,做空,578,-0.0015902098418359148,0.0027677571293367453
修正前,2024-03-25,Q01,做空,347,0.002118330371126372,0.004891950524450017
修正前,2024-03-26,Q01,做空,141,0.002289779249557867,0.007192931260808777
修正前,2024-03-27,Q01,做空,740,0.0020903424709202327,0.009298309421433837
修正前,2024-03-28,Q01,做空,6,-0.0017801080054293077,0.0075016494209665385
修正前,2024-03-29,Q01,做空,50,0.0004290529155696277,0.007933920941091799
修正前,2024-04-01,Q01,做空,68,-0.0009927473485517753,0.006933297213562062
修正前,2024-04-02,Q01,做空,69,0.0028834063867680675,0.009836695113796923
修正前,2024-04-03,Q01,做空,84,0.005930955664249875,0.015825991780649584
修正前,2024-04-08,Q01,做空,74,0.0008897976939486987,0.016729871405589014
修正前,2024-04-09,Q01,做空,773,-6.443468856956282e-6,0.01672332013832678
修正前,2024-04-10,Q01,做空,329,0.0009051861509520279,0.01764364400706575
修正前,2024-04-11,Q01,做空,79,-0.000025458190849130454,0.017617736640960224
修正前,2024-04-12,Q01,做空,232,-0.0025824620563761184,0.014989777448189523
修正前,2024-04-15,Q01,做空,14,-0.0007692644410001646,0.014208981904419993
修正前,2024-04-16,Q01,做空,242,0.0025859544905321575,0.016831680175513952
修正前,2024-04-17,Q01,做空,278,0.0005808182809985136,0.01742227460405843
修正前,2024-04-18,Q01,做空,158,-0.00017643922959145636,0.017242761401758067
修正前,2024-04-19,Q01,做空,90,0.005196830759814475,0.022529199874409267
修正前,2024-04-22,Q01,做空,438,0.0011876132520639707,0.02374356910280251
修正前,2024-04-23,Q01,做空,25,0.002533595727873035,0.026337321435918826
修正前,2024-04-24,Q01,做空,909,-0.0010846995594767839,0.025224053795482648
修正前,2024-04-25,Q01,做空,1078,-0.0015448873382545956,0.023640198135900015
修正前,2024-04-26,Q01,做空,113,-0.004594115609571232,0.018937476723059232
修正前,2024-04-29,Q01,做空,94,0.001011420429580191,0.01996805090348186
修正前,2024-04-30,Q01,做空,169,0.0016522209608469975,0.0216532634965787
修正前,2024-05-06,Q01,做空,413,-0.000654973765856941,0.02098410741118628
修正前,2024-05-07,Q01,做空,458,0.0016378238641263081,0.022656299547198167
修正前,2024-05-08,Q01,做空,16,0.001861836492025759,0.024560318364495126
修正前,2024-05-09,Q01,做空,854,-0.0016012958488081537,0.022919694179844408
修正前,2024-05-10,Q01,做空,259,0.005539794346256632,0.028586458918336666
修正前,2024-05-13,Q01,做空,13,-0.0011674003147233564,0.027385686762475103
修正前,2024-05-14,Q01,做空,196,0.001020316696834628,0.02843394553276779
修正前,2024-05-15,Q01,做空,142,0.0013011300696388402,0.02977207186393782
修正前,2024-05-16,Q01,做空,230,-0.0006109534124888065,0.0291429291025469
修正前,2024-05-17,Q01,做空,201,-0.0012004019294570626,0.027907543944765134
修正前,2024-05-20,Q01,做空,445,0.0017594802924209493,0.02971612701076687
修正前,2024-05-21,Q01,做空,24,0.0018402928641686838,0.03161110625142438
修正前,2024-05-22,Q01,做空,544,0.0021655317619019222,0.03384509286794257
修正前,2024-05-23,Q01,做空,461,0.0004548006429987982,0.03431528628093994
修正前,2024-05-24,Q01,做空,481,0.0021638519678476875,0.03655339144853387
修正前,2024-05-27,Q01,做空,237,-0.0035042755870743634,0.032921022704181624
修正前,2024-05-28,Q01,做空,486,0.0009179908707597793,0.03386923477323989
修正前,2024-05-29,Q01,做空,63,-0.0005385653814647369,0.03331242859442973
修正前,2024-05-30,Q01,做空,25,0.0013018230756279081,0.03465761855830696
修正前,2024-05-31,Q01,做空,23,0.00034864153839526295,0.03501834318215358
修正前,2024-06-04,Q01,做空,26,0.0020783719726471016,0.03716949629779909
修正前,2024-06-05,Q01,做空,67,0.0012803059832020073,0.038497390609503856
修正前,2024-06-06,Q01,做空,128,0.0015259333580388557,0.040082068420071115
修正前,2024-06-07,Q01,做空,488,0.004303283919249284,0.044557836859802746
修正前,2024-06-11,Q01,做空,75,-0.0016729833404921617,0.042810309000555824
修正前,2024-06-12,Q01,做空,384,0.0003731619848489724,0.043199446165283595
修正前,2024-06-13,Q01,做空,40,0.002029264396696817,0.0453163736600406
修正前,2024-06-14,Q01,做空,158,-0.001311460383418952,0.04394548264784626
修正前,2024-06-17,Q01,做空,171,0.0013991150560940966,0.04540608249036038
修正前,2024-06-18,Q01,做空,50,0.0025889625343552326,0.04811259967111492
修正前,2024-06-19,Q01,做空,64,0.005576843969947731,0.05395776010241704
修正前,2024-06-20,Q01,做空,104,0.0002148259263077097,0.05418417755452021
修正前,2024-06-21,Q01,做空,394,-0.00032693215390341713,0.053839530850741335
修正前,2024-06-24,Q01,做空,552,0.0008440024499524978,0.05472897399663612
修正前,2024-06-25,Q01,做空,335,0.0027167770940786117,0.05759443751365123
修正前,2024-06-26,Q01,做空,646,-0.0033712512302502013,0.05402902096507756
修正前,2024-06-27,Q01,做空,308,0.0017270920232996495,0.05584942607951282
修正前,2024-06-28,Q01,做空,2,0.009207263821735978,0.06557091030145545
修正前,2024-07-02,Q01,做空,234,0.0000953157067180235,0.06567247594582915
修正前,2024-07-03,Q01,做空,146,0.0020250220121889556,0.06783048616740328
修正前,2024-07-04,Q01,做空,2,0.002868071256671101,0.07089310009177718
修正前,2024-07-05,Q01,做空,455,-0.002451139600236854,0.06826819160652176
修正前,2024-07-08,Q01,做空,392,0.0020333551190894784,0.07044036020248523
修正前,2024-07-09,Q01,做空,104,-0.002505829673072395,0.0677580189846354
修正前,2024-07-10,Q01,做空,444,0.0018847678663593986,0.06977049498786525
修正前,2024-07-11,Q01,做空,230,-0.005092218249236517,0.06432299015079312
修正前,2024-07-12,Q01,做空,288,0.003072326248204465,0.06759293761000085
修正前,2024-07-15,Q01,做空,27,0.0018731596985027729,0.06959270967513831
修正前,2024-07-16,Q01,做空,607,-0.0005984180379273252,0.06895264610443319
修正前,2024-07-17,Q01,做空,1155,-0.0001824862808387251,0.06875757691165285
修正前,2024-07-18,Q01,做空,379,-0.00554250206217851,0.06283398583765099
修正前,2024-07-19,Q01,做空,453,-0.0011085419639740469,0.06165578976361208
修正前,2024-07-22,Q01,做空,129,0.0022441863289403875,0.06403834317304002
修正前,2024-07-23,Q01,做空,10,0.00323675008257851,0.06748236936817209
修正前,2024-07-24,Q01,做空,48,0.001787500534949989,0.06939049467446723
修正前,2024-07-25,Q01,做空,799,0.00018809223113661237,0.06959163871856688
修正前,2024-07-26,Q01,做空,1020,-0.0010505060053879324,0.06846802627878024
修正前,2024-07-29,Q01,做空,253,-0.00033480115917871575,0.06811030194503664
修正前,2024-07-30,Q01,做空,120,-0.002587059528620254,0.06534703701077227
修正前,2024-07-31,Q01,做空,35,-0.0015388754023920878,0.06370760066050507
修正前,2024-08-01,Q01,做空,593,0.0027259854772971833,0.06660725213199625
修正前,2024-08-02,Q01,做空,85,0.0007399635594886016,0.06739650263086028
修正前,2024-08-05,Q01,做空,44,0.010387777890586718,0.07848438042137884
修正前,2024-08-06,Q01,做空,46,0.0015070416107925628,0.08010970125926353
修正前,2024-08-07,Q01,做空,1065,0.0005240280544728275,0.08067570904463173
修正前,2024-08-08,Q01,做空,559,-0.001910515457953979,0.07861106139746665
修正前,2024-08-09,Q01,做空,835,0.0016639983008274444,0.08040586837088592
修正前,2024-08-13,Q01,做空,99,0.0017492305957024325,0.08229574737161682
修正前,2024-08-14,Q01,做空,386,0.0015122654539496164,0.08393246584132363
修正前,2024-08-15,Q01,做空,483,-0.0022144479692356098,0.08153215379355272
修正前,2024-08-16,Q01,做空,1245,-0.0005026702114556688,0.08098849979710931
修正前,2024-08-19,Q01,做空,108,0.0010738186599189281,0.08214928541934907
修正前,2024-08-20,Q01,做空,31,0.00375891026605161,0.08621698747771234
修正前,2024-08-21,Q01,做空,775,0.0009177662096842523,0.0872138807252043
修正前,2024-08-22,Q01,做空,600,0.0015708618667971072,0.08892174355148796
修正前,2024-08-23,Q01,做空,859,0.00013655790063558387,0.08907044441874379
修正前,2024-08-26,Q01,做空,530,0.0012153394476764282,0.09039403469114426
修正前,2024-08-27,Q01,做空,53,0.00012588163166205873,0.0905312952713857
修正前,2024-08-28,Q01,做空,369,0.0015383639829180445,0.09220892933827618
修正前,2024-08-29,Q01,做空,58,-0.006329102347645575,0.08529622723948171
修正前,2024-08-30,Q01,做空,86,-0.006483110432041982,0.0782601319468097
修正前,2024-09-02,Q01,做空,126,0.0010913359753705288,0.07943687601961114
修正前,2024-09-03,Q01,做空,168,0.0011811787622458983,0.08071188393275075
修正前,2024-09-04,Q01,做空,103,0.0027427577743297147,0.08367601485421794
修正前,2024-09-05,Q01,做空,748,-0.00024491342036706427,0.08341060805485023
修正前,2024-09-06,Q01,做空,169,0.0020054410810910576,0.08558332419593317
修正前,2024-09-09,Q01,做空,93,0.0002449058839345291,0.08584918993952995
修正前,2024-09-10,Q01,做空,276,0.002046308926066453,0.08807117282926535
修正前,2024-09-11,Q01,做空,871,-0.0007499596503827599,0.08725516335289885
修正前,2024-09-12,Q01,做空,473,0.002909549717312996,0.09041858630607935
修正前,2024-09-13,Q01,做空,99,0.0018192589145701735,0.09240234003982972
修正前,2024-09-18,Q01,做空,148,-0.0001313730210829424,0.09225882784418071
修正前,2024-09-19,Q01,做空,541,-0.0033840906136848254,0.08856252499715889
修正前,2024-09-20,Q01,做空,232,0.001742336583714044,0.09045916730812165
修正前,2024-09-23,Q01,做空,481,-0.0010521576431701022,0.08931183236067342
修正前,2024-09-24,Q01,做空,132,0.0012149789423953432,0.09063532329869384
修正前,2024-09-25,Q01,做空,591,0.0034994826002788886,0.09445198263582721
修正前,2024-09-26,Q01,做空,898,-0.0037927935526525496,0.09030095221239831
修正前,2024-09-27,Q01,做空,743,0.0004634062209053618,0.09080620445631271
修正前,2024-09-30,Q01,做空,604,-0.006236372903738763,0.08400353019961115
修正前,2024-10-08,Q01,做空,195,0.02005252785721752,0.10574054118626086
修正前,2024-10-09,Q01,做空,146,0.01598187631166744,0.12341234974829596
修正前,2024-10-10,Q01,做空,337,0.00475753018872098,0.12875701791660554
修正前,2024-10-11,Q01,做空,292,0.004182370029723157,0.1334778974391797
修正前,2024-10-14,Q01,做空,91,0.007111020127802596,0.1415380815822891
修正前,2024-10-15,Q01,做空,1150,0.0030061780625977048,0.14496974832076148
修正前,2024-10-16,Q01,做空,598,0.00271179973451672,0.14807467698028742
修正前,2024-10-17,Q01,做空,600,0.0016129747944614791,0.1499264924964161
修正前,2024-10-18,Q01,做空,363,-0.008574811746199557,0.14006608930129172
修正前,2024-10-21,Q01,做空,1201,0.000310347990616462,0.14041990652127612
修正前,2024-10-22,Q01,做空,696,0.0017282624555483726,0.14239085142927688
修正前,2024-10-23,Q01,做空,1575,-0.002238984484581687,0.13983305603759866
修正前,2024-10-24,Q01,做空,172,0.00032185752549361666,0.14019991988449054
修正前,2024-10-25,Q01,做空,542,-0.0035201509811274745,0.13618624401782764
修正前,2024-10-28,Q01,做空,114,-0.004478714596061444,0.13109759010290079
修正前,2024-10-29,Q01,做空,595,0.0013751462435468683,0.13265301470501578
修正前,2024-10-30,Q01,做空,245,0.0022582680196620106,0.13521084878549794
修正前,2024-10-31,Q01,做空,121,-0.005294301110312097,0.12920070072833445
修正前,2024-11-01,Q01,做空,28,0.0003934602173103485,0.1296449962814301
修正前,2024-11-04,Q01,做空,3,-0.004029094552000363,0.125093549781218
修正前,2024-11-05,Q01,做空,13,-0.0008377929379303867,0.12415095435070023
修正前,2024-11-06,Q01,做空,420,0.001297284266729548,0.12560929769720852
修正前,2024-11-07,Q01,做空,323,-0.0011358537157554534,0.12433077019393024
修正前,2024-11-08,Q01,做空,332,0.003148236832849619,0.12787042973696106
修正前,2024-11-11,Q01,做空,1,-0.004273246042430401,0.12305076188671338
修正前,2024-11-12,Q01,做空,129,-0.000567791784383436,0.12241310289066853
修正前,2024-11-13,Q01,做空,106,0.0064698352375757474,0.12967493073486747
修正前,2024-11-14,Q01,做空,337,0.0030586481174482245,0.13313020883508808
修正前,2024-11-15,Q01,做空,197,0.003931568354323298,0.1375851877054719
修正前,2024-11-18,Q01,做空,21,-0.003081241274707108,0.13408001327161845
修正前,2024-11-19,Q01,做空,16,0.0034582480147946626,0.13800194322613324
修正前,2024-11-20,Q01,做空,1030,-0.0016457438360111623,0.13612908354270004
修正前,2024-11-21,Q01,做空,1158,0.000585434231562935,0.13679421239968015
修正前,2024-11-22,Q01,做空,249,0.006887766011813763,0.14462418493827345
修正前,2024-11-25,Q01,做空,81,0.0016099699578150232,0.14646699548901254
修正前,2024-11-26,Q01,做空,1141,0.0011082105422364939,0.1477375222997397
修正前,2024-11-27,Q01,做空,63,-0.0005960398920006045,0.147053424950903
修正前,2024-11-28,Q01,做空,204,0.0026036337218886497,0.15003993192891296
修正前,2024-11-29,Q01,做空,133,-0.008989604912582072,0.13970152730717933
修正前,2024-12-02,Q01,做空,38,-0.0037705487737089,0.1354042271109972
修正前,2024-12-03,Q01,做空,26,0.003878404154910151,0.13980778358292723
修正前,2024-12-04,Q01,做空,77,0.0015165346768925075,0.1415363416117228
修正前,2024-12-05,Q01,做空,237,0.0005408723794019885,0.1421537670889843
修正前,2024-12-06,Q01,做空,147,-0.012480334340369797,0.12789930620760104
修正前,2024-12-09,Q01,做空,89,0.003421550696126115,0.1317584708639159
修正前,2024-12-10,Q01,做空,654,0.0027299819984244553,0.13484815111593895
修正前,2024-12-11,Q01,做空,43,0.00018157106962970047,0.13505420670860446
修正前,2024-12-12,Q01,做空,411,0.00047047996124929077,0.1355882269677926
修正前,2024-12-13,Q01,做空,382,0.0015337685283957018,0.13732995645153245
修正前,2024-12-16,Q01,做空,853,0.0007359040368546661,0.13816692215772086
修正前,2024-12-17,Q01,做空,507,-0.001363029702084313,0.13661556683689002
修正前,2024-12-18,Q01,做空,1109,0.00003010554136699981,0.13664978526385574
修正前,2024-12-19,Q01,做空,319,-0.0027619127915762686,0.1335104576823931
修正前,2024-12-20,Q01,做空,497,-0.0005485232526831019,0.1328887008391948
修正前,2024-12-23,Q01,做空,115,0.002930421458902698,0.1362085421986825
修正前,2024-12-24,Q01,做空,129,-0.00013955565356259603,0.13604997787299244
修正前,2024-12-25,Q01,做空,206,0.00005897618665611959,0.13611697776853804
修正前,2024-12-26,Q01,做空,400,0.000555967198442886,0.13674862154177148
修正前,2024-12-27,Q01,做空,85,-0.00035381691867608905,0.13634642064718827
修正前,2024-12-30,Q01,做空,74,-0.0002758378671117228,0.13603297327421693
修正前,2024-12-31,Q01,做空,2,0.002388458466157317,0.1387463408470675
修正前,2025-01-03,Q01,做空,289,0.004067640473225652,0.14337835155183454
修正前,2025-01-06,Q01,做空,313,-0.00018454854462949258,0.14316734274109488
修正前,2025-01-07,Q01,做空,315,0.0032261081540676216,0.14685532422697567
修正前,2025-01-08,Q01,做空,408,0.00015869814081930135,0.14703732803471925
修正前,2025-01-09,Q01,做空,538,0.001011197732748357,0.14819720958020555
修正前,2025-01-10,Q01,做空,194,0.003848510027665659,0.15261605805501288
修正前,2025-01-13,Q01,做空,80,0.0004784747354733554,0.15316755571849305
修正前,2025-01-14,Q01,做空,7,-0.005190362289015736,0.1471821983243753
修正前,2025-01-15,Q01,做空,781,0.0005701910306525696,0.14783631132438413
修正前,2025-01-16,Q01,做空,262,0.0040018971173129605,0.15242983414982048
修正前,2025-01-17,Q01,做空,246,0.0004511079206145596,0.152949704375958
修正前,2025-01-20,Q01,做空,310,0.0017482214203717436,0.15496531574575934
修正前,2025-01-21,Q01,做空,96,0.006409792255605377,0.16236840348211934
修正前,2025-01-22,Q01,做空,77,0.0003609923226683243,0.16278800955188877
修正前,2025-01-23,Q01,做空,329,0.00016766743529955983,0.1629829712352473
修正前,2025-01-24,Q01,做空,317,-0.0028058974758411754,0.15971976025181212
修正前,2025-01-27,Q01,做空,129,0.0027743759659248,0.16293725888186295
修正前,2025-02-05,Q01,做空,217,0.000013482458246383636,0.16295293813489886
修正前,2025-02-06,Q01,做空,318,-0.0029712146173459923,0.1594975553658271
修正前,2025-02-07,Q01,做空,46,-0.010112448352510515,0.14777219622232796
修正前,2025-02-10,Q01,做空,15,0.00119779466088706,0.14914699163087763
修正前,2025-02-12,Q01,做空,393,-0.0006997565307279571,0.14834286851871759
修正前,2025-02-13,Q01,做空,29,-0.001992936872582128,0.14605429367367995
修正前,2025-02-14,Q01,做空,33,0.0002759147338854911,0.14637050693913722
修正前,2025-02-17,Q01,做空,23,0.0011483239194722441,0.14768691161283298
修正前,2025-02-18,Q01,做空,42,0.007802399311566703,0.15664162318189523
修正前,2025-02-19,Q01,做空,3,-0.006809677307804425,0.14876526696725145
修正前,2025-02-20,Q01,做空,158,0.00006361550694685931,0.1488383462520726
修正前,2025-02-21,Q01,做空,48,-0.005586076442947767,0.14242084742931893
修正前,2025-02-24,Q01,做空,173,0.0017537591578351398,0.1444243784525998
修正前,2025-02-25,Q01,做空,13,0.0006423897821850216,0.1451595449798011
修正前,2025-02-26,Q01,做空,44,-0.000544649485990786,0.1445358344222505
修正前,2025-02-27,Q01,做空,173,0.0031816718287411352,0.14817737184361657
修正前,2025-02-28,Q01,做空,18,0.007160859195412033,0.1563993083347468
修正前,2025-03-04,Q01,做空,2,-0.00151887335232459,0.15464288424067063
修正前,2025-03-05,Q01,做空,618,-0.0018770936009719268,0.15247551147125482
修正前,2025-03-06,Q01,做空,221,-0.001347225180312694,0.15092286744250694
修正前,2025-03-07,Q01,做空,282,0.00019293077129729056,0.15114491587902634
修正前,2025-03-10,Q01,做空,17,0.0022747058332349885,0.15376343193407527
修正前,2025-03-11,Q01,做空,122,0.0006198760453772876,0.15447862224756337
修正前,2025-03-12,Q01,做空,544,0.0010753294219177727,0.1557200670770411
修正前,2025-03-13,Q01,做空,102,0.0008436540502218265,0.1566950949925534
修正前,2025-03-14,Q01,做空,80,-0.003304875451613043,0.15287236176811136
修正前,2025-03-17,Q01,做空,682,0.00007358794251062632,0.1529571992731913
修正前,2025-03-18,Q01,做空,518,0.0014468157707007187,0.15462531593204276
修正前,2025-03-19,Q01,做空,359,-7.411497598059973e-6,0.15461675842928702
修正前,2025-03-20,Q01,做空,324,0.000051605329723697426,0.15467634280781017
修正前,2025-03-21,Q01,做空,682,0.00018790108782245745,0.1548933077487067
修正前,2025-03-24,Q01,做空,330,0.0003431552918107517,0.15528961549873754
修正前,2025-03-25,Q01,做空,428,0.000045518823192812825,0.1553422029224818
修正前,2025-03-26,Q01,做空,786,0.0019154012126226553,0.15755514677895355
修正前,2025-03-27,Q01,做空,419,-0.00021396271891317936,0.15730747313245685
修正前,2025-03-28,Q01,做空,66,0.004190964833304117,0.1621577080536749
修正前,2025-03-31,Q01,做空,1,0.004928442649543285,0.16788533566754205
修正前,2025-04-01,Q01,做空,12,0.0007109435046004364,0.1687156361610529
修正前,2025-04-02,Q01,做空,29,-0.004759362810451923,0.16315329442631432
修正前,2025-04-03,Q01,做空,3,0.06408210471272469,0.2376906056366921
修正前,2025-04-07,Q01,做空,894,0.0068697346200404345,0.2461932116391332
修正前,2025-04-08,Q01,做空,549,0.0019647199964168385,0.24864163236143955
修正前,2025-04-09,Q01,做空,218,-0.002324885084717524,0.24573868405420507
修正前,2025-04-10,Q01,做空,297,0.0010738511734817691,0.24707642200192836
修正前,2025-04-11,Q01,做空,74,0.0018044913604909026,0.24932676063130277
修正前,2025-04-14,Q01,做空,561,0.0012241216241030716,0.2508560885345623
修正前,2025-04-15,Q01,做空,87,0.0026339868330477,0.2541508270017998
修正前,2025-04-16,Q01,做空,478,0.0006908945877010137,0.25501731302033614
修正前,2025-04-17,Q01,做空,361,0.0002510182874432347,0.25533234531696225
修正前,2025-04-18,Q01,做空,200,0.0004476760478246433,0.2558943275400203
修正前,2025-04-21,Q01,做空,103,-0.0010918652318368295,0.25452306018891835
修正前,2025-04-22,Q01,做空,433,0.0003723489742856618,0.25499018056359746
修正前,2025-04-23,Q01,做空,740,0.0004910657281151224,0.2556064632303934
修正前,2025-04-24,Q01,做空,126,0.0006271976226199758,0.2563939766190777
修正前,2025-04-25,Q01,做空,122,-0.0007387803133064691,0.25546577748339483
修正前,2025-04-29,Q01,做空,71,-0.0005608989974372351,0.2547615879874876
修正前,2025-04-30,Q01,做空,53,-0.0003510468613624327,0.2543211078702665
修正前,2025-05-06,Q01,做空,115,-0.008157196441796891,0.24408936419227634
修正前,2025-05-07,Q01,做空,603,0.001636639688072823,0.24612549022122288
修正前,2025-05-08,Q01,做空,297,-0.0012779416116515036,0.2445330146039295
修正前,2025-05-09,Q01,做空,28,-0.005902636174661373,0.23718698901136803
修正前,2025-05-12,Q01,做空,66,-0.0031969540383821973,0.23323175907061433
修正前,2025-05-13,Q01,做空,511,-0.00011861715141000134,0.23308547663232493
修正前,2025-05-14,Q01,做空,798,-0.0008331415331743035,0.2320581419077885
修正前,2025-05-15,Q01,做空,200,0.0005978717713878722,0.23279475469154387
修正前,2025-05-16,Q01,做空,600,0.001189157349914846,0.23426074163502175
修正前,2025-05-19,Q01,做空,137,-0.0010429455796838738,0.23297347485035624
修正前,2025-05-20,Q01,做空,918,-0.0008929113066231302,0.2318725388938958
修正前,2025-05-21,Q01,做空,1096,-0.00015516954543100126,0.2316813897920067
修正前,2025-05-22,Q01,做空,73,0.0006668563480273668,0.23250274434553675
修正前,2025-05-23,Q01,做空,171,0.0011575223187405728,0.23392939378002575
修正前,2025-05-26,Q01,做空,2,-0.002502086106687784,0.23084199618721502
修正前,2025-05-27,Q01,做空,107,0.000124987800110286,0.23099583642060195
修正前,2025-05-28,Q01,做空,271,0.0009849836538752843,0.23220834719746475
修正前,2025-05-29,Q01,做空,79,-0.0018279182522401474,0.22995597106905974
修正前,2025-05-30,Q01,做空,1,0.00018395540246274322,0.23018222811472921
修正前,2025-06-03,Q01,做空,155,0.00043739684028438325,0.2307203059342806
修正前,2025-06-04,Q01,做空,109,-0.0013203176273537134,0.2290953642200133
修正前,2025-06-05,Q01,做空,95,0.0014919633110893253,0.23092912940925947
修正前,2025-06-09,Q01,做空,159,0.0011315662516568387,0.2323220072702803
修正前,2025-06-10,Q01,做空,7,0.003105938301554748,0.23614952339250994
修正前,2025-06-11,Q01,做空,41,-0.00029591743024378426,0.2357837252021504
修正前,2025-06-12,Q01,做空,2,0.0017622345476411283,0.23796146597611423
修正前,2025-06-13,Q01,做空,141,0.00032489117015531313,0.23836366872540227
修正前,2025-06-16,Q01,做空,537,-0.0004011178116919061,0.23786693900052436
修正前,2025-06-17,Q01,做空,139,0.0008837657416550938,0.23896092339394048
修正前,2025-06-18,Q01,做空,114,0.0031863461050594005,0.24290868170651758
修正前,2025-06-19,Q01,做空,34,-0.00026030345222405977,0.24258514828587008
修正前,2025-06-20,Q01,做空,18,0.0005035832877587785,0.243210893400164
修正前,2025-06-23,Q01,做空,68,-0.0011470647657059838,0.24178484998800265
修正前,2025-06-24,Q01,做空,507,-0.00026111922496673744,0.24146059609039838
修正前,2025-06-25,Q01,做空,590,-0.0016017510188988636,0.23947208531568775
修正前,2025-06-26,Q01,做空,918,0.0003100720969919196,0.23985641102434463
修正前,2025-06-27,Q01,做空,280,-0.0013781304819401286,0.238147727111083
修正前,2025-06-30,Q01,做空,1,0.0003682193346321583,0.2386036370433362
修正前,2025-07-01,Q01,做空,207,0.0002574551167109405,0.2389225218872697
修正前,2025-07-02,Q01,做空,214,-0.0009745927360437856,0.23771507699691719
修正前,2025-07-03,Q01,做空,217,-0.000054858733437448947,0.23764717751543674
修正前,2025-07-07,Q01,做空,10,0.0018316521309316158,0.23991411660547435
修正前,2025-07-08,Q01,做空,130,-0.0006723613639993486,0.23908044625879143
修正前,2025-07-09,Q01,做空,451,-0.00030696957839242215,0.2387000862566091
修正前,2025-07-10,Q01,做空,76,-0.0009153790750994966,0.23756620611732582
修正前,2025-07-14,Q01,做空,271,0.0003231657089878602,0.23796614507774527
修正前,2025-07-15,Q01,做空,310,0.001224583368563007,0.2394821378298515
修正前,2025-07-16,Q01,做空,745,0.00046941605949346225,0.2400639706508041
修正前,2025-07-17,Q01,做空,394,-0.001133963251252999,0.23865778367888324
修正前,2025-07-18,Q01,做空,146,-0.00752483281553707,0.22933709094103594
修正前,2025-07-21,Q01,做空,353,-0.0007687548579177034,0.22839203208035652
修正前,2025-07-22,Q01,做空,275,-0.0007716641919713848,0.22744412593549712
修正前,2025-07-23,Q01,做空,514,-0.0017911758176761123,0.22524555769957288
修正前,2025-07-24,Q01,做空,216,-0.001344710030901263,0.2235979577078171
修正前,2025-07-25,Q01,做空,22,0.0018271064096056348,0.22583360137912534
修正前,2025-07-28,Q01,做空,13,0.00026741780689357815,0.2261614111124226
修正前,2025-07-29,Q01,做空,245,0.00016418013940577167,0.22636272246383293
修正前,2025-07-30,Q01,做空,306,-0.001272486713335882,0.2248021921937673
修正前,2025-08-01,Q01,做空,7,-0.000015016718992098634,0.22478379968342632
修正前,2025-08-04,Q01,做空,1,0.0007236937526613474,0.22567016806761808
修正前,2025-08-05,Q01,做空,414,-0.0014094886196048082,0.22394259991433763
修正前,2025-08-06,Q01,做空,217,-0.0005559915279921827,0.22326209819803666
修正前,2025-08-07,Q01,做空,160,0.003990315319379078,0.22814329968809188
修正前,2025-08-12,Q01,做空,170,-0.0038465200750044245,0.2234192218308595
修正前,2025-08-13,Q01,做空,131,0.000582707754038261,0.2241321176978599
修正前,2025-08-14,Q01,做空,486,0.0010440653662123094,0.22541019164561638
修正前,2025-08-15,Q01,做空,3,0.0006352242392798265,0.2261886019024102
修正前,2025-08-18,Q01,做空,72,-0.0017574756552170988,0.22403360528586203
修正前,2025-08-19,Q01,做空,480,0.0025369664849601275,0.2271389375189372
修正前,2025-08-20,Q01,做空,66,0.0043337965652233724,0.23245710803140884
修正前,2025-08-21,Q01,做空,527,0.000014670599081946282,0.23247518891552654
修正前,2025-08-22,Q01,做空,63,-0.00321833094483101,0.2285086758763033
修正前,2025-08-25,Q01,做空,754,-0.00044709995247817593,0.22795940970570006
修正前,2025-08-26,Q01,做空,560,0.000082763067387402,0.22806103939307465
修正前,2025-08-27,Q01,做空,1129,-0.000015975900981016376,0.22804142001151062
修正前,2025-08-28,Q01,做空,310,-0.0003427637815958963,0.227620491890431
修正前,2025-08-29,Q01,做空,132,-0.0007492763095962636,0.22670066493868246
修正前,2025-09-01,Q01,做空,197,0.0001985983722748679,0.2269442856940076
修正前,2025-09-02,Q01,做空,237,0.0021411092056183513,0.22957130739888787
修正前,2025-09-03,Q01,做空,44,0.00832290727306496,0.23980491537599025
修正前,2025-09-04,Q01,做空,9,0.010658341822110944,0.2530191799568009
修正前,2025-09-05,Q01,做空,595,-0.002218104661183095,0.2502398522731868
修正前,2025-09-08,Q01,做空,537,0.001712948362436991,0.2523814485807916
修正前,2025-09-10,Q01,做空,203,0.0037882964874271807,0.2571258408233692
修正前,2025-09-11,Q01,做空,16,-0.004436122595507186,0.2515490764754966
修正前,2025-09-12,Q01,做空,184,0.00036375171135739,0.2520043295939125
修正前,2025-09-15,Q01,做空,66,0.0022439347116177846,0.25481374556818426
修正前,2025-09-16,Q01,做空,1269,0.0012619269632426601,0.2563972288675642
修正前,2025-09-17,Q01,做空,659,0.0002895260529340415,0.25676098859815566
修正前,2025-09-18,Q01,做空,320,-0.0019043466256107422,0.2543676800503194
修正前,2025-09-19,Q01,做空,250,0.0016525055948004592,0.25644052965953934
修正前,2025-09-22,Q01,做空,91,0.000861700751196982,0.2575232054077814
修正前,2025-09-23,Q01,做空,600,0.0020383782099997914,0.2600865133082537
修正前,2025-09-24,Q01,做空,531,-0.003412930932127377,0.25578592506982756
修正前,2025-09-25,Q01,做空,1481,0.00012965811213055075,0.2559487479021123
修正前,2025-09-26,Q01,做空,114,0.0038055700712759156,0.2607283488681851
修正前,2025-09-29,Q01,做空,47,-0.005636316678221114,0.25362248464875314
修正前,2025-09-30,Q01,做空,564,0.0002288695139549231,0.2539094006174978
修正前,2025-10-09,Q01,做空,324,-0.003066859520385836,0.2500638366345127
修正前,2025-10-10,Q01,做空,51,0.004390995624799318,0.2555528614718947
修正前,2025-10-13,Q01,做空,7,0.002836057766606765,0.2591136819160573
修正前,2025-10-14,Q01,做空,317,0.004056831964248528,0.2642216945474769
修正前,2025-10-15,Q01,做空,619,-0.0014364833800571488,0.26240566109455177
修正前,2025-10-16,Q01,做空,1234,0.000967678310850467,0.26362726367228784
修正前,2025-10-17,Q01,做空,456,0.0038061300220250446,0.2684367933372005
修正前,2025-10-20,Q01,做空,50,0.0011134439372108317,0.26984912659447713
修正前,2025-10-21,Q01,做空,280,0.0024402156796246087,0.2729478323439505
修正前,2025-10-22,Q01,做空,501,0.001766368449242003,0.27519632723253373
修正前,2025-10-23,Q01,做空,564,0.0015810178604476167,0.27721243540146556
修正前,2025-10-24,Q01,做空,298,-0.003306407579510893,0.2729894505244086
修正前,2025-10-27,Q01,做空,1116,0.00020501732276533008,0.2732504354134635
修正前,2025-10-28,Q01,做空,666,0.0002824940820546517,0.27361012112644145
修正前,2025-10-29,Q01,做空,947,0.00009293471060626513,0.27372848371447356
修正前,2025-10-30,Q01,做空,671,0.0014965065539398446,0.2756346267382921
修正前,2025-10-31,Q01,做空,15,0.005807756384213766,0.2830432018856557
修正前,2025-11-03,Q01,做空,2,0.003120218520052731,0.28704657704620695
修正前,2025-11-04,Q01,做空,89,0.000969930247745733,0.28829492245154165
修正前,2025-11-05,Q01,做空,153,-0.0010393111210611644,0.28695598321143123
修正前,2025-11-06,Q01,做空,427,-0.0035305306174733663,0.2824123457093628
修正前,2025-11-07,Q01,做空,38,-0.0023146676486296776,0.2794439873405461
修正前,2025-11-10,Q01,做空,79,-0.0032904747264943073,0.27523400923623687
修正前,2025-11-11,Q01,做空,5,0.011340494826436042,0.2896957939204756
修正前,2025-11-12,Q01,做空,23,-0.0010155590685114832,0.28838603166133847
修正前,2025-11-13,Q01,做空,16,-0.003510624221235048,0.2838629924522873
修正前,2025-11-14,Q01,做空,26,0.0014205425899350443,0.2856867745127072
修正前,2025-11-17,Q01,做空,39,-0.0013094265903838766,0.2840032620632553
修正前,2025-11-18,Q01,做空,120,0.001596329609856184,0.28605295448963886
修正前,2025-11-19,Q01,做空,482,-0.0005295473310904538,0.28537192857994786
修正前,2025-11-20,Q01,做空,818,0.0038417726437953155,0.29031003529226873
修正前,2025-11-21,Q01,做空,434,0.001574685275179459,0.2923418675052598
修正前,2025-11-24,Q01,做空,279,0.0009014338133362723,0.2935068281630191
修正前,2025-11-25,Q01,做空,477,0.0005648008313382545,0.29423740189490744
修正前,2025-11-26,Q01,做空,1559,0.0004444368721886674,0.29481260871767523
修正前,2025-11-27,Q01,做空,362,-0.0010650166813777797,0.2934336116901326
修正前,2025-11-28,Q01,做空,3,-0.0007959336314039925,0.2924041243786002
修正前,2025-12-01,Q01,做空,93,0.0006618981752845068,0.2932595643102567
修正前,2025-12-02,Q01,做空,34,0.0008034466023031307,0.2942986293130976
修正前,2025-12-03,Q01,做空,23,0.00047213333187834866,0.2949097108374008
修正前,2025-12-04,Q01,做空,27,-0.000901559187763336,0.29374227309027146
修正前,2025-12-05,Q01,做空,193,-0.0016446005014058474,0.2916145838992572
修正前,2025-12-08,Q01,做空,246,-0.0009781195780660932,0.2903512303874298
修正前,2025-12-09,Q01,做空,16,0.0025195578673447017,0.2936023449815903
修正前,2025-12-10,Q01,做空,196,-0.0033159068886134823,0.2893128800547393
修正前,2025-12-11,Q01,做空,209,0.001964749677827232,0.2918460571204453
修正前,2025-12-12,Q01,做空,86,-0.0008888787947081403,0.29069776255424373
修正前,2025-12-15,Q01,做空,89,0.0014850307804378001,0.2926144884598789
修正前,2025-12-16,Q01,做空,187,-0.00016667177211751607,0.2923990461124226
修正前,2025-12-17,Q01,做空,750,-0.0023554244125746967,0.28935489784842106
修正前,2025-12-18,Q01,做空,1271,0.0001620153423005906,0.28956379312354286
修正前,2025-12-19,Q01,做空,124,0.0001446864974739935,0.289750375592039
修正前,2025-12-22,Q01,做空,168,0.000556070317489208,0.2904675674928763
修正前,2025-12-23,Q01,做空,149,0.0005209564761943871,0.2911398449294804
修正前,2025-12-24,Q01,做空,509,-0.001592614424986946,0.28908355698777033
修正前,2025-12-25,Q01,做空,608,-0.0018026764959281057,0.2867597563583011
修正前,2025-12-26,Q01,做空,80,-0.002261253865526669,0.28385006588523165
修正前,2025-12-29,Q01,做空,2,0.004150012973695993,0.28917806031493587
修正前,2025-12-30,Q01,做空,81,0.0003315450541979064,0.28960548092481364
修正前,2025-12-31,Q01,做空,87,0.001226194508071994,0.29118678808310317
修正前,2026-01-05,Q01,做空,5,-0.011144180689007044,0.27679756921344634
修正前,2026-01-06,Q01,做空,38,0.0008943138791916059,0.2779394270005122
修正前,2026-01-07,Q01,做空,137,0.0009367523728469413,0.27913653979110964
修正前,2026-01-08,Q01,做空,44,-0.001620694510620524,0.27706345022273604
修正前,2026-01-09,Q01,做空,84,-0.003790983900953073,0.272222123242446
修正前,2026-01-12,Q01,做空,7,-0.003680485234196697,0.2675397285032337
修正前,2026-01-13,Q01,做空,3,-0.0014619424085443218,0.26568665841962
修正前,2026-01-14,Q01,做空,164,-0.008915094665475985,0.2544029420429792
修正前,2026-01-15,Q01,做空,16,0.0011433127428972512,0.2558371169113447
修正前,2026-01-16,Q01,做空,494,0.00047295843383975665,0.2564310756673167
修正前,2026-01-20,Q01,做空,62,0.007143247519355012,0.2654060738318178
修正前,2026-01-21,Q01,做空,238,-0.0015698762183871753,0.26341954292990644
修正前,2026-01-22,Q01,做空,495,-0.0010993317600492226,0.26203062570009683
修正前,2026-01-23,Q01,做空,16,-0.0009807206051846151,0.2607929262610986
修正前,2026-01-26,Q01,做空,43,0.002110863822582719,0.2634542884369113
修正前,2026-01-27,Q01,做空,64,-0.006439367383109129,0.25531844210190124
修正前,2026-01-28,Q01,做空,733,-0.0005369795135625858,0.2546443618154952
修正前,2026-01-29,Q01,做空,184,-0.0007987585365160909,0.2536422039212032
修正前,2026-01-30,Q01,做空,231,-0.0012119833309397663,0.25212281046708807
修正前,2026-02-02,Q01,做空,12,0.008818511618301272,0.2631646700187322
修正前,2026-02-03,Q01,做空,16,-0.001938574134328519,0.2607159316620362
修正前,2026-02-04,Q01,做空,704,-0.001442000887524583,0.2588979781696632
修正前,2026-02-05,Q01,做空,271,0.0028982571193376405,0.26254658819741317
修正前,2026-02-06,Q01,做空,23,0.0031109342741294076,0.26647428765132153
修正前,2026-02-09,Q01,做空,7,0.0030726453488958733,0.2703657139807696
修正前,2026-02-10,Q01,做空,42,0.001317068307755454,0.2720388724019127
修正前,2026-02-11,Q01,做空,73,-0.001085749161525387,0.27065775726277463
修正前,2026-02-12,Q01,做空,178,-0.0012514106398320815,0.269067642625751
修正前,2026-02-13,Q01,做空,10,0.0025986450258642436,0.27236549894274553
修正前,2026-02-24,Q01,做空,166,0.0019408801973298407,0.274835007943409
修正前,2026-02-25,Q01,做空,159,-0.0013169273076053276,0.273156142908757
修正前,2026-02-26,Q01,做空,199,-0.00045493109243566253,0.2725769445938224
修正前,2026-02-27,Q01,做空,20,0.0006189263687701896,0.2733645760211205
修正前,2026-03-02,Q01,做空,2,-0.004140003817155957,0.268092841815762
修正前,2026-03-03,Q01,做空,51,0.009634050924111815,0.2803097128303167
修正前,2026-03-04,Q01,做空,34,0.0015819382456624333,0.28233508373133587
修正前,2026-03-05,Q01,做空,616,0.0015404320713544137,0.28431043382053844
修正前,2026-03-06,Q01,做空,205,-0.00008661722779989515,0.2841991904111265
修正前,2026-03-09,Q01,做空,911,-0.0040767553497335724,0.27896382449149426
修正前,2026-03-10,Q01,做空,728,-0.0007784657973388676,0.2779681948980939
修正前,2026-03-11,Q01,做空,985,0.00023229087529230336,0.2782650552486825
修正前,2026-03-12,Q01,做空,99,0.002223714678565915,0.28110755201513693
修正前,2026-03-13,Q01,做空,49,-0.0007428188071163295,0.2801559212315612
修正前,2026-03-16,Q01,做空,283,-0.006091098263190258,0.272358365723135
修正前,2026-03-17,Q01,做空,87,0.00017907174140878622,0.2725862091513811
修正前,2026-03-18,Q01,做空,267,0.0003413932335094073,0.2730206614722428
修正前,2026-03-19,Q01,做空,512,0.0020397470341926294,0.27561730159094666
修正前,2026-03-20,Q01,做空,410,0.003467771296549827,0.280040850654786
修正前,2026-03-23,Q01,做空,1029,0.005508409780096054,0.2870918401954554
修正前,2026-03-24,Q01,做空,821,0.0011111115857820506,0.28852194285106214
修正前,2026-03-25,Q01,做空,946,0.0003226114556279771,0.28893763479065404
修正前,2026-03-26,Q01,做空,459,0.0017567042437934826,0.2912019170036757
修正前,2026-03-27,Q01,做空,189,-0.0013418771597773433,0.28946928264258776
修正前,2026-03-30,Q01,做空,19,-0.0015267717841963627,0.28750055732526114
修正前,2026-03-31,Q01,做空,442,0.004661643798281313,0.29350242631360035
修正前,2026-04-01,Q01,做空,86,-0.003498112395179707,0.2889776094429177
修正前,2026-04-03,Q01,做空,28,0.005082904760326658,0.2955293598699096
修正前,2026-04-07,Q01,做空,540,-0.0001101668559284816,0.2953866354735697
修正前,2026-04-08,Q01,做空,160,-4.008420569334703e-6,0.2953814430191348
修正前,2026-04-09,Q01,做空,378,0.0006499245334727299,0.29622334319915833
修正前,2026-04-10,Q01,做空,75,0.0018249413815404599,0.2985888748178813
修正前,2026-04-13,Q01,做空,128,-0.00008358889296289362,0.29848032721142137
修正前,2026-04-14,Q01,做空,435,-0.004984879729801477,0.2920075589487592
修正前,2026-04-15,Q01,做空,574,-0.0008178748239991044,0.2909508584938785
修正前,2026-04-16,Q01,做空,334,-0.00258552945870941,0.2876130670194963
修正前,2026-04-17,Q01,做空,349,-0.0012345125829638932,0.2860234924862719
修正前,2026-04-20,Q01,做空,449,0.0018174150033492516,0.288360730876176
修正前,2026-04-21,Q01,做空,336,-0.0003180708276074386,0.28795094091224915
修正前,2026-04-22,Q01,做空,393,-0.0009881555537591968,0.28667824503701733
修正前,2026-04-23,Q01,做空,44,0.0022703498834744096,0.28959945484070615
修正前,2026-04-24,Q01,做空,66,-0.004120618814891769,0.2842855070634154
修正前,2026-04-27,Q01,做空,263,0.00045936871096335783,0.2848754676413039
修正前,2026-04-28,Q01,做空,1,0.0020373521838337183,0.28749321148125717
修正前,2026-04-30,Q01,做空,336,0.0012651888532673183,0.2891221335410805
修正前,2026-05-06,Q01,做空,233,0.0008097835675217566,0.29016604346135066
修正前,2026-05-07,Q01,做空,588,0.0007454168344060124,0.29112775494932586
修正前,2026-05-08,Q01,做空,52,0.0017382011193638812,0.2933719946582205
修正前,2026-05-11,Q01,做空,243,-0.002895588937590144,0.28962692101829934
修正前,2026-05-12,Q01,做空,314,0.0014070877584408722,0.2914415392718199
修正前,2026-05-13,Q01,做空,277,-0.0005894356453271174,0.290680317594717
修正前,2026-05-14,Q01,做空,124,0.003369053353678957,0.29502868844723706
修正前,2026-05-15,Q01,做空,244,-0.001963497580901708,0.29248590275027264
修正前,2026-05-18,Q01,做空,16,-0.0007185288513937849,0.29155721433912674
修正前,2026-05-19,Q01,做空,123,-0.002277501461610039,0.2886156908957165
修正前,2026-05-20,Q01,做空,928,-0.001861319861342085,0.2862171649166152
修正前,2026-05-21,Q01,做空,256,0.0024654539243371687,0.2893882740734086
修正前,2026-05-22,Q01,做空,195,-0.0008073701098253831,0.2883472605209625
修正前,2026-05-25,Q01,做空,634,0.0003868280692049752,0.28884562940421543
修正前,2026-05-26,Q01,做空,518,0.0005789326720775067,0.289591784248342
修正前,2026-05-27,Q01,做空,681,0.0028885975239230496,0.2933168958831931
修正前,2026-05-28,Q01,做空,20,-0.00022710005432600156,0.2930231835458772
修正前,2026-05-29,Q01,做空,225,0.0023654155554767285,0.29608172069782857
修正前,2026-06-02,Q01,做空,3,0.006078348029404879,0.3039597564707799
修正前,2026-06-03,Q01,做空,78,-0.002938753536839683,0.3001277401245548
修正前,2026-06-04,Q01,做空,22,0.0033368993317708373,0.30446613551179325
修正前,2026-06-05,Q01,做空,33,-0.0009620040690413479,0.3032112337815043
修正前,2026-06-08,Q01,做空,376,0.002670691469957285,0.30669170890711706
修正前,2026-06-09,Q01,做空,1237,-0.0018572662596420429,0.3042648344844099
修正前,2026-06-10,Q01,做空,654,-0.0006274311207665187,0.3034464981375331
修正前,2026-06-11,Q01,做空,154,-0.005143464060869542,0.2967422679190965
修正前,2026-06-12,Q01,做空,135,-0.005610016521623712,0.28946752237178264
修正前,2026-06-15,Q01,做空,809,-0.002479559877524542,0.2862702104399386
修正前,2026-06-16,Q01,做空,475,-0.0012052822067083692,0.2847198918422764
修正前,2026-06-17,Q01,做空,695,-0.0007479713661968875,0.28375895814959495
修正前,2026-06-18,Q01,做空,214,-0.003457395672093953,0.27932049548367677
修正前,2026-06-22,Q01,做空,109,0.002445511452022218,0.282449088406189
修正前,2026-06-23,Q01,做空,45,0.005935930357211166,0.290061616881637
修正前,2026-06-24,Q01,做空,161,0.0003866712347263042,0.29056044659990965
修正前,2026-06-25,Q01,做空,963,-0.0005003839253779879,0.2899146708977025
修正前,2026-06-26,Q01,做空,609,0.00023147893858394334,0.2902132589765858
修正前,2026-06-29,Q01,做空,53,0.0013721620324638865,0.2919836406243348
修正前,2026-06-30,Q01,做空,318,0.000030421733983141463,0.29202294500696024
修正前,2024-02-01,Q02,做空,174,0.002043223316152647,0.002043223316152698
修正前,2024-02-02,Q02,做空,183,0.005213240767510091,0.007267115898751619
修正前,2024-02-05,Q02,做空,175,-0.008968665368988046,-0.001766725800929958
修正前,2024-02-06,Q02,做空,111,-0.014009201696230652,-0.015751177079073475
修正前,2024-02-07,Q02,做空,281,-0.00001620183975578309,-0.01576712372078226
修正前,2024-02-08,Q02,做空,190,-0.00010905251455321712,-0.015874456790846425
修正前,2024-02-19,Q02,做空,158,0.003299748752880665,-0.012627089756963916
修正前,2024-02-20,Q02,做空,287,-0.0003458908614679199,-0.01296861302347796
修正前,2024-02-21,Q02,做空,137,-0.008598100470700198,-0.021455208056436637
修正前,2024-02-22,Q02,做空,386,0.0003290742604643887,-0.021133194152696433
修正前,2024-02-23,Q02,做空,351,0.0004755658833722105,-0.02066767849547002
修正前,2024-02-26,Q02,做空,156,-0.0026159359053846668,-0.023229549078597422
修正前,2024-02-27,Q02,做空,151,-0.0003882231519327018,-0.02360875398176876
修正前,2024-02-28,Q02,做空,263,0.0020193155438882897,-0.021637111961767652
修正前,2024-02-29,Q02,做空,6,-0.0005297744937706739,-0.02215542366550216
修正前,2024-03-01,Q02,做空,54,-0.0010707786110557478,-0.02320247872277803
修正前,2024-03-04,Q02,做空,145,0.0031694841768104857,-0.02010653443514221
修正前,2024-03-05,Q02,做空,312,0.0008774797118535505,-0.01924669779933119
修正前,2024-03-06,Q02,做空,308,-0.0017392188516145348,-0.020952442431301788
修正前,2024-03-07,Q02,做空,257,0.0019109989880093379,-0.01908148353957506
修正前,2024-03-08,Q02,做空,306,-0.0008409989076503705,-0.01990643494041222
修正前,2024-03-11,Q02,做空,171,-0.0008990784357039786,-0.020787615929729553
修正前,2024-03-12,Q02,做空,195,0.0010378712757814449,-0.01977131952341349
修正前,2024-03-13,Q02,做空,266,-0.0006475256442972476,-0.020406042731297758
修正前,2024-03-14,Q02,做空,197,0.003001088906411344,-0.017466194173351046
修正前,2024-03-15,Q02,做空,368,-0.0012821198418291517,-0.01872592026106934
修正前,2024-03-18,Q02,做空,314,-0.0009721983126368355,-0.019679913265625792
修正前,2024-03-19,Q02,做空,433,0.000881394095878562,-0.01881586492910703
修正前,2024-03-20,Q02,做空,295,-0.00035099033501849637,-0.01916025107739039
修正前,2024-03-21,Q02,做空,328,0.001751055043092581,-0.017442746688573818
修正前,2024-03-22,Q02,做空,421,0.00022538031200357634,-0.01722129762826108
修正前,2024-03-25,Q02,做空,380,0.001763168345525245,-0.015488493329582798
修正前,2024-03-26,Q02,做空,376,0.0005581001704198802,-0.014939037289929735
修正前,2024-03-27,Q02,做空,435,0.0009235315567789728,-0.014029302405515809
修正前,2024-03-28,Q02,做空,78,-0.0007171517093247997,-0.014736392976639867
修正前,2024-03-29,Q02,做空,227,-0.00022842848553842278,-0.014961455250248279
修正前,2024-04-01,Q02,做空,151,-0.000056532218974062075,-0.015017141664957934
修正前,2024-04-02,Q02,做空,194,0.0021680353320991026,-0.012881664026575534
修正前,2024-04-03,Q02,做空,114,0.0021616217663425856,-0.010747887545579649
修正前,2024-04-08,Q02,做空,286,0.0009939115983530694,-0.009764658397315995
修正前,2024-04-09,Q02,做空,587,-0.0003856352909624888,-0.010146528091396267
修正前,2024-04-10,Q02,做空,505,0.0014161309479772675,-0.00874476595586382
修正前,2024-04-11,Q02,做空,258,-0.0002909440073106156,-0.009033165725924275
修正前,2024-04-12,Q02,做空,414,-0.00003131621458787293,-0.00906419905595579
修正前,2024-04-15,Q02,做空,55,0.0009416383130221882,-0.008131095940041466
修正前,2024-04-16,Q02,做空,207,0.002347323988046349,-0.00580285826854432
修正前,2024-04-17,Q02,做空,259,-0.0023949910676397622,-0.008183951542464096
修正前,2024-04-18,Q02,做空,249,-0.0020512963481991737,-0.010218460180750455
修正前,2024-04-19,Q02,做空,173,0.001898735274615929,-0.00833912705693185
修正前,2024-04-22,Q02,做空,495,0.0008033789303024403,-0.007542447605604186
修正前,2024-04-23,Q02,做空,189,0.0019120114370250443,-0.0056448574146642505
修正前,2024-04-24,Q02,做空,681,-0.0008052425280889198,-0.006445554463497816
修正前,2024-04-25,Q02,做空,587,-0.00032127208501918423,-0.006764755771795472
修正前,2024-04-26,Q02,做空,170,-0.0024909576686588802,-0.009238862720188035
修正前,2024-04-29,Q02,做空,138,-0.0028755391423950696,-0.012087835151199933
修正前,2024-04-30,Q02,做空,89,0.0014735494810287327,-0.010632097693385023
修正前,2024-05-06,Q02,做空,253,-0.0010493737724246162,-0.011670314421344363
修正前,2024-05-07,Q02,做空,253,0.0010097494389778537,-0.010672349075806165
修正前,2024-05-08,Q02,做空,91,0.0011912526563289678,-0.009493809883663107
修正前,2024-05-09,Q02,做空,390,-0.0010317320459692452,-0.010515746861737063
修正前,2024-05-10,Q02,做空,298,0.0019733502862399957,-0.008563147827576723
修正前,2024-05-13,Q02,做空,68,-0.0012776772705632646,-0.009829884158796265
修正前,2024-05-14,Q02,做空,358,0.0005696886342247121,-0.009265795497852447
修正前,2024-05-15,Q02,做空,487,0.0009482089462051205,-0.008326372461831988
修正前,2024-05-16,Q02,做空,501,-0.000050898648573012705,-0.008376847309299107
修正前,2024-05-17,Q02,做空,604,-0.0011522692094927723,-0.009519464135564704
修正前,2024-05-20,Q02,做空,301,0.00018621161834865134,-0.009335025152038545
修正前,2024-05-21,Q02,做空,81,0.0015177853643246724,-0.007831408352265257
修正前,2024-05-22,Q02,做空,500,0.0004045315806870349,-0.007430044823577897
修正前,2024-05-23,Q02,做空,355,0.001016357299266301,-0.006421239104601906
修正前,2024-05-24,Q02,做空,765,0.0018350379340262364,-0.004597984387916143
修正前,2024-05-27,Q02,做空,403,-0.0021680754277708988,-0.006756091038718326
修正前,2024-05-28,Q02,做空,466,0.000012660460097439459,-0.006743516113841941
修正前,2024-05-29,Q02,做空,249,0.00028996707111350205,-0.006455504440345039
修正前,2024-05-30,Q02,做空,127,0.0003974115420497246,-0.006060658390269591
修正前,2024-05-31,Q02,做空,67,-0.00010834230434100853,-0.006168344068914755
修正前,2024-06-03,Q02,做空,3,0.000950085154424111,-0.005224119366617819
修正前,2024-06-04,Q02,做空,175,0.00042043249663298153,-0.004805883259532795
修正前,2024-06-05,Q02,做空,360,0.0005765785762277017,-0.004232075652632394
修正前,2024-06-06,Q02,做空,174,0.0002068764867450729,-0.004026074682829894
修正前,2024-06-07,Q02,做空,459,0.0012999479315711098,-0.0027313604387150248
修正前,2024-06-11,Q02,做空,222,-0.001560554491571803,-0.0042876524934860605
修正前,2024-06-12,Q02,做空,657,0.000012981359665445087,-0.004274726793379813
修正前,2024-06-13,Q02,做空,188,0.0007610474693602226,-0.003516932594027855
修正前,2024-06-14,Q02,做空,348,-0.0020403969393064264,-0.005550153594833684
修正前,2024-06-17,Q02,做空,386,0.0008629304515869674,-0.004692012539794677
修正前,2024-06-18,Q02,做空,51,-0.0020909148574277175,-0.006773116798491685
修正前,2024-06-19,Q02,做空,178,0.002244525165163017,-0.004543794064429396
修正前,2024-06-20,Q02,做空,403,0.0005276547135892394,-0.004018536905195824
修正前,2024-06-21,Q02,做空,661,0.00012605319062540055,-0.003892990263969054
修正前,2024-06-24,Q02,做空,354,0.0013947202215054385,-0.002503699674706872
修正前,2024-06-25,Q02,做空,416,0.0016287292983091762,-0.0008790482254119603
修正前,2024-06-26,Q02,做空,380,-0.002229558279730937,-0.00310664661589366
修正前,2024-06-27,Q02,做空,324,0.0007758017664507209,-0.0023332549913752665
修正前,2024-06-28,Q02,做空,33,0.007906021585575107,0.005554319829873311
修正前,2024-07-01,Q02,做空,13,0.0017417900112027733,0.007305784299874718
修正前,2024-07-02,Q02,做空,401,0.0006062012930522456,0.007916414368816405
修正前,2024-07-03,Q02,做空,390,0.0013236471978206492,0.009250540106333194
修正前,2024-07-04,Q02,做空,61,0.0029735224625404896,0.01225156925767057
修正前,2024-07-05,Q02,做空,450,-0.0004959442664888532,0.01174954889565294
修正前,2024-07-08,Q02,做空,361,0.001445927050763127,0.01321246493699868
修正前,2024-07-09,Q02,做空,252,-0.0043547664260716245,0.008800161312213728
修正前,2024-07-10,Q02,做空,453,0.0011306849094161072,0.009940796431225918
修正前,2024-07-11,Q02,做空,353,-0.0029124082952631286,0.006999436477974852
修正前,2024-07-12,Q02,做空,190,0.0021187407518338756,0.009133007221114653
修正前,2024-07-15,Q02,做空,124,0.0009660771526297697,0.010107907563355667
修正前,2024-07-16,Q02,做空,558,-0.00003529204248049502,0.010072258792171995
修正前,2024-07-17,Q02,做空,642,0.0000568815490153489,0.010129713266869622
修正前,2024-07-18,Q02,做空,328,-0.002700039623472016,0.007402323016202583
修正前,2024-07-19,Q02,做空,384,-0.0006707306792179679,0.006726627371840266
修正前,2024-07-22,Q02,做空,196,0.001863222417248798,0.008602382992000779
修正前,2024-07-23,Q02,做空,83,0.0037167560259554907,0.012351111976779405
修正前,2024-07-24,Q02,做空,215,0.0021610434466755005,0.01453884671305139
修正前,2024-07-25,Q02,做空,431,-4.461021821288469e-6,0.014534320833117675
修正前,2024-07-26,Q02,做空,761,0.000645307402942278,0.015189007340890237
修正前,2024-07-29,Q02,做空,326,0.00014270143995200429,0.015333876274061131
修正前,2024-07-30,Q02,做空,225,-0.0027670838537192646,0.012524362298889091
修正前,2024-07-31,Q02,做空,118,-0.004012573971075175,0.008461533397649212
修正前,2024-08-01,Q02,做空,211,0.001733992781832299,0.010210198417316185
修正前,2024-08-02,Q02,做空,95,0.0013756761363382746,0.01159992047996461
修正前,2024-08-05,Q02,做空,142,0.007687126797899394,0.019376217337438995
修正前,2024-08-06,Q02,做空,320,0.0014955844789710682,0.020900780586321055
修正前,2024-08-07,Q02,做空,562,0.0004930865966457127,0.021404173077733235
修正前,2024-08-08,Q02,做空,510,-0.0024174622880273806,0.01893496700848396
修正前,2024-08-09,Q02,做空,321,0.002577653884706544,0.021561428684456763
修正前,2024-08-13,Q02,做空,172,0.0014580778758055775,0.023050944802397888
修正前,2024-08-14,Q02,做空,747,0.0006161661026605849,0.023681314115880037
修正前,2024-08-15,Q02,做空,548,-0.00037533486239976646,0.023297090830705303
修正前,2024-08-16,Q02,做空,696,-0.0005625128946142457,0.02272147302209171
修正前,2024-08-19,Q02,做空,314,0.0008669491806613455,0.02360812056517303
修正前,2024-08-20,Q02,做空,97,0.0022311153270024565,0.0258919083318101
修正前,2024-08-21,Q02,做空,772,-0.0002131382347111876,0.025673251541463715
修正前,2024-08-22,Q02,做空,758,0.0011190602488371625,0.026821041705559212
修正前,2024-08-23,Q02,做空,653,-0.0006452645384078128,0.02615847050005571
修正前,2024-08-26,Q02,做空,409,0.0018233569641928455,0.02802952369360745
修正前,2024-08-27,Q02,做空,195,0.00028066184703418864,0.028318052358532908
修正前,2024-08-28,Q02,做空,266,-0.0002276422641908792,0.02808396370878552
修正前,2024-08-29,Q02,做空,152,-0.005098855385648149,0.022841912253530605
修正前,2024-08-30,Q02,做空,127,-0.004823818110758219,0.017907908912759396
修正前,2024-09-02,Q02,做空,143,0.0008667354797415265,0.018790165812523574
修正前,2024-09-03,Q02,做空,249,0.0009510888431471843,0.019759125772735864
修正前,2024-09-04,Q02,做空,227,0.0017711413626908838,0.021565263340373342
修正前,2024-09-05,Q02,做空,717,-0.00025416605737012575,0.02130561612504378
修正前,2024-09-06,Q02,做空,346,0.0013552441392213341,0.022689734575650933
修正前,2024-09-09,Q02,做空,187,0.0017184466818882336,0.02444717235663374
修正前,2024-09-10,Q02,做空,459,-0.00018969344422903445,0.0242528414440788
修正前,2024-09-11,Q02,做空,714,-0.0006341289188420982,0.023603333097113044
修正前,2024-09-12,Q02,做空,497,0.0022075164721114208,0.025862954315833075
修正前,2024-09-13,Q02,做空,315,0.0015232312106476572,0.027425580785694237
修正前,2024-09-18,Q02,做空,271,-0.0005517879643443563,0.026858659715957023
修正前,2024-09-19,Q02,做空,479,-0.0035265666487559774,0.02323737421361649
修正前,2024-09-20,Q02,做空,425,0.0009081281271424172,0.02416660485388311
修正前,2024-09-23,Q02,做空,580,-0.0014494634724040475,0.02268211277049126
修正前,2024-09-24,Q02,做空,185,-0.003461589874712297,0.01914200672387545
修正前,2024-09-25,Q02,做空,343,0.001553996060619371,0.02072574938753613
修正前,2024-09-26,Q02,做空,413,-0.006876209455399355,0.013707025338227874
修正前,2024-09-27,Q02,做空,458,-0.006928325348852561,0.006683733258266988
修正前,2024-09-30,Q02,做空,381,-0.01123094893528272,-0.0046222803439364135
修正前,2024-10-08,Q02,做空,188,0.017936047424185784,0.01323086164079279
修正前,2024-10-09,Q02,做空,82,0.013625449208519989,0.0270365872825844
修正前,2024-10-10,Q02,做空,291,0.001122835378384192,0.028189780297680045
修正前,2024-10-11,Q02,做空,182,0.0065816586119891015,0.034956974419935394
修正前,2024-10-14,Q02,做空,157,0.0014579277482364998,0.03646586691117304
修正前,2024-10-15,Q02,做空,313,0.0042907528531999466,0.04091308578686648
修正前,2024-10-16,Q02,做空,319,0.0012308696750323376,0.04219431413850572
修正前,2024-10-17,Q02,做空,562,0.0031398895325085202,0.04546668915630914
修正前,2024-10-18,Q02,做空,383,-0.007384343864350621,0.037746603624854824
修正前,2024-10-21,Q02,做空,434,0.0008029547784079005,0.038579867219011854
修正前,2024-10-22,Q02,做空,548,0.00029886387241223573,0.038890261219938216
修正前,2024-10-23,Q02,做空,264,0.0009526214102648241,0.03987993032569204
修正前,2024-10-24,Q02,做空,237,0.0007226674242701847,0.04063141767649081
修正前,2024-10-25,Q02,做空,362,-0.0014673886601671638,0.03910440693477857
修正前,2024-10-28,Q02,做空,190,-0.002447760082271232,0.03656092864617144
修正前,2024-10-29,Q02,做空,450,0.0025868868059802075,0.039242394436080685
修正前,2024-10-30,Q02,做空,192,0.002907755537421508,0.04226425726322547
修正前,2024-10-31,Q02,做空,300,-0.0025258340753498486,0.03963167068671081
修正前,2024-11-01,Q02,做空,81,0.0023414591949538727,0.04206592582140534
修正前,2024-11-04,Q02,做空,16,0.00022649056791124167,0.04230194392474562
修正前,2024-11-05,Q02,做空,24,0.00010506079828095001,0.04241144899902416
修正前,2024-11-06,Q02,做空,250,0.0010439443919458427,0.04349966858530685
修正前,2024-11-07,Q02,做空,226,-0.0019299894718690755,0.04148572521103833
修正前,2024-11-08,Q02,做空,297,0.002782878402781948,0.0443840533425337
修正前,2024-11-11,Q02,做空,9,-0.004011963933913244,0.04019402218736934
修正前,2024-11-12,Q02,做空,203,0.001983942687899973,0.04225770751168523
修正前,2024-11-13,Q02,做空,120,0.0016198164764015626,0.043945973718969356
修正前,2024-11-14,Q02,做空,398,0.0020196719333718427,0.046054402102046144
修正前,2024-11-15,Q02,做空,511,0.003066191862291101,0.049261805597285324
修正前,2024-11-18,Q02,做空,130,-0.0002851634308731613,0.04896259450091711
修正前,2024-11-19,Q02,做空,113,0.0034955806709350543,0.052629327870788556
修正前,2024-11-20,Q02,做空,470,-0.0014594547000594134,0.0510930630508073
修正前,2024-11-21,Q02,做空,594,0.00009298135910438168,0.051190795112354914
修正前,2024-11-22,Q02,做空,540,0.004954573259217594,0.05639899691615424
修正前,2024-11-25,Q02,做空,90,0.0018369241642681622,0.05833952176069812
修正前,2024-11-26,Q02,做空,542,0.0002739830023666665,0.058629488800393315
修正前,2024-11-27,Q02,做空,153,-0.0026518746611686557,0.055822136083477636
修正前,2024-11-28,Q02,做空,326,0.0008861310067629453,0.05675773281588792
修正前,2024-11-29,Q02,做空,245,-0.007498695556821577,0.048833428300184556
修正前,2024-12-02,Q02,做空,173,-0.002872737560699145,0.045820405115789775
修正前,2024-12-03,Q02,做空,126,0.003459333217116572,0.049438246382345286
修正前,2024-12-04,Q02,做空,254,0.0009098636759675381,0.05039309212289966
修正前,2024-12-05,Q02,做空,434,-0.00010020196892029804,0.05028784066692871
修正前,2024-12-06,Q02,做空,171,-0.005992592127730918,0.043993894021096436
修正前,2024-12-09,Q02,做空,131,0.001552323223653077,0.04561450998813754
修正前,2024-12-10,Q02,做空,292,0.002133564808676442,0.04784539631008977
修正前,2024-12-11,Q02,做空,91,0.00031399701857570927,0.048174416640459405
修正前,2024-12-12,Q02,做空,396,-0.0008587829579115313,0.04727426231452969
修正前,2024-12-13,Q02,做空,339,0.001698674147264468,0.049053240029018896
修正前,2024-12-16,Q02,做空,502,0.0006937766359540155,0.04978104865682287
修正前,2024-12-17,Q02,做空,380,0.00007805154395770698,0.04986298568848824
修正前,2024-12-18,Q02,做空,723,0.00006948307622787652,0.04993593339835156
修正前,2024-12-19,Q02,做空,481,-0.002326344404652281,0.04749342081444685
修正前,2024-12-20,Q02,做空,510,-0.00009666014713515966,0.047392169946267826
修正前,2024-12-23,Q02,做空,183,0.0007350193131050283,0.04816202341957343
修正前,2024-12-24,Q02,做空,305,-0.0002843730167159429,0.04786395442296665
修正前,2024-12-25,Q02,做空,364,0.0006499244187520222,0.048544986794476275
修正前,2024-12-26,Q02,做空,320,-0.001080150589314144,0.047412400309067904
修正前,2024-12-27,Q02,做空,212,0.0004436302529458497,0.047877064137155534
修正前,2024-12-30,Q02,做空,219,-0.00003515236277638756,0.04784022878245198
修正前,2024-12-31,Q02,做空,22,0.0030344125883526763,0.051019808363251595
修正前,2025-01-02,Q02,做空,19,0.003029610287692202,0.0542039887872372
修正前,2025-01-03,Q02,做空,171,0.0020214342230512918,0.05633499280824905
修正前,2025-01-06,Q02,做空,510,0.0016054994640737777,0.058030938073085014
修正前,2025-01-07,Q02,做空,473,0.001259745220172792,0.059363787490117614
修正前,2025-01-08,Q02,做空,320,0.00006637955158339537,0.059434107583294926
修正前,2025-01-09,Q02,做空,511,0.0007442925391267551,0.0602226364852656
修正前,2025-01-10,Q02,做空,286,0.0037863327349689575,0.06423699216014489
修正前,2025-01-13,Q02,做空,159,-0.0004745081193201865,0.06373200306648408
修正前,2025-01-14,Q02,做空,76,-0.008532115748446239,0.054656118490994166
修正前,2025-01-15,Q02,做空,245,0.000102786537677368,0.05476452294185408
修正前,2025-01-16,Q02,做空,289,0.0024808236187781937,0.05738120768261745
修正前,2025-01-17,Q02,做空,364,-0.0009212686614513846,0.05640707551277191
修正前,2025-01-20,Q02,做空,212,0.0014346137733878524,0.057922611653606904
修正前,2025-01-21,Q02,做空,170,0.0028764281807953547,0.06096565006686805
修正前,2025-01-22,Q02,做空,256,0.00090604273243855,0.061926930283478177
修正前,2025-01-23,Q02,做空,513,0.0012080534962101224,0.06320979482432687
修正前,2025-01-24,Q02,做空,381,-0.0017031003348896001,0.06139904186670364
修正前,2025-01-27,Q02,做空,341,0.0010079161004734989,0.0624688430500282
修正前,2025-02-05,Q02,做空,212,-0.00004228738880384591,0.06242391401697023
修正前,2025-02-06,Q02,做空,357,-0.002771832595292935,0.059479052782079433
修正前,2025-02-07,Q02,做空,129,-0.008597853287599634,0.05036980732497409
修正前,2025-02-10,Q02,做空,70,0.0018402494600325424,0.052302749795738235
修正前,2025-02-11,Q02,做空,3,-0.001927987652986,0.05027392308692891
修正前,2025-02-12,Q02,做空,344,-0.0005746750355599012,0.04967035688283139
修正前,2025-02-13,Q02,做空,242,-0.0006061748536012601,0.04903407310791841
修正前,2025-02-14,Q02,做空,160,-0.0005324534085730193,0.048475511339982846
修正前,2025-02-17,Q02,做空,194,0.0003778823766063481,0.04887171175802152
修正前,2025-02-18,Q02,做空,79,0.0032513644465682234,0.052281975950642545
修正前,2025-02-19,Q02,做空,35,-0.004392163906283843,0.04766018103663905
修正前,2025-02-20,Q02,做空,288,0.0003990782718624865,0.04807827945118648
修正前,2025-02-21,Q02,做空,217,-0.005765015662178099,0.04203609175496159
修正前,2025-02-24,Q02,做空,143,0.0018922997774638503,0.04400793641949874
修正前,2025-02-25,Q02,做空,140,0.00019135177501863966,0.044207709191266265
修正前,2025-02-26,Q02,做空,174,-0.0006419616742089696,0.04353736786205187
修正前,2025-02-27,Q02,做空,353,0.002400264916102212,0.04604213399477275
修正前,2025-02-28,Q02,做空,33,0.0033797013549536296,0.04957744401237352
修正前,2025-03-03,Q02,做空,1,0.0013868253445252776,0.05103302461277193
修正前,2025-03-04,Q02,做空,24,-0.0012034149079530228,0.04976819580220182
修正前,2025-03-05,Q02,做空,663,-0.0012349501498064431,0.04847178441153388
修正前,2025-03-06,Q02,做空,393,-0.0015764166968780583,0.04681895598438213
修正前,2025-03-07,Q02,做空,218,-0.0002878868049807652,0.04651759061975036
修正前,2025-03-10,Q02,做空,117,0.0007880447874180017,0.04734229335197959
修正前,2025-03-11,Q02,做空,416,0.00027897108312712447,0.04763447156596068
修正前,2025-03-12,Q02,做空,656,0.0006667504047893489,0.048332982273948444
修正前,2025-03-13,Q02,做空,290,0.0006342498696979199,0.04899788733135568
修正前,2025-03-14,Q02,做空,102,-0.002433216669719424,0.04644544818540064
修正前,2025-03-17,Q02,做空,318,0.00001545356200903994,0.04646161949502314
修正前,2025-03-18,Q02,做空,444,0.0011589018479319314,0.04767436579964568
修正前,2025-03-19,Q02,做空,335,-0.00008727953908921553,0.04758292526388308
修正前,2025-03-20,Q02,做空,360,-0.000012844078294923141,0.04756947002677059
修正前,2025-03-21,Q02,做空,515,0.0018499538687976682,0.04950742522068108
修正前,2025-03-24,Q02,做空,641,0.00036775370707986776,0.04989338546691391
修正前,2025-03-25,Q02,做空,615,0.000057028114963209305,0.049953258907599496
修正前,2025-03-26,Q02,做空,766,0.0005182971671851615,0.050497446707368
修正前,2025-03-27,Q02,做空,473,-0.001250591540717629,0.04918370348697043
修正前,2025-03-28,Q02,做空,147,0.004244532939509907,0.053636998276017867
修正前,2025-03-31,Q02,做空,21,0.004351438765990592,0.05822183515559809
修正前,2025-04-01,Q02,做空,90,0.00030475707709330083,0.058544335748996534
修正前,2025-04-02,Q02,做空,93,-0.0023722307057034158,0.05603322437238423
修正前,2025-04-03,Q02,做空,8,0.06036309991031885,0.11977866340379073
修正前,2025-04-07,Q02,做空,482,0.006381389970005503,0.12692440773506197
修正前,2025-04-08,Q02,做空,215,0.0016845539555381333,0.12882277270370457
修正前,2025-04-09,Q02,做空,191,-0.001434846813364609,0.1272030849454373
修正前,2025-04-10,Q02,做空,152,0.001245463321490541,0.12860697504360763
修正前,2025-04-11,Q02,做空,77,0.0017799470162052394,0.13061583566130497
修正前,2025-04-14,Q02,做空,547,0.001071422292400893,0.13182720267177395
修正前,2025-04-15,Q02,做空,128,0.0013234683746929932,0.1333251401801272
修正前,2025-04-16,Q02,做空,533,0.00001512065919121163,0.13334227680332456
修正前,2025-04-17,Q02,做空,521,-0.00017300002198439985,0.13314620856452164
修正前,2025-04-18,Q02,做空,340,-0.0005866229339838302,0.13248147901102092
修正前,2025-04-21,Q02,做空,281,-0.0008524556700992638,0.13151608875295562
修正前,2025-04-22,Q02,做空,429,-0.0004906183598194834,0.13096094618538223
修正前,2025-04-23,Q02,做空,367,0.0009015479091835134,0.13198056166178396
修正前,2025-04-24,Q02,做空,244,0.0010285776167963422,0.13314489153015785
修正前,2025-04-25,Q02,做空,311,-0.0004198913962606092,0.13266909373948765
修正前,2025-04-28,Q02,做空,6,-0.001856931271807601,0.13056580507871285
修正前,2025-04-29,Q02,做空,306,-0.00010212940014158817,0.13045034107121967
修正前,2025-04-30,Q02,做空,252,-0.0002774964615517612,0.13013664510161238
修正前,2025-05-06,Q02,做空,123,-0.0035143410476131415,0.12616495950032003
修正前,2025-05-07,Q02,做空,425,0.00014664079243255614,0.12633010122239097
修正前,2025-05-08,Q02,做空,159,-0.00043774857161070203,0.12583705182941873
修正前,2025-05-09,Q02,做空,79,-0.004763811635136415,0.12047377618264599
修正前,2025-05-12,Q02,做空,272,-0.0034434036201941233,0.11661553272540615
修正前,2025-05-13,Q02,做空,527,0.00038283776042455424,0.11704301531521
修正前,2025-05-14,Q02,做空,435,-0.0015011807161917905,0.11536613188146205
修正前,2025-05-15,Q02,做空,347,-0.000056786229886380976,0.11530279444388958
修正前,2025-05-16,Q02,做空,650,0.0017636728142735173,0.11726982366213368
修正前,2025-05-19,Q02,做空,323,-0.0008807487742746127,0.11628578963440939
修正前,2025-05-20,Q02,做空,658,-0.0005399270301434745,0.11568307676322065
修正前,2025-05-21,Q02,做空,726,0.00018610282420336599,0.11589070853472228
修正前,2025-05-22,Q02,做空,253,0.0005826083511291735,0.11654083578046204
修正前,2025-05-23,Q02,做空,326,0.0007012526449813269,0.11732381299478267
修正前,2025-05-26,Q02,做空,65,0.0003554479559310354,0.11772096346022476
修正前,2025-05-27,Q02,做空,285,-0.00043864947135596977,0.11723067575047952
修正前,2025-05-28,Q02,做空,288,0.0007602199562421043,0.11808001680591107
修正前,2025-05-29,Q02,做空,286,-0.0005118474776160958,0.11750773036953599
修正前,2025-05-30,Q02,做空,21,0.000056181045129917384,0.1175705131217688
修正前,2025-06-03,Q02,做空,439,0.0000810236327907952,0.11766106274464194
修正前,2025-06-04,Q02,做空,211,-0.0007445915754287508,0.11682886173313767
修正前,2025-06-05,Q02,做空,191,-0.00015367795701436723,0.11665722975533188
修正前,2025-06-06,Q02,做空,7,-0.0022130221384161685,0.11418604258486087
修正前,2025-06-09,Q02,做空,144,-0.00012371281746305208,0.11404820349035472
修正前,2025-06-10,Q02,做空,22,-0.0006662562816266225,0.11330596187674447
修正前,2025-06-11,Q02,做空,164,-0.00032128698696796184,0.11294827115867956
修正前,2025-06-12,Q02,做空,36,0.00021149860418113854,0.11318365816455556
修正前,2025-06-13,Q02,做空,200,-0.00017917446546562133,0.11298420407763876
修正前,2025-06-16,Q02,做空,795,-0.000606474488660248,0.11230920755158391
修正前,2025-06-17,Q02,做空,247,0.0007657435333400094,0.11316095113434099
修正前,2025-06-18,Q02,做空,325,0.0008824860333585933,0.11414330012659701
修正前,2025-06-19,Q02,做空,278,0.0002966892471645453,0.11447385446354508
修正前,2025-06-20,Q02,做空,200,0.000500932794820983,0.11503213096621634
修正前,2025-06-23,Q02,做空,147,-0.0013179970688093929,0.1135625218859746
修正前,2025-06-24,Q02,做空,350,-0.0011058653452969988,0.11233107168319933
修正前,2025-06-25,Q02,做空,531,-0.0017603705347351872,0.1103729568397378
修正前,2025-06-26,Q02,做空,382,0.0005778823268555009,0.1110146217477137
修正前,2025-06-27,Q02,做空,219,-0.00024338826918804415,0.11074421382188393
修正前,2025-06-30,Q02,做空,24,0.000023360173145192675,0.1107701609990388
修正前,2025-07-01,Q02,做空,371,0.0003006409325670185,0.11110410397610915
修正前,2025-07-02,Q02,做空,422,-0.00041023386942927,0.11064829144019628
修正前,2025-07-03,Q02,做空,565,0.000018185813407994707,0.11066848948278629
修正前,2025-07-04,Q02,做空,5,-0.0021860374370589854,0.10824052658461514
修正前,2025-07-07,Q02,做空,29,0.0019063429770477373,0.11035321312934943
修正前,2025-07-08,Q02,做空,268,-0.0008696463962644599,0.10938759845897095
修正前,2025-07-09,Q02,做空,536,-0.00002465967097136786,0.10936024132581323
修正前,2025-07-10,Q02,做空,190,-0.0005698956333378048,0.10872802176848317
修正前,2025-07-11,Q02,做空,2,-0.006480153650045395,0.10154329383131255
修正前,2025-07-14,Q02,做空,287,0.00027546113606561414,0.1018467261984568
修正前,2025-07-15,Q02,做空,404,0.0005211342812268269,0.10242093630013627
修正前,2025-07-16,Q02,做空,630,0.00034106532534462444,0.1027969338554422
修正前,2025-07-17,Q02,做空,823,-0.0009015256818647387,0.10180273409768992
修正前,2025-07-18,Q02,做空,261,-0.0024817769700693415,0.0990683054466468
修正前,2025-07-21,Q02,做空,255,-0.0007160343235334628,0.09828133481603918
修正前,2025-07-22,Q02,做空,345,-0.0009115702183856004,0.09728017425981217
修正前,2025-07-23,Q02,做空,445,-0.0007445920299800124,0.0964631481874032
修正前,2025-07-24,Q02,做空,303,-0.0012996395928567166,0.09503814126791044
修正前,2025-07-25,Q02,做空,126,0.0016109550364028168,0.09680219847663918
修正前,2025-07-28,Q02,做空,112,0.0011118351022949874,0.09802166166117976
修正前,2025-07-29,Q02,做空,472,0.00012604400286610312,0.09816006070664929
修正前,2025-07-30,Q02,做空,372,0.0003853297161264001,0.09858321441110274
修正前,2025-07-31,Q02,做空,18,0.00012840049748774618,0.09872427304236475
修正前,2025-08-01,Q02,做空,38,0.0012089709910613141,0.10005259881564776
修正前,2025-08-04,Q02,做空,22,-0.00044375944013485093,0.09956444009027843
修正前,2025-08-05,Q02,做空,218,-0.0009796200602151424,0.09848728470726686
修正前,2025-08-06,Q02,做空,452,-0.0006419662920607715,0.09778209289822737
修正前,2025-08-07,Q02,做空,267,0.002961564746121017,0.10103324564347771
修正前,2025-08-08,Q02,做空,27,0.0004162028208493548,0.10149149878616348
修正前,2025-08-11,Q02,做空,7,0.001135110148295228,0.10274181296469664
修正前,2025-08-12,Q02,做空,191,-0.0030706048515135105,0.09935572860384045
修正前,2025-08-13,Q02,做空,319,-0.00006441898075419406,0.09928490922831745
修正前,2025-08-14,Q02,做空,223,-0.000028916708618661415,0.09925312152690835
修正前,2025-08-15,Q02,做空,40,-0.0013620373720186763,0.09775589769408044
修正前,2025-08-18,Q02,做空,134,-0.0017780968506187166,0.09580398138964252
修正前,2025-08-19,Q02,做空,232,0.0017095030069836426,0.09767726159089274
修正前,2025-08-20,Q02,做空,232,0.001453042418218282,0.09927223321349787
修正前,2025-08-21,Q02,做空,412,-0.0008436595337504682,0.09834482171376013
修正前,2025-08-22,Q02,做空,236,-0.00231309198648363,0.09580424910825824
修正前,2025-08-25,Q02,做空,176,-0.002021524502858731,0.09358905396834927
修正前,2025-08-26,Q02,做空,557,-0.000269083678184849,0.09329478700328475
修正前,2025-08-27,Q02,做空,153,0.0006965453856513573,0.09405631644232848
修正前,2025-08-28,Q02,做空,276,-0.0008608730934914396,0.09311447279673879
修正前,2025-08-29,Q02,做空,312,-0.0014559883336168684,0.09152291087703901
修正前,2025-09-01,Q02,做空,444,0.00027939947414107574,0.09182788180435097
修正前,2025-09-02,Q02,做空,270,0.0035388992002009655,0.09569175062202562
修正前,2025-09-03,Q02,做空,87,0.006991062366842538,0.10335179998545918
修正前,2025-09-04,Q02,做空,53,0.00911767088219453,0.11341179856500361
修正前,2025-09-05,Q02,做空,503,-0.002828829998360386,0.11026214586869454
修正前,2025-09-08,Q02,做空,335,0.000100853518820055,0.110374119712918
修正前,2025-09-09,Q02,做空,12,0.0016994550096569583,0.11226115057325758
修正前,2025-09-10,Q02,做空,256,0.0021152936683535017,0.11461390954262085
修正前,2025-09-11,Q02,做空,84,-0.004585326383849384,0.10950304097538965
修正前,2025-09-12,Q02,做空,269,0.0013940158994509414,0.11104970585499863
修正前,2025-09-15,Q02,做空,242,0.0009419407111666313,0.11209624880507318
修正前,2025-09-16,Q02,做空,575,0.00016647186122376614,0.11228138153747169
修正前,2025-09-17,Q02,做空,646,-0.0009792327897404857,0.11119219913725242
修正前,2025-09-18,Q02,做空,510,-0.00007873231916164514,0.11110471239837993
修正前,2025-09-19,Q02,做空,258,0.001174996712168565,0.11241025678232308
修正前,2025-09-22,Q02,做空,285,0.0006740555537250833,0.11316008309392789
修正前,2025-09-23,Q02,做空,569,0.0018139014272138957,0.11517924575736949
修正前,2025-09-24,Q02,做空,558,-0.0021086187148105515,0.11282775792939703
修正前,2025-09-25,Q02,做空,514,-0.00031617276838876205,0.11247591209643248
修正前,2025-09-26,Q02,做空,167,0.00289746443616853,0.115699271487826
修正前,2025-09-29,Q02,做空,218,-0.0049782612017508585,0.1101450290917565
修正前,2025-09-30,Q02,做空,382,-0.00021237055370779934,0.10990926697723236
修正前,2025-10-09,Q02,做空,397,-0.0025119629675007886,0.10712121600129954
修正前,2025-10-10,Q02,做空,54,0.0032957800056599945,0.11077004396883838
修正前,2025-10-13,Q02,做空,29,0.004610329169924532,0.11589105950362621
修正前,2025-10-14,Q02,做空,350,0.0039464842448225165,0.12029490598889558
修正前,2025-10-15,Q02,做空,545,-0.0008176712758248777,0.11937887302381545
修正前,2025-10-16,Q02,做空,458,0.0010654397081444828,0.12057150372359304
修正前,2025-10-17,Q02,做空,533,0.003082519184426997,0.12402568688134319
修正前,2025-10-20,Q02,做空,202,0.0011004037580350276,0.12526256897131538
修正前,2025-10-21,Q02,做空,330,0.0004108354206519752,0.12572486669218264
修正前,2025-10-22,Q02,做空,438,0.00005387148289150797,0.1257855111600792
修正前,2025-10-23,Q02,做空,585,-0.0008881901943574572,0.12478559950811707
修正前,2025-10-24,Q02,做空,344,-0.002934637211447532,0.12148476183290025
修正前,2025-10-27,Q02,做空,329,-0.000295393462452523,0.12115348256601455
修正前,2025-10-28,Q02,做空,276,-0.00012733847315626073,0.1210107165933707
修正前,2025-10-29,Q02,做空,490,-0.0010456565050956169,0.11983852444528309
修正前,2025-10-30,Q02,做空,359,0.0020160204919211083,0.12209614185820739
修正前,2025-10-31,Q02,做空,66,0.003229047070734933,0.12571944311815764
修正前,2025-11-03,Q02,做空,19,0.002160833676737782,0.1281519356014058
修正前,2025-11-04,Q02,做空,155,0.0014752114174517638,0.1298161982174253
修正前,2025-11-05,Q02,做空,205,-0.0021080591390051358,0.12743447885537695
修正前,2025-11-06,Q02,做空,425,-0.0013568345743474577,0.1259047367741546
修正前,2025-11-07,Q02,做空,85,-0.0018291427495355224,0.12384529628821639
修正前,2025-11-10,Q02,做空,56,-0.003955849077101448,0.11939953391008995
修正前,2025-11-11,Q02,做空,41,0.002154105712046347,0.12181083884014776
修正前,2025-11-12,Q02,做空,199,-0.00025448044052335257,0.12152535992369584
修正前,2025-11-13,Q02,做空,120,-0.001684808809295646,0.1196358041174479
修正前,2025-11-14,Q02,做空,177,0.0015178558385402646,0.12133524985976618
修正前,2025-11-17,Q02,做空,102,-0.0010818648685623582,0.1201221166470623
修正前,2025-11-18,Q02,做空,161,0.0012046065760768446,0.12147142311478443
修正前,2025-11-19,Q02,做空,647,0.00022361973754890602,0.12172220626009
修正前,2025-11-20,Q02,做空,838,0.002294344311150329,0.12429582322271382
修正前,2025-11-21,Q02,做空,426,0.0002957866759082639,0.12462837494700252
修正前,2025-11-24,Q02,做空,342,-0.0028813603347297915,0.12138791535611859
修正前,2025-11-25,Q02,做空,498,0.0005884939263593247,0.12204784533339841
修正前,2025-11-26,Q02,做空,423,-0.000378684095185386,0.12162294366033355
修正前,2025-11-27,Q02,做空,475,0.0006832757516875924,0.12238932142027314
修正前,2025-11-28,Q02,做空,16,-0.0007599821983603761,0.12153632551636395
修正前,2025-12-01,Q02,做空,267,0.00016814652845459252,0.12172490795603541
修正前,2025-12-02,Q02,做空,93,0.0008390024841089623,0.12266603794029751
修正前,2025-12-03,Q02,做空,187,0.001173452750478456,0.12398343349038732
修正前,2025-12-04,Q02,做空,182,0.00013563701589361528,0.12413588724921976
修正前,2025-12-05,Q02,做空,448,-0.0013448247458671045,0.12262412149032986
修正前,2025-12-08,Q02,做空,269,-0.00039895112596312235,0.12217624933302784
修正前,2025-12-09,Q02,做空,41,0.002374560989243569,0.12484092527774981
修正前,2025-12-10,Q02,做空,243,-0.0020479829921290125,0.12253727019393024
修正前,2025-12-11,Q02,做空,380,0.001450508917045418,0.12416552051406238
修正前,2025-12-12,Q02,做空,243,-0.0008569484981072256,0.12320216855963384
修正前,2025-12-15,Q02,做空,189,0.001155889650358139,0.12450046632153167
修正前,2025-12-16,Q02,做空,372,-0.00015735545939703596,0.12432352003406155
修正前,2025-12-17,Q02,做空,713,-0.0034101903643478674,0.12048936279963174
修正前,2025-12-18,Q02,做空,435,-0.00022831278882891304,0.12023354074835768
修正前,2025-12-19,Q02,做空,439,-0.0012157935298568116,0.11887156805758736
修正前,2025-12-22,Q02,做空,292,0.0002532866348377716,0.11915496327187625
修正前,2025-12-23,Q02,做空,276,0.0004637859583783501,0.11967401162909108
修正前,2025-12-24,Q02,做空,277,-0.0018987237483797602,0.1175480599927674
修正前,2025-12-25,Q02,做空,349,-0.0007134892240567446,0.11675070149459699
修正前,2025-12-26,Q02,做空,188,-0.0014247428669168197,0.11515961889851822
修正前,2025-12-29,Q02,做空,14,0.002755810059690183,0.11823278699443907
修正前,2025-12-30,Q02,做空,251,7.610982379899731e-6,0.11824129784447757
修正前,2025-12-31,Q02,做空,131,0.0012692945897643622,0.1196606754738827
修正前,2026-01-05,Q02,做空,13,-0.009123204759537028,0.10944578187033294
修正前,2026-01-06,Q02,做空,128,-6.536604416851333e-6,0.10943852986213498
修正前,2026-01-07,Q02,做空,209,0.0008138094578180896,0.11034140143060456
修正前,2026-01-08,Q02,做空,95,-0.00165404429250262,0.10850484757283896
修正前,2026-01-09,Q02,做空,279,-0.0030147488241025087,0.10516298388710688
修正前,2026-01-12,Q02,做空,54,-0.0012531397628158124,0.10377806020760572
修正前,2026-01-13,Q02,做空,28,0.00008593457044168775,0.10387291290107248
修正前,2026-01-14,Q02,做空,214,-0.002610134630129187,0.10099165598384774
修正前,2026-01-15,Q02,做空,94,0.0017291036447011022,0.10289538466899484
修正前,2026-01-16,Q02,做空,518,0.0018575079640067715,0.10494402162948391
修正前,2026-01-19,Q02,做空,10,-0.004321986122522503,0.10016846890183695
修正前,2026-01-20,Q02,做空,235,0.0052403060220580725,0.10593368835470174
修正前,2026-01-21,Q02,做空,450,-0.0009829970769553457,0.10484655877174265
修正前,2026-01-22,Q02,做空,372,-0.000195654947112162,0.10463039007671915
修正前,2026-01-23,Q02,做空,193,-0.00039601798594260943,0.10419293657443007
修正前,2026-01-26,Q02,做空,139,0.0014281236067127015,0.10576986057351734
修正前,2026-01-27,Q02,做空,211,-0.00410654544241349,0.10122896639222101
修正前,2026-01-28,Q02,做空,523,-0.000661200475108708,0.100500833276439
修正前,2026-01-29,Q02,做空,447,0.0007202929631708986,0.10129351628261163
修正前,2026-01-30,Q02,做空,223,0.0004234289604252478,0.1017598358513343
修正前,2026-02-02,Q02,做空,41,0.007473653146894876,0.10999400671566706
修正前,2026-02-03,Q02,做空,86,-0.0003167969009874194,0.109642364054225
修正前,2026-02-04,Q02,做空,590,-0.0015212064240940737,0.10795436896157873
修正前,2026-02-05,Q02,做空,410,0.002173713327057357,0.11036274413916192
修正前,2026-02-06,Q02,做空,170,0.0007253647097112501,0.11116816208873859
修正前,2026-02-09,Q02,做空,29,0.0020542772243939468,0.11345080953658915
修正前,2026-02-10,Q02,做空,162,0.0009037080670190964,0.11445704401539625
修正前,2026-02-11,Q02,做空,184,-0.000777039653633477,0.11359106669992514
修正前,2026-02-12,Q02,做空,181,-0.0008310374571553152,0.1126656308115439
修正前,2026-02-13,Q02,做空,61,0.0025776734935371664,0.1155337195152566
修正前,2026-02-24,Q02,做空,257,0.0005078935319104695,0.11610029187602655
修正前,2026-02-25,Q02,做空,295,-0.002068157278749129,0.11379202093356922
修正前,2026-02-26,Q02,做空,163,-0.0005095315542917676,0.11322450875398515
修正前,2026-02-27,Q02,做空,116,0.00031616226767161197,0.11357646833910029
修正前,2026-03-02,Q02,做空,33,-0.002974307627124345,0.11026434935593299
修正前,2026-03-03,Q02,做空,83,0.009179392164006425,0.12045590122438643
修正前,2026-03-04,Q02,做空,52,0.001846285927268372,0.1225245831869417
修正前,2026-03-05,Q02,做空,702,0.0007342619856015963,0.1233488103162792
修正前,2026-03-06,Q02,做空,352,0.0003688807230343049,0.1237631920376483
修正前,2026-03-09,Q02,做空,389,-0.0034954628704782667,0.11983511952467052
修正前,2026-03-10,Q02,做空,405,0.00014411544712565058,0.1199965050636278
修正前,2026-03-11,Q02,做空,412,0.0002208256664832413,0.12024382903831743
修正前,2026-03-12,Q02,做空,166,-0.0005110346036450341,0.11967134567715898
修正前,2026-03-13,Q02,做空,107,0.0022095227910523415,0.12214528503392086
修正前,2026-03-16,Q02,做空,341,-0.0015363342413832648,0.12042129480871644
修正前,2026-03-17,Q02,做空,363,0.0017390445058476408,0.12236975730568811
修正前,2026-03-18,Q02,做空,407,-0.0012337944819001997,0.12098498369247279
修正前,2026-03-19,Q02,做空,439,0.002399862523870275,0.12367519354465784
修正前,2026-03-20,Q02,做空,569,0.002848367851077348,0.12687583384100365
修正前,2026-03-23,Q02,做空,472,0.004948532673590646,0.1324522157238457
修正前,2026-03-24,Q02,做空,456,-0.00019497730536705493,0.13223141324236676
修正前,2026-03-25,Q02,做空,458,0.000048144432979245216,0.13228592388175864
修正前,2026-03-26,Q02,做空,186,0.0015507169943791063,0.13404177890641833
修正前,2026-03-27,Q02,做空,399,-0.0021869074191960764,0.1315617345264497
修正前,2026-03-30,Q02,做空,118,-0.003954164148773875,0.12708735368366075
修正前,2026-03-31,Q02,做空,232,0.0031320776529825925,0.13061747879709262
修正前,2026-04-01,Q02,做空,250,-0.0010555083673389164,0.12942410258796255
修正前,2026-04-03,Q02,做空,94,0.0041195777036804465,0.1340768529389833
修正前,2026-04-07,Q02,做空,384,-0.002083214907898423,0.1317143271322383
修正前,2026-04-08,Q02,做空,201,-0.0006185613999526081,0.131014292333701
修正前,2026-04-09,Q02,做空,126,-0.00003547536118911387,0.1309741691931705
修正前,2026-04-10,Q02,做空,162,0.00019164295141016748,0.1311909124209234
修正前,2026-04-13,Q02,做空,181,-0.0008536917779545457,0.1302252240396926
修正前,2026-04-14,Q02,做空,535,-0.0025446831240948666,0.12734915898565258
修正前,2026-04-15,Q02,做空,327,0.00027788800767438473,0.12766243579739656
修正前,2026-04-16,Q02,做空,198,-0.00026294848814561393,0.1273659186647651
修正前,2026-04-17,Q02,做空,317,-0.0010977156454386383,0.12612839145771249
修正前,2026-04-20,Q02,做空,477,0.000012783985314985924,0.12614278786653177
修正前,2026-04-21,Q02,做空,349,0.00003956188622896792,0.12618734019938294
修正前,2026-04-22,Q02,做空,450,-0.0011681254647717449,0.12487181208919251
修正前,2026-04-23,Q02,做空,136,0.0025841795981892467,0.12777868287657168
修正前,2026-04-24,Q02,做空,239,-0.003145005258021118,0.12423181298904074
修正前,2026-04-27,Q02,做空,480,-0.00006930545835075464,0.12415389758794904
修正前,2026-04-28,Q02,做空,20,0.0018516762531362474,0.1262354666649832
修正前,2026-04-29,Q02,做空,11,-0.001176539069671311,0.1249104066368023
修正前,2026-04-30,Q02,做空,299,0.0005419093293945164,0.12552000608089187
修正前,2026-05-06,Q02,做空,180,-0.0003782116078178256,0.12509432134976084
修正前,2026-05-07,Q02,做空,193,-0.0005542167245713184,0.1244707752601486
修正前,2026-05-08,Q02,做空,37,0.00019983204028166428,0.12469548054940582
修正前,2026-05-11,Q02,做空,356,-0.001960460398938236,0.12249055959892385
修正前,2026-05-12,Q02,做空,322,0.0004898356656097049,0.12304039550932577
修正前,2026-05-13,Q02,做空,385,-0.0008619296658926268,0.12207241367644062
修正前,2026-05-14,Q02,做空,337,0.0030630716685364516,0.12550940189681925
修正前,2026-05-15,Q02,做空,305,0.001250164596278976,0.12691647390384975
修正前,2026-05-18,Q02,做空,102,0.0016772041988980502,0.1288065429456886
修正前,2026-05-19,Q02,做空,198,-0.00012201330257930106,0.1286688135314107
修正前,2026-05-20,Q02,做空,757,-0.0022333263542221767,0.1261481277249623
修正前,2026-05-21,Q02,做空,313,0.0028277106065944303,0.1293325487303265
修正前,2026-05-22,Q02,做空,378,-0.0011460396138140124,0.12803828889231195
修正前,2026-05-25,Q02,做空,471,-0.00015817155825239142,0.12785986531838955
修正前,2026-05-26,Q02,做空,540,0.0006583699280613305,0.12860241433678254
修正前,2026-05-27,Q02,做空,389,0.002770537366435335,0.13172924949755171
修正前,2026-05-28,Q02,做空,58,-0.0006424697486840285,0.1310021476910488
修正前,2026-05-29,Q02,做空,334,0.0025867778162747216,0.13392779895685503
修正前,2026-06-01,Q02,做空,20,0.00013062968500889837,0.13407592358805576
修正前,2026-06-02,Q02,做空,31,-0.0023080316954761774,0.13145844041133814
修正前,2026-06-03,Q02,做空,243,-0.002755526598176915,0.1283406765840529
修正前,2026-06-04,Q02,做空,26,0.0010702708621885483,0.12954830673282292
修正前,2026-06-05,Q02,做空,140,0.00013718449360697248,0.12970326324528658
修正前,2026-06-08,Q02,做空,310,0.0014687564280569448,0.13136252217497502
修正前,2026-06-09,Q02,做空,446,-0.0009787086339666721,0.1302552479063761
修正前,2026-06-10,Q02,做空,393,-0.0005449190386719101,0.12963935030323315
修正前,2026-06-11,Q02,做空,334,-0.0014808895083154416,0.12796647924118876
修正前,2026-06-12,Q02,做空,133,-0.003152231054231297,0.12441086827719272
修正前,2026-06-15,Q02,做空,235,-0.0025028700792160074,0.12159661395823651
修正前,2026-06-16,Q02,做空,413,-0.0006001395073639129,0.1209234995188746
修正前,2026-06-17,Q02,做空,310,-0.0001576252541370547,0.12074681366739459
修正前,2026-06-18,Q02,做空,306,-0.0012780763835406913,0.11931441363291784
修正前,2026-06-22,Q02,做空,224,0.0004396744878282074,0.11980654762445053
修正前,2026-06-23,Q02,做空,76,0.00511863845646363,0.12553843248292074
修正前,2026-06-24,Q02,做空,182,-0.0002995877139155809,0.12520123499700908
修正前,2026-06-25,Q02,做空,483,-0.00028752384416790466,0.1248777128124603
修正前,2026-06-26,Q02,做空,425,0.0010149891546033733,0.12601945149122007
修正前,2026-06-29,Q02,做空,115,0.0008296339947422815,0.1269536355069183
修正前,2026-06-30,Q02,做空,246,-0.0008398928031181832,0.12600711525900832
修正前,2024-02-01,Q03,做空,205,0.0010174708468406518,0.0010174708468406735
修正前,2024-02-02,Q03,做空,210,0.0036881101065470525,0.004709333497901147
修正前,2024-02-05,Q03,做空,192,-0.0043636900055237975,0.0003250934208598455
修正前,2024-02-06,Q03,做空,108,-0.014350730052211913,-0.01403030195927657
修正前,2024-02-07,Q03,做空,234,0.00046911159210077697,-0.013567772144465584
修正前,2024-02-08,Q03,做空,242,0.0009413709838644694,-0.012639173467613674
修正前,2024-02-19,Q03,做空,130,0.0024542589701853175,-0.010215934302287066
修正前,2024-02-20,Q03,做空,315,-0.0008686291096853979,-0.011075689554054913
修正前,2024-02-21,Q03,做空,185,-0.008072282367612461,-0.019058565828171004
修正前,2024-02-22,Q03,做空,252,0.00011570210676475812,-0.01894506883762448
修正前,2024-02-23,Q03,做空,327,-0.0005597508885046476,-0.019494215207014554
修正前,2024-02-26,Q03,做空,233,-0.0023890230450252085,-0.02183666612266555
修正前,2024-02-27,Q03,做空,278,-0.002246551051075912,-0.02403415998851166
修正前,2024-02-28,Q03,做空,183,0.0019151579668846227,-0.022165031234606447
修正前,2024-02-29,Q03,做空,38,-0.0014374648166458907,-0.023570634598692686
修正前,2024-03-01,Q03,做空,91,-0.0013082553184806155,-0.024848053509099688
修正前,2024-03-04,Q03,做空,298,0.00262091603762378,-0.022292262133421614
修正前,2024-03-05,Q03,做空,290,0.0005630833954612548,-0.02174173114061495
修正前,2024-03-06,Q03,做空,334,-0.001723173723814376,-0.023427440084617612
修正前,2024-03-07,Q03,做空,157,0.001999260062397425,-0.02147501756754555
修正前,2024-03-08,Q03,做空,384,-0.00023210107726375404,-0.021702134270097706
修正前,2024-03-11,Q03,做空,241,-0.001291741840721903,-0.02296584255594991
修正前,2024-03-12,Q03,做空,208,0.00006920486970767133,-0.022898227034383933
修正前,2024-03-13,Q03,做空,294,-0.0008623163290258472,-0.023740797848332384
修正前,2024-03-14,Q03,做空,245,0.002070473856470852,-0.021719478693138394
修正前,2024-03-15,Q03,做空,354,-0.00239126380484638,-0.02405880549472572
修正前,2024-03-18,Q03,做空,360,-0.0007720244119809649,-0.02481225592154168
修正前,2024-03-19,Q03,做空,340,0.00043824421877883756,-0.024384885530475242
修正前,2024-03-20,Q03,做空,367,-0.0003373772974493368,-0.024714035921145627
修正前,2024-03-21,Q03,做空,338,0.001479691605978458,-0.02327091346666954
修正前,2024-03-22,Q03,做空,431,0.0014205959984967718,-0.0218833760347249
修正前,2024-03-25,Q03,做空,418,0.0004432603383200626,-0.021449815729069677
修正前,2024-03-26,Q03,做空,456,0.00030630053084965576,-0.021150085288164422
修正前,2024-03-27,Q03,做空,418,0.0008083487402264232,-0.020358833192736348
修正前,2024-03-28,Q03,做空,191,-0.0010088011706997615,-0.021347096348677264
修正前,2024-03-29,Q03,做空,237,-0.0007813314529394196,-0.022111748643810603
修正前,2024-04-01,Q03,做空,156,-0.00017085883316142898,-0.022278829489399632
修正前,2024-04-02,Q03,做空,242,0.0020590590028713306,-0.020265643910961972
修正前,2024-04-03,Q03,做空,164,0.0020680748925215307,-0.018239479887793508
修正前,2024-04-08,Q03,做空,336,0.0006977269527158656,-0.01755447911179875
修正前,2024-04-09,Q03,做空,417,-0.00042485986190561343,-0.01797188078013312
修正前,2024-04-10,Q03,做空,396,0.0013885456602855068,-0.016608289896911987
修正前,2024-04-11,Q03,做空,384,-0.00011411163425615693,-0.016720506332065788
修正前,2024-04-12,Q03,做空,442,0.0010030782015573963,-0.015734200105929186
修正前,2024-04-15,Q03,做空,177,0.0008471971825797815,-0.014900332893349244
修正前,2024-04-16,Q03,做空,255,0.002148789946017239,-0.01278356063284547
修正前,2024-04-17,Q03,做空,239,-0.0021345583308057295,-0.01489083170780503
修正前,2024-04-18,Q03,做空,314,-0.0027972173378263397,-0.017646396153003674
修正前,2024-04-19,Q03,做空,274,0.0018214612452279952,-0.015857077134486253
修正前,2024-04-22,Q03,做空,290,0.0008186425675501533,-0.015051415845275473
修正前,2024-04-23,Q03,做空,354,0.0017701860788035915,-0.01330787357326757
修正前,2024-04-24,Q03,做空,322,-0.001267688454006602,-0.01455869178959801
修正前,2024-04-25,Q03,做空,267,-0.00042758938280450465,-0.014980056030365785
修正前,2024-04-26,Q03,做空,219,-0.0021981364846492416,-0.01714526430731267
修正前,2024-04-29,Q03,做空,177,-0.003071557506073745,-0.02016415914810976
修正前,2024-04-30,Q03,做空,70,0.0012027539985865587,-0.018985657672566658
修正前,2024-05-06,Q03,做空,277,-0.0014063197279278363,-0.02036527749556183
修正前,2024-05-07,Q03,做空,248,0.0003625226914341657,-0.020010137679337237
修正前,2024-05-08,Q03,做空,129,0.001250533980027278,-0.01878462705642303
修正前,2024-05-09,Q03,做空,299,-0.0002386610024383044,-0.019018804900937658
修正前,2024-05-10,Q03,做空,354,0.0006343448887676813,-0.01839652449384921
修正前,2024-05-13,Q03,做空,114,-0.0027556451077863017,-0.02110147530891371
修正前,2024-05-14,Q03,做空,426,0.0006542536716743841,-0.020461027354937822
修正前,2024-05-15,Q03,做空,531,0.0004922024016370498,-0.019978895920104933
修正前,2024-05-16,Q03,做空,488,0.0003782912380093414,-0.01960816252336739
修正前,2024-05-17,Q03,做空,686,-0.001092296111971758,-0.020679040715651964
修正前,2024-05-20,Q03,做空,204,-0.00020140989058478118,-0.020876285642908887
修正前,2024-05-21,Q03,做空,137,0.001000797626977518,-0.019896380953062898
修正前,2024-05-22,Q03,做空,467,-0.0004260247709256137,-0.020313929372850703
修正前,2024-05-23,Q03,做空,368,0.0011851920587461159,-0.01915281322187934
修正前,2024-05-24,Q03,做空,523,0.0012144567172663388,-0.017961616767284916
修正前,2024-05-27,Q03,做空,424,-0.0011407795074328017,-0.019081906030389284
修正前,2024-05-28,Q03,做空,404,0.0005326161153158801,-0.018559453245736157
修正前,2024-05-29,Q03,做空,481,0.0005800181092970192,-0.017990199955420394
修正前,2024-05-30,Q03,做空,245,0.0007306634944421714,-0.017272681243343357
修正前,2024-05-31,Q03,做空,144,0.00021275444818355836,-0.017063601634926373
修正前,2024-06-03,Q03,做空,7,-0.0003129691883389439,-0.017371230441711405
修正前,2024-06-04,Q03,做空,341,-0.00005283835417629613,-0.01742315092866109
修正前,2024-06-05,Q03,做空,470,0.0008060066601830569,-0.016631187444167805
修正前,2024-06-06,Q03,做空,301,0.00024157628351313904,-0.016393628861107956
修正前,2024-06-07,Q03,做空,405,0.000988559749825027,-0.015421275192928685
修正前,2024-06-11,Q03,做空,330,-0.0013698447057598087,-0.016769995146509453
修正前,2024-06-12,Q03,做空,615,0.0003284766691560834,-0.01644702702950096
修正前,2024-06-13,Q03,做空,292,0.0007204962901671199,-0.01573838076129297
修正前,2024-06-14,Q03,做空,484,-0.0012973656214906306,-0.01701532794864602
修正前,2024-06-17,Q03,做空,411,0.00042197941110960557,-0.01660052865560402
修正前,2024-06-18,Q03,做空,197,-0.0005484019865743996,-0.017139826879285502
修正前,2024-06-19,Q03,做空,364,0.0005694499395858557,-0.016580137213080604
修正前,2024-06-20,Q03,做空,538,0.0009376242139523193,-0.01565805893724992
修正前,2024-06-21,Q03,做空,555,0.0012868806668717167,-0.014391328323705266
修正前,2024-06-24,Q03,做空,382,0.0013650804745215168,-0.013045893170480882
修正前,2024-06-25,Q03,做空,375,0.000786318856504901,-0.01226983254577585
修正前,2024-06-26,Q03,做空,294,-0.0019532289035702646,-0.014199095657775773
修正前,2024-06-27,Q03,做空,289,0.00008766688885572882,-0.014112673559460998
修正前,2024-06-28,Q03,做空,93,0.003913474470903967,-0.01025442867624815
修正前,2024-07-01,Q03,做空,32,-0.0034475483025744325,-0.013666624340645916
修正前,2024-07-02,Q03,做空,413,0.0004919943402704673,-0.013181353902201765
修正前,2024-07-03,Q03,做空,351,0.0011385987527837461,-0.012057763422531176
修正前,2024-07-04,Q03,做空,207,0.0025416480336261796,-0.009546761979597806
修正前,2024-07-05,Q03,做空,320,-0.00006461616030719596,-0.009610761264802536
修正前,2024-07-08,Q03,做空,364,0.0015322975340905532,-0.008093190276498796
修正前,2024-07-09,Q03,做空,281,-0.004388301836274311,-0.012445976751021326
修正前,2024-07-10,Q03,做空,435,0.0006184487769864607,-0.011835225173134956
修正前,2024-07-11,Q03,做空,306,-0.002721582702910311,-0.014524597331929012
修正前,2024-07-12,Q03,做空,211,0.0009502162163922954,-0.013588182623458067
修正前,2024-07-15,Q03,做空,320,0.0006810914302946003,-0.01291634598790159
修正前,2024-07-16,Q03,做空,437,-0.00006936332669933071,-0.012984813393874473
修正前,2024-07-17,Q03,做空,306,0.0005250695906165763,-0.01246656173391092
修正前,2024-07-18,Q03,做空,385,-0.0010951489924306546,-0.013548057983819639
修正前,2024-07-19,Q03,做空,287,-0.0005505360504590017,-0.014091135339944771
修正前,2024-07-22,Q03,做空,225,0.001311671267079267,-0.012797947010211419
修正前,2024-07-23,Q03,做空,229,0.003103280364830346,-0.009734382263048014
修正前,2024-07-24,Q03,做空,288,0.0016125899192805566,-0.00813748991047536
修正前,2024-07-25,Q03,做空,303,-0.0005406485966652848,-0.008673738984640078
修正前,2024-07-26,Q03,做空,508,0.0010164796754248155,-0.007666075988603027
修正前,2024-07-29,Q03,做空,357,0.00033029235675014656,-0.007338315678158236
修正前,2024-07-30,Q03,做空,272,-0.002475629553266438,-0.00979577828026057
修正前,2024-07-31,Q03,做空,172,-0.004684940889134406,-0.01443482652718886
修正前,2024-08-01,Q03,做空,196,0.001660627171708145,-0.012798170220630678
修正前,2024-08-02,Q03,做空,126,0.0014279178586938152,-0.011388527097753509
修正前,2024-08-05,Q03,做空,179,0.006512253892194355,-0.004950438185477801
修正前,2024-08-06,Q03,做空,451,0.00047320173017576363,-0.004479579011216428
修正前,2024-08-07,Q03,做空,390,-0.00020028873422677114,-0.004678970536233118
修正前,2024-08-08,Q03,做空,368,-0.0026073877686979795,-0.007274158414384835
修正前,2024-08-09,Q03,做空,214,0.0025165600330174726,-0.004775904237706796
修正前,2024-08-12,Q03,做空,1,0.002485907170921564,-0.002301869521377342
修正前,2024-08-13,Q03,做空,241,0.000652496443932907,-0.0016508750391215354
修正前,2024-08-14,Q03,做空,660,0.0005594222937361337,-0.001092376281686458
修正前,2024-08-15,Q03,做空,390,-0.00010363987026861511,-0.001195902938218918
修正前,2024-08-16,Q03,做空,351,-0.0005267730054021528,-0.001722045974236197
修正前,2024-08-19,Q03,做空,462,0.0009197019239035521,-0.0008039278193281429
修正前,2024-08-20,Q03,做空,198,0.0015794430758552438,0.0007742454982995195
修正前,2024-08-21,Q03,做空,561,-0.00036724426518729765,0.00040671689589322213
修正前,2024-08-22,Q03,做空,566,0.0005675838365791944,0.000974531578408655
修正前,2024-08-23,Q03,做空,486,-0.0008702661286215628,0.00010341734796326385
修正前,2024-08-26,Q03,做空,367,0.000992591664520516,0.0010961116636813983
修正前,2024-08-27,Q03,做空,398,0.00016645927190900273,0.0012627533935398727
修正前,2024-08-28,Q03,做空,307,-0.0003136923786079062,0.0009486648988163981
修正前,2024-08-29,Q03,做空,226,-0.0024124479241436347,-0.0014660716299931265
修正前,2024-08-30,Q03,做空,195,-0.00231925641863386,-0.0037819278525889066
修正前,2024-09-02,Q03,做空,185,0.0006825332476944675,-0.00310197589639416
修正前,2024-09-03,Q03,做空,211,0.0008797684211768894,-0.0022249364956540285
修正前,2024-09-04,Q03,做空,244,0.000354176500490003,-0.0018715480153859154
修正前,2024-09-05,Q03,做空,521,0.00015221742003478626,-0.001719615477561498
修正前,2024-09-06,Q03,做空,460,0.0011298196828568546,-0.0005917386501180788
修正前,2024-09-09,Q03,做空,266,0.001504816134514758,0.0009121870265285104
修正前,2024-09-10,Q03,做空,484,-0.0011100185029662055,-0.00019884402091530085
修正前,2024-09-11,Q03,做空,420,-0.0008798525644600713,-0.001078521631953655
修正前,2024-09-12,Q03,做空,464,0.0014014193598164827,0.0003213862667676981
修正前,2024-09-13,Q03,做空,408,0.0016534399916749594,0.001975357651349041
修正前,2024-09-18,Q03,做空,313,-0.000593398034934493,0.0013807874430660227
修正前,2024-09-19,Q03,做空,421,-0.003008211242792215,-0.0016315775000363963
修正前,2024-09-20,Q03,做空,478,0.0001929966795588108,-0.001438895709517496
修正前,2024-09-23,Q03,做空,426,-0.0009865981663720455,-0.0024240742640209145
修正前,2024-09-24,Q03,做空,199,-0.004574563302188625,-0.006987548485039574
修正前,2024-09-25,Q03,做空,267,0.0017787845065728508,-0.005221193321450768
修正前,2024-09-26,Q03,做空,198,-0.006082656920717464,-0.011272091514477056
修正前,2024-09-27,Q03,做空,369,-0.0101174597619857,-0.021275506344131667
修正前,2024-09-30,Q03,做空,322,-0.014234024605854151,-0.035206694869181376
修正前,2024-10-08,Q03,做空,208,0.017090792585804593,-0.01871761260301763
修正前,2024-10-09,Q03,做空,65,0.014379218836816457,-0.004607538413922807
修正前,2024-10-10,Q03,做空,202,-0.0006818730353278634,-0.005286269693047019
修正前,2024-10-11,Q03,做空,188,0.005582645032963557,0.000266863972671727
修正前,2024-10-14,Q03,做空,236,-0.0015522071415774517,-0.001285757397069931
修正前,2024-10-15,Q03,做空,276,0.003996175044514952,0.0027052795358215587
修正前,2024-10-16,Q03,做空,193,0.00021092845991053594,0.0029167786161783393
修正前,2024-10-17,Q03,做空,462,0.003520118335933597,0.006447164358000634
修正前,2024-10-18,Q03,做空,342,-0.00739144417713643,-0.0009919336745888296
修正前,2024-10-21,Q03,做空,282,-0.00017003428538438057,-0.0011617992972396962
修正前,2024-10-22,Q03,做空,320,-0.0001598618225671089,-0.0013214753924536415
修正前,2024-10-23,Q03,做空,152,0.0017047156632926136,0.0003809875310387678
修正前,2024-10-24,Q03,做空,230,0.0011410265880049733,0.0015224488359464328
修正前,2024-10-25,Q03,做空,331,-0.001317866203343331,0.0002025762487358751
修正前,2024-10-28,Q03,做空,328,-0.0012250149116192826,-0.001022686821808838
修正前,2024-10-29,Q03,做空,208,0.0025560948972899776,0.0015307939909143808
修正前,2024-10-30,Q03,做空,176,0.001846964659204208,0.0033805859725204446
修正前,2024-10-31,Q03,做空,319,-0.0009036343937942635,0.0024738967649702293
修正前,2024-11-01,Q03,做空,189,0.0006299609897641906,0.0031054162131891605
修正前,2024-11-04,Q03,做空,73,-0.0002262009022584383,0.0028785128629813528
修正前,2024-11-05,Q03,做空,19,-0.0007501119858046111,0.0021262416701768316
修正前,2024-11-06,Q03,做空,174,0.00013707713814015398,0.0022636102674400416
修正前,2024-11-07,Q03,做空,192,-0.0022762870862607087,-0.00001782944564077127
修正前,2024-11-08,Q03,做空,256,0.0027267846343335123,0.002708906571634362
修正前,2024-11-11,Q03,做空,19,-0.003656798256806245,-0.0009577976100008101
修正前,2024-11-12,Q03,做空,162,0.003749424517486154,0.002788035717643522
修正前,2024-11-13,Q03,做空,172,0.0008517740054315275,0.003642184499425438
修正前,2024-11-14,Q03,做空,350,0.001572345861474917,0.005220257134624706
修正前,2024-11-15,Q03,做空,508,0.002839546850321592,0.008074627149650793
修正前,2024-11-18,Q03,做空,219,0.0006439692571894245,0.008723796218487845
修正前,2024-11-19,Q03,做空,231,0.0016267851247958429,0.010364773085203671
修正前,2024-11-20,Q03,做空,353,-0.00018964452230323385,0.010173162940460001
修正前,2024-11-21,Q03,做空,394,-0.0004135503096974763,0.009755405516077786
修正前,2024-11-22,Q03,做空,423,0.003295196069031706,0.013082747559017838
修正前,2024-11-25,Q03,做空,161,0.0014576247169926144,0.014559442012218593
修正前,2024-11-26,Q03,做空,276,0.00012725134360337415,0.014688546064380192
修正前,2024-11-27,Q03,做空,263,-0.0036524697891075764,0.010982426804526435
修正前,2024-11-28,Q03,做空,422,0.0009213516800261601,0.01191389716193969
修正前,2024-11-29,Q03,做空,255,-0.005218633661056896,0.00663308923611905
修正前,2024-12-02,Q03,做空,197,-0.0015693641700433227,0.005053315333491959
修正前,2024-12-03,Q03,做空,236,0.0022768809087241513,0.007341702039424636
修正前,2024-12-04,Q03,做空,295,0.0009595873503466294,0.00830833439417833
修正前,2024-12-05,Q03,做空,449,-0.0002782874225703885,0.008027734866643543
修正前,2024-12-06,Q03,做空,210,-0.00446583370065214,0.0035260506370839995
修正前,2024-12-09,Q03,做空,200,-0.0003079063985751418,0.0032170585449560196
修正前,2024-12-10,Q03,做空,204,0.0017742095616959691,0.0049969758426828825
修正前,2024-12-11,Q03,做空,122,-0.0003085650969594889,0.004686868853387871
修正前,2024-12-12,Q03,做空,364,0.00008920082771030618,0.004776487753679115
修正前,2024-12-13,Q03,做空,300,0.0016601011913371622,0.0064445183980264
修正前,2024-12-16,Q03,做空,291,0.0006030595004287528,0.007051464326500723
修正前,2024-12-17,Q03,做空,319,0.001118419831577611,0.008177770655622751
修正前,2024-12-18,Q03,做空,378,0.0004352750369357949,0.008616605271982714
修正前,2024-12-19,Q03,做空,378,-0.0019741163292978877,0.006625478761514314
修正前,2024-12-20,Q03,做空,437,-0.00003878355184884303,0.00658643825006644
修正前,2024-12-23,Q03,做空,306,0.0004748227955109411,0.007064388436599733
修正前,2024-12-24,Q03,做空,254,0.0002463931451193204,0.007312522198604343
修正前,2024-12-25,Q03,做空,366,0.0008078682825069962,0.008126298035860735
修正前,2024-12-26,Q03,做空,287,-0.0012970002614410322,0.00681875796374265
修正前,2024-12-27,Q03,做空,304,-0.00006558740266738919,0.00675272333645105
修正前,2024-12-30,Q03,做空,236,0.0001317790482031434,0.006885392252108158
修正前,2024-12-31,Q03,做空,53,0.0019435109543166,0.0088422850416916
修正前,2025-01-02,Q03,做空,81,0.003796452599617848,0.012672306957342672
修正前,2025-01-03,Q03,做空,144,0.0025243172957642754,0.015228613176736516
修正前,2025-01-06,Q03,做空,544,0.0011559773665192766,0.01640219447541158
修正前,2025-01-07,Q03,做空,380,0.000457268207403678,0.016866962884880543
修正前,2025-01-08,Q03,做空,275,-0.002074858883782078,0.014757107433314376
修正前,2025-01-09,Q03,做空,491,0.0005950779216150044,0.015360966983750002
修正前,2025-01-10,Q03,做空,388,0.002369629074620985,0.017766995852349865
修正前,2025-01-13,Q03,做空,224,-0.0006218696929149051,0.017134077403180292
修正前,2025-01-14,Q03,做空,119,-0.007479283893801284,0.009526642880222314
修正前,2025-01-15,Q03,做空,250,0.00027472806155856235,0.009803988177912393
修正前,2025-01-16,Q03,做空,307,0.0016631411995497488,0.01148343479412084
修正前,2025-01-17,Q03,做空,457,-0.0017356815731931882,0.009727821634758493
修正前,2025-01-20,Q03,做空,256,0.000983024428137469,0.010720408749195443
修正前,2025-01-21,Q03,做空,272,0.0017129831584604877,0.012451755787295182
修正前,2025-01-22,Q03,做空,471,0.00036338660097180476,0.01281966718947869
修正前,2025-01-23,Q03,做空,489,0.0017799051451990295,0.01462239012626787
修正前,2025-01-24,Q03,做空,373,-0.0011794305282624485,0.013425713504694459
修正前,2025-01-27,Q03,做空,446,0.0009530242753788467,0.014391532810957619
修正前,2025-02-05,Q03,做空,301,0.0007933156731477753,0.015196265512644747
修正前,2025-02-06,Q03,做空,265,-0.0032106973443763497,0.011936777558942513
修正前,2025-02-07,Q03,做空,127,-0.005168795677870842,0.006706283116817202
修正前,2025-02-10,Q03,做空,81,0.0015643330004007302,0.00828110697720752
修正前,2025-02-11,Q03,做空,26,-0.0005977186234444021,0.007678438581900204
修正前,2025-02-12,Q03,做空,289,-0.0006796400393732979,0.006993579968226804
修正前,2025-02-13,Q03,做空,324,0.000018133187242912958,0.007011839971364786
修正前,2025-02-14,Q03,做空,260,-0.0010140889752409958,0.005990640366512645
修正前,2025-02-17,Q03,做空,330,0.00003738731930118802,0.006028251659798034
修正前,2025-02-18,Q03,做空,134,0.002037303969211904,0.008077837010043831
修正前,2025-02-19,Q03,做空,106,-0.0035754851107653077,0.004473469713321965
修正前,2025-02-20,Q03,做空,362,0.00010864052600587477,0.004582596239430581
修正前,2025-02-21,Q03,做空,308,-0.004203355385021945,0.0003599785738281902
修正前,2025-02-24,Q03,做空,231,0.0018341996572149245,0.0021948385036196782
修正前,2025-02-25,Q03,做空,291,0.00001572076701503119,0.0022105937751795146
修正前,2025-02-26,Q03,做空,290,-0.0005441124926839056,0.0016652784708062196
修正前,2025-02-27,Q03,做空,322,0.0009646221078357078,0.0026315069430704607
修正前,2025-02-28,Q03,做空,68,0.002782332796842264,0.005421161467985547
修正前,2025-03-03,Q03,做空,13,0.00360846229775164,0.00904918582250458
修正前,2025-03-04,Q03,做空,82,-0.0004546437138321003,0.008590427953222957
修正前,2025-03-05,Q03,做空,538,-0.0018296646598187061,0.006745045690965457
修正前,2025-03-06,Q03,做空,366,-0.002034686419775212,0.004696635218321976
修正前,2025-03-07,Q03,做空,233,-0.0004247425210486314,0.004269897836590264
修正前,2025-03-10,Q03,做空,204,0.000046616524402862506,0.004316713408789807
修正前,2025-03-11,Q03,做空,493,0.00009286150845257909,0.00440997577376101
修正前,2025-03-12,Q03,做空,616,0.000012461554451402225,0.004422492283365775
修正前,2025-03-13,Q03,做空,324,0.0005666226582288351,0.004991620825928189
修正前,2025-03-14,Q03,做空,126,-0.0037909255639995477,0.0011817723989338003
修正前,2025-03-17,Q03,做空,309,-0.0003672179350845891,0.0008141204958291848
修正前,2025-03-18,Q03,做空,373,0.0006806800645122544,0.0014953547159330949
修正前,2025-03-19,Q03,做空,256,0.0003380793563962925,0.001833939620889291
修正前,2025-03-20,Q03,做空,350,0.00005903210029438404,0.0018930799824914413
修正前,2025-03-21,Q03,做空,499,0.0026784456609467763,0.0045765961553030365
修正前,2025-03-24,Q03,做空,474,-0.0003019171448698059,0.004273297257588737
修正前,2025-03-25,Q03,做空,509,0.000013745423892779598,0.00428710141976385
修正前,2025-03-26,Q03,做空,499,0.0008988192398929297,0.005189773988896196
修正前,2025-03-27,Q03,做空,519,-0.0018647180926238088,0.0033153784308186385
修正前,2025-03-28,Q03,做空,190,0.0029405294962711387,0.006265656895156901
修正前,2025-03-31,Q03,做空,19,0.004095912512734924,0.010387232990369144
修正前,2025-04-01,Q03,做空,277,0.0007198530574272881,0.011114563329222671
修正前,2025-04-02,Q03,做空,176,0.00009828758278341742,0.011213943335569576
修正前,2025-04-03,Q03,做空,35,0.029977872708280173,0.04152798620972131
修正前,2025-04-07,Q03,做空,305,0.005007284727092111,0.04674321338790821
修正前,2025-04-08,Q03,做空,194,-0.00017440040485865014,0.046560660947710275
修正前,2025-04-09,Q03,做空,164,-0.0013796799418364905,0.04511674219588557
修正前,2025-04-10,Q03,做空,164,0.000835413871710643,0.04598984721987298
修正前,2025-04-11,Q03,做空,75,0.0003471699467142268,0.04635298345939587
修正前,2025-04-14,Q03,做空,459,0.0007042021449165284,0.04708982747468782
修正前,2025-04-15,Q03,做空,185,0.0003989552853061075,0.04750756949554913
修正前,2025-04-16,Q03,做空,432,-0.00013172330520521628,0.0473695883362677
修正前,2025-04-17,Q03,做空,474,-0.00029494265896873106,0.047060674364960864
修正前,2025-04-18,Q03,做空,385,-0.001181197202624224,0.04582388922542324
修正前,2025-04-21,Q03,做空,343,-0.00030453129028853944,0.04550540312702278
修正前,2025-04-22,Q03,做空,392,-0.0008836100667079391,0.04458158402802215
修正前,2025-04-23,Q03,做空,320,0.0008197353228752036,0.045437864450074805
修正前,2025-04-24,Q03,做空,287,0.0005880410267642086,0.04605262480530414
修正前,2025-04-25,Q03,做空,459,0.000013784799239246178,0.04606704443073073
修正前,2025-04-28,Q03,做空,24,-0.0023548822100565303,0.043603679757274305
修正前,2025-04-29,Q03,做空,298,-0.000010949833762082709,0.043592252470467496
修正前,2025-04-30,Q03,做空,381,-0.0003640381478111894,0.04321234507980809
修正前,2025-05-06,Q03,做空,280,-0.0013941296618993095,0.04175797180587271
修正前,2025-05-07,Q03,做空,333,0.0004309225911708051,0.04220688885045609
修正前,2025-05-08,Q03,做空,236,0.00008401941245133689,0.04229445446091007
修正前,2025-05-09,Q03,做空,121,-0.002604912231618073,0.039579368887537214
修正前,2025-05-12,Q03,做空,445,-0.0024304232154606603,0.0370527510550791
修正前,2025-05-13,Q03,做空,432,0.0004563082535848177,0.03752596678478848
修正前,2025-05-14,Q03,做空,339,-0.0007475401565855284,0.03675037446111662
修正前,2025-05-15,Q03,做空,376,0.00032738396388827203,0.037089789908270276
修正前,2025-05-16,Q03,做空,434,0.0016442679921873258,0.03879504345484075
修正前,2025-05-19,Q03,做空,335,-0.0008687785696307782,0.03789256058284862
修正前,2025-05-20,Q03,做空,400,-0.0006727902902457572,0.03719427654577023
修正前,2025-05-21,Q03,做空,352,0.00011382871103003048,0.03731233903335718
修正前,2025-05-22,Q03,做空,320,0.00036758725653953663,0.03769364183023716
修正前,2025-05-23,Q03,做空,383,0.00038640117006012855,0.038094607867604324
修正前,2025-05-26,Q03,做空,253,0.000042964249357315175,0.03813920882319333
修正前,2025-05-27,Q03,做空,442,-0.00030367428243815547,0.03782395264388305
修正前,2025-05-28,Q03,做空,360,0.0003878509439042925,0.038226473643522496
修正前,2025-05-29,Q03,做空,387,-0.0008690861012760004,0.03732416544530204
修正前,2025-05-30,Q03,做空,51,-0.0010414607772962008,0.036243833013649196
修正前,2025-06-03,Q03,做空,428,-0.00034973765179750435,0.035881419528801306
修正前,2025-06-04,Q03,做空,466,-0.0003690879163588347,0.03549908821407266
修正前,2025-06-05,Q03,做空,287,-0.0007460624908736155,0.034726541185022386
修正前,2025-06-06,Q03,做空,63,-0.003430082827103361,0.03117734344535572
修正前,2025-06-09,Q03,做空,150,-0.0002605059815687127,0.03090871557933017
修正前,2025-06-10,Q03,做空,65,-0.0015434593549938514,0.029317549878124405
修正前,2025-06-11,Q03,做空,306,-0.00042283030203191696,0.02888232322762274
修正前,2025-06-12,Q03,做空,156,-0.0004016878949233871,0.02846903365308151
修正前,2025-06-13,Q03,做空,354,-0.000625430203805379,0.027825798055756357
修正前,2025-06-16,Q03,做空,512,-0.0006381493385347881,0.02716989170259798
修正前,2025-06-17,Q03,做空,469,0.0007157341550134231,0.027905072277091048
修正前,2025-06-18,Q03,做空,457,0.0004135180400960453,0.028330129567983864
修正前,2025-06-19,Q03,做空,488,0.0002221492467955442,0.02855857233172454
修正前,2025-06-20,Q03,做空,458,0.00041075816809661855,0.028981061166675426
修正前,2025-06-23,Q03,做空,207,-0.0016803883971579785,0.02725197333059559
修正前,2025-06-24,Q03,做空,232,-0.0009064072225148015,0.02632086472262607
修正前,2025-06-25,Q03,做空,335,-0.002511780820936816,0.023742971658488488
修正前,2025-06-26,Q03,做空,293,0.00015185877361729004,0.023898436010663993
修正前,2025-06-27,Q03,做空,161,0.00003747646579817545,0.0239368081053819
修正前,2025-06-30,Q03,做空,104,-0.00019742332967955287,0.023734659091344312
修正前,2025-07-01,Q03,做空,302,0.00018889201082073734,0.02392803438964708
修正前,2025-07-02,Q03,做空,505,-0.00036965232395214293,0.023549537012175215
修正前,2025-07-03,Q03,做空,541,4.9184354843830865e-6,0.023554571274538194
修正前,2025-07-04,Q03,做空,34,-0.0025327556727193844,0.020962157627804734
修正前,2025-07-07,Q03,做空,44,0.0011581149817423218,0.02214454919834541
修正前,2025-07-08,Q03,做空,393,-0.0011746977798069167,0.020943838265760295
修正前,2025-07-09,Q03,做空,353,0.00005626356794237339,0.021001280208770012
修正前,2025-07-10,Q03,做空,370,-0.0008357348539485011,0.02014799385297361
修正前,2025-07-11,Q03,做空,28,-0.005361317157231886,0.014678656910614096
修正前,2025-07-14,Q03,做空,235,0.00018414311334515545,0.014865502997542412
修正前,2025-07-15,Q03,做空,451,0.0006138446185413383,0.015488472725100566
修正前,2025-07-16,Q03,做空,501,0.0002674565631730116,0.015760071781957485
修正前,2025-07-17,Q03,做空,582,-0.0013164472517875384,0.014422877226984543
修正前,2025-07-18,Q03,做空,342,-0.0013368223095759483,0.01306677409336321
修正前,2025-07-21,Q03,做空,268,-0.0005721382373455676,0.012487159854920105
修正前,2025-07-22,Q03,做空,415,-0.00034444281642559454,0.012138415925984969
修正前,2025-07-23,Q03,做空,317,0.00011513016685137998,0.012254943590687128
修正前,2025-07-24,Q03,做空,245,-0.0013132242483653517,0.010925625853236198
修正前,2025-07-25,Q03,做空,154,0.0007261558624701469,0.011659715422970729
修正前,2025-07-28,Q03,做空,152,0.0011332620100514951,0.012806190945559015
修正前,2025-07-29,Q03,做空,444,-0.00046477513181319383,0.012335463814661107
修正前,2025-07-30,Q03,做空,392,0.0007416199184207267,0.013086231958749694
修正前,2025-07-31,Q03,做空,72,0.0004556218897151767,0.013547816222199138
修正前,2025-08-01,Q03,做空,95,0.0013678774115090308,0.014934225385493827
修正前,2025-08-04,Q03,做空,91,-0.0003520620116182976,0.014576905600444334
修正前,2025-08-05,Q03,做空,324,-0.0009091995490715267,0.013654452735373912
修正前,2025-08-06,Q03,做空,491,-0.0009200175764482414,0.012721872822412328
修正前,2025-08-07,Q03,做空,267,0.0029445816771465627,0.015703915093170595
修正前,2025-08-08,Q03,做空,81,0.00039065228325112174,0.01610070214670878
修正前,2025-08-11,Q03,做空,32,0.0009008484257719829,0.0170160548646634
修正前,2025-08-12,Q03,做空,166,-0.002326345537153703,0.0146501241042154
修正前,2025-08-13,Q03,做空,290,-0.00043149450614472356,0.014212308150005404
修正前,2025-08-14,Q03,做空,160,0.0000803686891686084,0.014293819063750046
修正前,2025-08-15,Q03,做空,92,-0.002557361311277339,0.011699903292608616
修正前,2025-08-18,Q03,做空,179,-0.0019276032718818755,0.009749747248859242
修正前,2025-08-19,Q03,做空,199,0.00114186507236087,0.010902745217068022
修正前,2025-08-20,Q03,做空,277,-0.0005744152001141182,0.010322067314378236
修正前,2025-08-21,Q03,做空,389,-0.0005068280997851882,0.009810007700830292
修正前,2025-08-22,Q03,做空,254,-0.0018528755592098862,0.007938955418115956
修正前,2025-08-25,Q03,做空,151,-0.001557070424912084,0.006369523480517669
修正前,2025-08-26,Q03,做空,414,-0.0004560831904608927,0.0059105352574659875
修正前,2025-08-27,Q03,做空,112,0.0021477097442194853,0.00807093911585155
修正前,2025-08-28,Q03,做空,177,-0.001368755119706216,0.006691136856909585
修正前,2025-08-29,Q03,做空,331,-0.001810290575553445,0.004868733379364221
修正前,2025-09-01,Q03,做空,578,0.0000361391772917332,0.004905048508674792
修正前,2025-09-02,Q03,做空,209,0.00400292037996454,0.008927603407279383
修正前,2025-09-03,Q03,做空,158,0.005900013347854838,0.014880289734401586
修正前,2025-09-04,Q03,做空,87,0.0067663142608475986,0.021747288711884583
修正前,2025-09-05,Q03,做空,473,-0.002906254488050717,0.018777831068412132
修正前,2025-09-08,Q03,做空,365,-0.0002168306963153866,0.01855692876191095
修正前,2025-09-09,Q03,做空,115,0.0007333958506300721,0.01930393418709553
修正前,2025-09-10,Q03,做空,332,0.001489452603984691,0.020822139086122293
修正前,2025-09-11,Q03,做空,189,-0.004656474252553101,0.01606870707903152
修正前,2025-09-12,Q03,做空,222,0.001049563904621414,0.017135136118597183
修正前,2025-09-15,Q03,做空,371,0.0008502393301596066,0.01799994441541264
修正前,2025-09-16,Q03,做空,342,-0.001111707160534987,0.016868226587781754
修正前,2025-09-17,Q03,做空,498,-0.00119651976634837,0.015651523654897748
修正前,2025-09-18,Q03,做空,287,0.0007540543401361936,0.016417380094375655
修正前,2025-09-19,Q03,做空,289,0.0005007408039859266,0.016926341750469254
修正前,2025-09-22,Q03,做空,422,0.000277269491704281,0.017208304400347263
修正前,2025-09-23,Q03,做空,449,0.0005773847020780012,0.017795624914134667
修正前,2025-09-24,Q03,做空,467,-0.001964581716448037,0.01579608223834761
修正前,2025-09-25,Q03,做空,279,-0.0005127342048457466,0.015275248841835731
修正前,2025-09-26,Q03,做空,164,0.0025164247738912976,0.017830112630339956
修正前,2025-09-29,Q03,做空,340,-0.00458561846128706,0.013162732075408412
修正前,2025-09-30,Q03,做空,334,-0.00012172743618883217,0.013039402373590692
修正前,2025-10-09,Q03,做空,353,-0.0007803161234519278,0.012248911394226347
修正前,2025-10-10,Q03,做空,37,0.0034435037680826076,0.015734594334849916
修正前,2025-10-13,Q03,做空,47,0.003773300645952212,0.01956726633576955
修正前,2025-10-14,Q03,做空,410,0.003403303944189868,0.02303716363465691
修正前,2025-10-15,Q03,做空,387,-0.0013430407763091344,0.021663183008215903
修正前,2025-10-16,Q03,做空,295,-0.0004660839557507612,0.021187002190434567
修正前,2025-10-17,Q03,做空,422,0.0023211417736790983,0.02355732199995675
修正前,2025-10-20,Q03,做空,351,0.00040489184664076617,0.023971752014203984
修正前,2025-10-21,Q03,做空,383,-0.00037706185487666174,0.023585651326048174
修正前,2025-10-22,Q03,做空,372,-0.0010860454806651853,0.022473990755351725
修正前,2025-10-23,Q03,做空,486,-0.0025516290463179127,0.01986501642143579
修正前,2025-10-24,Q03,做空,329,-0.002198973760102758,0.01762236001147821
修正前,2025-10-27,Q03,做空,174,-0.000882260922480782,0.01672455156939745
修正前,2025-10-28,Q03,做空,229,0.0004986584342621657,0.017231549842358973
修正前,2025-10-29,Q03,做空,334,-0.0006792197760377006,0.016540626056896546
修正前,2025-10-30,Q03,做空,204,0.002098996126911587,0.018674340893838126
修正前,2025-10-31,Q03,做空,93,0.00044226073813299216,0.019124860559758927
修正前,2025-11-03,Q03,做空,41,0.0007316480925244211,0.01987050132003154
修正前,2025-11-04,Q03,做空,112,0.0016151266242689286,0.021517721320020167
修正前,2025-11-05,Q03,做空,261,-0.0021807146224641985,0.01929008268803134
修正前,2025-11-06,Q03,做空,427,-0.0005105628119675967,0.018769671077203398
修正前,2025-11-07,Q03,做空,191,-0.0006851004686127953,0.01807171149813991
修正前,2025-11-10,Q03,做空,39,-0.003104414315692758,0.014911195102563335
修正前,2025-11-11,Q03,做空,150,0.001984764283867359,0.016925554593899994
修正前,2025-11-12,Q03,做空,296,-0.0003973939058080243,0.016521434575843985
修正前,2025-11-13,Q03,做空,234,0.000032117746010572955,0.016554082953093907
修正前,2025-11-14,Q03,做空,329,0.0009533087043351731,0.017523172808800558
修正前,2025-11-17,Q03,做空,123,-0.0005358830789694226,0.016977899358032955
修正前,2025-11-18,Q03,做空,247,0.001240763229162782,0.018239728140427625
修正前,2025-11-19,Q03,做空,536,0.0003453005201391982,0.01859132684818099
修正前,2025-11-20,Q03,做空,500,0.0013767320291372016,0.019993654152454132
修正前,2025-11-21,Q03,做空,365,-0.00039817135962350644,0.019587521892372894
修正前,2025-11-24,Q03,做空,313,-0.002235781463532011,0.01730794701047733
修正前,2025-11-25,Q03,做空,357,0.0001666529753915698,0.017477484406736243
修正前,2025-11-26,Q03,做空,204,-0.0003854229499826461,0.017085325233155313
修正前,2025-11-27,Q03,做空,439,0.00107509760009282,0.018178791225403224
修正前,2025-11-28,Q03,做空,36,-0.0007940904104341624,0.017370265211183566
修正前,2025-12-01,Q03,做空,382,-0.000050044349184154936,0.017319351578381603
修正前,2025-12-02,Q03,做空,148,0.0007884592981320787,0.018121466480303106
修正前,2025-12-03,Q03,做空,266,0.001168056382809475,0.019310689757700672
修正前,2025-12-04,Q03,做空,315,0.0006487617924860734,0.019971979587887878
修正前,2025-12-05,Q03,做空,323,-0.0014350900021080726,0.01850822799755103
修正前,2025-12-08,Q03,做空,222,-0.0004720661471363709,0.018027424742533604
修正前,2025-12-09,Q03,做空,27,0.0018685589748201892,0.019929669023649454
修正前,2025-12-10,Q03,做空,293,-0.0006834062308715911,0.019232642732787797
修正前,2025-12-11,Q03,做空,312,0.0010575251433179707,0.020310506879368306
修正前,2025-12-12,Q03,做空,365,-0.0012580874438691814,0.019026867041815665
修正前,2025-12-15,Q03,做空,283,0.0007024313787819778,0.01974266348904785
修正前,2025-12-16,Q03,做空,365,0.0000715263921162273,0.01981560200265431
修正前,2025-12-17,Q03,做空,358,-0.0022793209037501086,0.017491114983039013
修正前,2025-12-18,Q03,做空,250,-0.0003950970675723511,0.01708910722722834
修正前,2025-12-19,Q03,做空,455,-0.0020762346097818896,0.014977391621570968
修正前,2025-12-22,Q03,做空,331,-0.00015344354782362182,0.014821649889639854
修正前,2025-12-23,Q03,做空,288,0.0002003106771124092,0.015024929501477713
修正前,2025-12-24,Q03,做空,325,-0.0018130017635345351,0.013184687514260052
修正前,2025-12-25,Q03,做空,352,-0.00051986229838328,0.012657970993922074
修正前,2025-12-26,Q03,做空,262,0.0003438611776023243,0.013006184756336525
修正前,2025-12-29,Q03,做空,84,0.0010952731572615448,0.014115703238640087
修正前,2025-12-30,Q03,做空,382,-0.00012893686234080647,0.01398494634181402
修正前,2025-12-31,Q03,做空,192,0.0009581266232127442,0.014956472314441083
修正前,2026-01-05,Q03,做空,36,-0.0047748020604356295,0.010110256059181477
修正前,2026-01-06,Q03,做空,158,-0.0008591762750452463,0.00924239329199561
修正前,2026-01-07,Q03,做空,224,0.0006485122122187802,0.0098968993091344
修正前,2026-01-08,Q03,做空,96,-0.0017118497624437623,0.00816810754195929
修正前,2026-01-09,Q03,做空,209,-0.0016727584000638157,0.006481685871392084
修正前,2026-01-12,Q03,做空,115,-0.0010948151207032977,0.005379774502989099
修正前,2026-01-13,Q03,做空,130,0.0017532881035899313,0.007142494901215102
修正前,2026-01-14,Q03,做空,229,-0.00030598094568575894,0.006834328488184882
修正前,2026-01-15,Q03,做空,177,0.0016928367352239408,0.008538734625734401
修正前,2026-01-16,Q03,做空,438,0.0010872822412691418,0.009635300881524866
修正前,2026-01-19,Q03,做空,102,-0.002967090741531494,0.006639621327956036
修正前,2026-01-20,Q03,做空,332,0.0018674300258187788,0.008519450382002747
修正前,2026-01-21,Q03,做空,410,-0.0007773283930252613,0.0077354995783025515
修正前,2026-01-22,Q03,做空,404,-0.0001409913265618316,0.007593417613393605
修正前,2026-01-23,Q03,做空,338,-0.0012078033997519693,0.006376442858032405
修正前,2026-01-26,Q03,做空,226,0.001592389409908349,0.00797898604802083
修正前,2026-01-27,Q03,做空,264,-0.002141863273071508,0.00582003287777666
修正前,2026-01-28,Q03,做空,324,-0.0003386091135651463,0.0054794530480379855
修正前,2026-01-29,Q03,做空,485,0.0007198004427092323,0.006203197603476873
修正前,2026-01-30,Q03,做空,263,-0.0005425947119978508,0.005657237069262022
修正前,2026-02-02,Q03,做空,73,0.006217576095105583,0.01190998746633376
修正前,2026-02-03,Q03,做空,138,-0.0004985877317992255,0.011405461560897834
修正前,2026-02-04,Q03,做空,412,-0.000793795705575779,0.0106026122489149
修正前,2026-02-05,Q03,做空,443,0.001281721314542164,0.011897923157566437
修正前,2026-02-06,Q03,做空,278,0.0002472006765875979,0.012148065008808606
修正前,2026-02-09,Q03,做空,105,0.0006451886642025783,0.012801091466846826
修正前,2026-02-10,Q03,做空,172,0.00007774359086355152,0.012879830260528191
修正前,2026-02-11,Q03,做空,231,-0.00019492699650143478,0.012682392637398676
修正前,2026-02-12,Q03,做空,150,-0.0003232809730009952,0.012355011688165884
修正前,2026-02-13,Q03,做空,153,0.00219697107920831,0.014579126370736217
修正前,2026-02-24,Q03,做空,368,-0.00016909435264947007,0.01440756677015087
修正前,2026-02-25,Q03,做空,306,-0.0012333230321387627,0.013156474554077313
修正前,2026-02-26,Q03,做空,100,-0.000496294393997232,0.012653650675514161
修正前,2026-02-27,Q03,做空,203,-0.00015947628903430382,0.012492156429227297
修正前,2026-03-02,Q03,做空,81,-0.0012211202523264356,0.011255781751689842
修正前,2026-03-03,Q03,做空,178,0.006463586256502189,0.017792120724428262
修正前,2026-03-04,Q03,做空,131,0.0025863322838256667,0.020424469344481277
修正前,2026-03-05,Q03,做空,471,0.0009481778897583211,0.021392013264482257
修正前,2026-03-06,Q03,做空,363,0.0010667274665306261,0.022481560179126392
修正前,2026-03-09,Q03,做空,276,-0.004068106013856659,0.018321996795104045
修正前,2026-03-10,Q03,做空,355,-0.000337450318145041,0.017978363713311518
修正前,2026-03-11,Q03,做空,273,0.0003177281069195524,0.018301804051699122
修正前,2026-03-12,Q03,做空,190,-0.00012894874960597678,0.018170495307345158
修正前,2026-03-13,Q03,做空,223,0.002398565153581155,0.0206126435777938
修正前,2026-03-16,Q03,做空,397,-0.0008795679383843382,0.0197149454189931
修正前,2026-03-17,Q03,做空,433,0.0020533888784976095,0.021808816747154403
修正前,2026-03-18,Q03,做空,363,-0.0015341965089579043,0.020241161227678495
修正前,2026-03-19,Q03,做空,458,0.002049165835894983,0.022331804559640123
修正前,2026-03-20,Q03,做空,501,0.00325342327939911,0.025657882651864528
修正前,2026-03-23,Q03,做空,293,0.00379541710401981,0.029550682122554184
修正前,2026-03-24,Q03,做空,296,-0.0017170110489722582,0.027782932225872914
修正前,2026-03-25,Q03,做空,305,-0.00002913633063263794,0.02775298640254098
修正前,2026-03-26,Q03,做空,181,0.001389649486007138,0.029181202811837448
修正前,2026-03-27,Q03,做空,399,-0.002236638317018996,0.026879296698472777
修正前,2026-03-30,Q03,做空,235,-0.0035998671062654774,0.023182667696182824
修正前,2026-03-31,Q03,做空,187,0.0018175048897192904,0.025042307197796765
修正前,2026-04-01,Q03,做空,363,-0.00012070142266884306,0.02491858313302231
修正前,2026-04-02,Q03,做空,11,0.0002505731588991528,0.02517540022001241
修正前,2026-04-03,Q03,做空,127,0.002895578090513976,0.02814387564782339
修正前,2026-04-07,Q03,做空,246,-0.005299486653320042,0.02269524090113495
修正前,2026-04-08,Q03,做空,227,-0.0008734863947054868,0.021801930522277635
修正前,2026-04-09,Q03,做空,151,-0.00041644846139104097,0.021376402680465256
修正前,2026-04-10,Q03,做空,151,-0.0008023476980721797,0.020556903674909366
修正前,2026-04-13,Q03,做空,147,-0.0005252034041367718,0.020020903714984106
修正前,2026-04-14,Q03,做空,470,-0.001968550583881145,0.018012940969404978
修正前,2026-04-15,Q03,做空,310,0.000640865001538083,0.01866534983438517
修正前,2026-04-16,Q03,做空,179,0.0008445187696711324,0.0195256318423338
修正前,2026-04-17,Q03,做空,283,-0.0009297113352697491,0.018577767305811843
修正前,2026-04-20,Q03,做空,465,0.00008397260088938594,0.018663299930140598
修正前,2026-04-21,Q03,做空,367,-0.000022167314470015095,0.018640718900432063
修正前,2026-04-22,Q03,做空,422,-0.000866816101212444,0.01775774472393854
修正前,2026-04-23,Q03,做空,199,0.002629838506404507,0.020434283231204997
修正前,2026-04-24,Q03,做空,307,-0.0018160610724132374,0.01858111225247283
修正前,2026-04-27,Q03,做空,475,0.00020157155701063426,0.018786429233211388
修正前,2026-04-28,Q03,做空,70,0.00156120266162491,0.020376961318157694
修正前,2026-04-29,Q03,做空,76,-0.00047457427717745304,0.01989271665929171
修正前,2026-04-30,Q03,做空,258,-0.0006910653972706434,0.01918790409388027
修正前,2026-05-06,Q03,做空,146,-0.0010630349764902,0.0181044717042127
修正前,2026-05-07,Q03,做空,223,-0.0004898828131856967,0.017605719821497168
修正前,2026-05-08,Q03,做空,59,0.0002568707382355785,0.01786711295398047
修正前,2026-05-11,Q03,做空,345,-0.0013837874970361725,0.016458601169430542
修正前,2026-05-12,Q03,做空,275,0.00007860986494713208,0.016538504842792845
修正前,2026-05-13,Q03,做空,270,-0.0008039817012373802,0.015721226486296036
修正前,2026-05-14,Q03,做空,330,0.0024693436707876213,0.018229391268204553
修正前,2026-05-15,Q03,做空,362,0.001406062238389666,0.019661085165285197
修正前,2026-05-18,Q03,做空,187,0.0024989278177979133,0.022209144615730647
修正前,2026-05-19,Q03,做空,298,-0.00004843662053638844,0.02215963225928408
修正前,2026-05-20,Q03,做空,466,-0.0020642934814063645,0.020049594793454473
修正前,2026-05-21,Q03,做空,380,0.0029661482824035615,0.023075213147017548
修正前,2026-05-22,Q03,做空,401,-0.001077264779117211,0.021973090253506466
修正前,2026-05-25,Q03,做空,372,-0.0010449581925440138,0.020905171100286557
修正前,2026-05-26,Q03,做空,431,-0.00026323453546447673,0.02063643360181855
修正前,2026-05-27,Q03,做空,347,0.003041678525269084,0.023740881524012547
修正前,2026-05-28,Q03,做空,100,-0.0011965432009674259,0.0225159313326726
修正前,2026-05-29,Q03,做空,422,0.0029200825121983944,0.025501762222201352
修正前,2026-06-01,Q03,做空,69,0.0023481776196327383,0.02790982250914542
修正前,2026-06-02,Q03,做空,92,-0.0026723753084613986,0.02516286168014692
修正前,2026-06-03,Q03,做空,294,-0.0016980042155719398,0.023422130819366282
修正前,2026-06-04,Q03,做空,78,0.00036005562110520445,0.02379061971033125
修正前,2026-06-05,Q03,做空,201,0.0002904701290191128,0.024088000303727153
修正前,2026-06-08,Q03,做空,308,0.0008851886517165097,0.02499451137995501
修正前,2026-06-09,Q03,做空,293,-0.0011370001862169468,0.023829092429644705
修正前,2026-06-10,Q03,做空,304,-0.0001561770505089187,0.02366919382176369
修正前,2026-06-11,Q03,做空,504,-0.0007807272535147705,0.022869987383563606
修正前,2026-06-12,Q03,做空,153,-0.0024448381917822415,0.020369235773180394
修正前,2026-06-15,Q03,做空,194,-0.0027173660808742723,0.01759651902192272
修正前,2026-06-16,Q03,做空,277,-0.0005000136246411332,0.017087706898024413
修正前,2026-06-17,Q03,做空,257,-0.0003743496107876098,0.01670696051081033
修正前,2026-06-18,Q03,做空,392,-0.0004149404047782401,0.01628508771307513
修正前,2026-06-22,Q03,做空,296,-0.0013604206268782208,0.014902512516961508
修正前,2026-06-23,Q03,做空,125,0.004527926119277254,0.0194979161119071
修正前,2026-06-24,Q03,做空,227,-0.0006279853071041364,0.018857686399965434
修正前,2026-06-25,Q03,做空,432,0.0003441348177922784,0.019208310804231132
修正前,2026-06-26,Q03,做空,395,0.002342582810239106,0.021595890673173912
修正前,2026-06-29,Q03,做空,170,0.0011798514645146069,0.02280122208092683
修正前,2026-06-30,Q03,做空,167,-0.0009404676946436514,0.021839310573517734
修正前,2024-02-01,Q04,做空,224,0.0019846494245874574,0.0019846494245874258
修正前,2024-02-02,Q04,做空,210,0.0026424830956135077,0.004632376922756087
修正前,2024-02-05,Q04,做空,219,-0.0023635118978085276,0.002257916346975586
修正前,2024-02-06,Q04,做空,102,-0.015934968163492158,-0.01371303164162141
修正前,2024-02-07,Q04,做空,238,-0.0014588563173689915,-0.015151882616149748
修正前,2024-02-08,Q04,做空,237,0.0007431138751119373,-0.014420028315243916
修正前,2024-02-19,Q04,做空,151,0.0018254077564196396,-0.012620942990358652
修正前,2024-02-20,Q04,做空,306,-0.0012491959447062649,-0.013854372904263057
修正前,2024-02-21,Q04,做空,161,-0.00590982587023939,-0.019682321843096817
修正前,2024-02-22,Q04,做空,220,-0.00024638950759584656,-0.01992386183310535
修正前,2024-02-23,Q04,做空,319,-0.0007912153115145334,-0.020699313080073
修正前,2024-02-26,Q04,做空,202,-0.001663440412596516,-0.02232832141877905
修正前,2024-02-27,Q04,做空,309,-0.002188673402338355,-0.024468125417909214
修正前,2024-02-28,Q04,做空,176,0.0020719868345870714,-0.02244683621705501
修正前,2024-02-29,Q04,做空,50,-4.977766511728987e-6,-0.02245170224845716
修正前,2024-03-01,Q04,做空,147,-0.0018178566778118271,-0.02422874494940841
修正前,2024-03-04,Q04,做空,341,0.0010666154568507596,-0.023187972246420663
修正前,2024-03-05,Q04,做空,318,0.00013817990280734667,-0.023052996455364627
修正前,2024-03-06,Q04,做空,295,-0.0011385715588526722,-0.024165320528106826
修正前,2024-03-07,Q04,做空,163,0.002127091700291158,-0.022089630680545924
修正前,2024-03-08,Q04,做空,495,0.00005695651423667012,-0.022033932314673543
修正前,2024-03-11,Q04,做空,306,-0.0007591541855623778,-0.022776359348294806
修正前,2024-03-12,Q04,做空,230,-0.0005869244436325971,-0.023349915789888986
修正前,2024-03-13,Q04,做空,300,-0.00010523244810125713,-0.02345269106918868
修正前,2024-03-14,Q04,做空,347,0.0017857041198047186,-0.02170886651644688
修正前,2024-03-15,Q04,做空,358,-0.002256017522888834,-0.02391590845607261
修正前,2024-03-18,Q04,做空,354,-0.0008267686090596207,-0.02472290414276357
修正前,2024-03-19,Q04,做空,283,0.00032115954562364306,-0.024409684593800884
修正前,2024-03-20,Q04,做空,365,-0.00020919801922090835,-0.024613776155354983
修正前,2024-03-21,Q04,做空,353,0.0014934974720441207,-0.023157039295776283
修正前,2024-03-22,Q04,做空,388,0.002878783018627239,-0.020344920368635444
修正前,2024-03-25,Q04,做空,305,-0.0005636291634591991,-0.020897082541646572
修正前,2024-03-26,Q04,做空,431,0.0002966523575122477,-0.020606629352935335
修正前,2024-03-27,Q04,做空,341,0.0006906071568365909,-0.019930253281808086
修正前,2024-03-28,Q04,做空,308,-0.000806279091335313,-0.020720463026637326
修正前,2024-03-29,Q04,做空,346,-0.0016845291197542882,-0.0223700879230484
修正前,2024-04-01,Q04,做空,212,0.000449715435264944,-0.021930432661610655
修正前,2024-04-02,Q04,做空,209,0.0017705636278825866,-0.020198698260142423
修正前,2024-04-03,Q04,做空,223,0.0013514180100663103,-0.018874577134684878
修正前,2024-04-08,Q04,做空,309,0.00007008786190698272,-0.018805812151533763
修正前,2024-04-09,Q04,做空,336,-0.00027345462023645054,-0.019074124235550105
修正前,2024-04-10,Q04,做空,322,0.0009156739355524263,-0.018175915978403623
修正前,2024-04-11,Q04,做空,403,-0.00031555457500587495,-0.018485735059967534
修正前,2024-04-12,Q04,做空,550,0.0014386910024305425,-0.01707363931824124
修正前,2024-04-15,Q04,做空,252,-0.0009862499050180462,-0.018043050348103384
修正前,2024-04-16,Q04,做空,254,0.0029450363432174994,-0.015151151443903554
修正前,2024-04-17,Q04,做空,242,-0.0021208028432257446,-0.017239821682068945
修正前,2024-04-18,Q04,做空,319,-0.0023377784991880104,-0.01953729729679876
修正前,2024-04-19,Q04,做空,318,0.0010401099276799606,-0.018517508305997188
修正前,2024-04-22,Q04,做空,219,0.0008283650955100508,-0.017704482468023586
修正前,2024-04-23,Q04,做空,447,0.0006099704098733433,-0.017105311268577728
修正前,2024-04-24,Q04,做空,191,-0.0011084872541439607,-0.018194837503202277
修正前,2024-04-25,Q04,做空,165,-0.0005836337694111563,-0.018767852151017617
修正前,2024-04-26,Q04,做空,340,-0.0022298670169274212,-0.020955869353454948
修正前,2024-04-29,Q04,做空,188,-0.0022371563709578154,-0.023146144167779714
修正前,2024-04-30,Q04,做空,80,0.0017266780215777545,-0.021459432084620866
修正前,2024-05-06,Q04,做空,277,-0.0008533790910947271,-0.022294498145067787
修正前,2024-05-07,Q04,做空,250,0.0004759525442495942,-0.02182915672393304
修正前,2024-05-08,Q04,做空,153,0.0011103764640793563,-0.020743018841710592
修正前,2024-05-09,Q04,做空,222,0.0006597974987524647,-0.02009690753490634
修正前,2024-05-10,Q04,做空,384,0.0003050929763617205,-0.019797945983880072
修正前,2024-05-13,Q04,做空,140,-0.002548550767096458,-0.022296040680552354
修正前,2024-05-14,Q04,做空,404,0.000380366207221837,-0.021924155133760115
修正前,2024-05-15,Q04,做空,413,0.000526268812723119,-0.021409424320129045
修正前,2024-05-16,Q04,做空,448,0.0008540035783945703,-0.020573704466715248
修正前,2024-05-17,Q04,做空,496,-0.0011654695221765114,-0.021715195963377565
修正前,2024-05-20,Q04,做空,185,-0.0002149297324256229,-0.021925458454545188
修正前,2024-05-21,Q04,做空,273,0.0008687266515916078,-0.021075779033061348
修正前,2024-05-22,Q04,做空,344,-0.00036949020967196787,-0.021437481948719306
修正前,2024-05-23,Q04,做空,388,0.0013553633809876664,-0.02011117414574548
修正前,2024-05-24,Q04,做空,354,0.0010345426224807467,-0.01909743739010672
修正前,2024-05-27,Q04,做空,396,-0.0007968326565907149,-0.019879052584927837
修正前,2024-05-28,Q04,做空,392,0.0010643776415087572,-0.018835833762524956
修正前,2024-05-29,Q04,做空,508,0.00036863518776438534,-0.01847414212587639
修正前,2024-05-30,Q04,做空,323,0.0006317007023243388,-0.0178541115521077
修正前,2024-05-31,Q04,做空,248,0.0006881334420247567,-0.01717826412131951
修正前,2024-06-03,Q04,做空,29,-0.00045577001332401716,-0.017626204796976075
修正前,2024-06-04,Q04,做空,411,-0.0002913985913293663,-0.017912467137057075
修正前,2024-06-05,Q04,做空,432,0.0008701452730006336,-0.017057908312663517
修正前,2024-06-06,Q04,做空,320,0.0014113379274476757,-0.015670644858180482
修正前,2024-06-07,Q04,做空,423,0.0019972328086806505,-0.01370470997554385
修正前,2024-06-11,Q04,做空,475,-0.001214995055940419,-0.014903053876620942
修正前,2024-06-12,Q04,做空,470,0.0005836629861113715,-0.01432808925143736
修正前,2024-06-13,Q04,做空,394,0.0010234800617124585,-0.01331927370339625
修正前,2024-06-14,Q04,做空,556,-0.0008524643293797145,-0.014160383827050538
修正前,2024-06-17,Q04,做空,382,0.00005119558915856089,-0.014109913187084655
修正前,2024-06-18,Q04,做空,356,0.00002028330286367655,-0.01408991607986343
修正前,2024-06-19,Q04,做空,514,0.00040334254882024587,-0.01369225659370743
修正前,2024-06-20,Q04,做空,532,0.0014979163168432127,-0.012214850131430421
修正前,2024-06-21,Q04,做空,444,0.0013303725227979976,-0.01090072790961738
修正前,2024-06-24,Q04,做空,322,0.0005538874581999938,-0.01035287822789166
修正前,2024-06-25,Q04,做空,376,0.0002997006077709963,-0.010056280384017735
修正前,2024-06-26,Q04,做空,312,-0.0012068257364006012,-0.01125096994243846
修正前,2024-06-27,Q04,做空,314,-0.000025421014580405527,-0.011276104945947885
修正前,2024-06-28,Q04,做空,150,0.0013360027989013665,-0.009955167054815028
修正前,2024-07-01,Q04,做空,72,-0.003954133029563107,-0.01386993602951192
修正前,2024-07-02,Q04,做空,376,0.000569221354734064,-0.013308609738554522
修正前,2024-07-03,Q04,做空,377,0.0002639120041119615,-0.013048210036310626
修正前,2024-07-04,Q04,做空,341,0.002531025462212977,-0.010550209925935805
修正前,2024-07-05,Q04,做空,303,0.0003563442144218468,-0.010197625217782003
修正前,2024-07-08,Q04,做空,276,0.0012054792910614356,-0.009004438952738614
修正前,2024-07-09,Q04,做空,248,-0.004023186420454294,-0.01299139883667444
修正前,2024-07-10,Q04,做空,319,-0.00020680672768603786,-0.013195518855678934
修正前,2024-07-11,Q04,做空,248,-0.0019121421154112237,-0.015082429263751473
修正前,2024-07-12,Q04,做空,300,0.000529157800883695,-0.01456125244796902
修正前,2024-07-15,Q04,做空,406,0.0005235970288035093,-0.014045279647682873
修正前,2024-07-16,Q04,做空,350,0.0002065616311197768,-0.013841619232436653
修正前,2024-07-17,Q04,做空,187,0.00016772462468143593,-0.013676216188145962
修正前,2024-07-18,Q04,做空,345,-0.0004071431384637844,-0.014077791149028629
修正前,2024-07-19,Q04,做空,243,-0.0011064559703487032,-0.015168670663311179
修正前,2024-07-22,Q04,做空,271,0.0004692037695872974,-0.014706584091178754
修正前,2024-07-23,Q04,做空,331,0.0031531498470747936,-0.011599806307482141
修正前,2024-07-24,Q04,做空,296,0.0010879245885155036,-0.010524501433470501
修正前,2024-07-25,Q04,做空,209,-0.00018128295599008937,-0.010703876476730434
修正前,2024-07-26,Q04,做空,281,0.000797518696552068,-0.009914894321794154
修正前,2024-07-29,Q04,做空,389,0.0006881121333811497,-0.009233604747497126
修正前,2024-07-30,Q04,做空,297,-0.0016258102514869644,-0.010844402909727435
修正前,2024-07-31,Q04,做空,231,-0.004497583904815132,-0.015293213202558498
修正前,2024-08-01,Q04,做空,193,0.0016070957035622486,-0.013710695156227692
修正前,2024-08-02,Q04,做空,154,0.001543892934295128,-0.012187970067308651
修正前,2024-08-05,Q04,做空,266,0.0042908618135314965,-0.007949405149123345
修正前,2024-08-06,Q04,做空,484,0.00018945794007859976,-0.0077614532869692
修正前,2024-08-07,Q04,做空,246,-0.000517243195970626,-0.008274681924036242
修正前,2024-08-08,Q04,做空,306,-0.0016575822661204903,-0.009918548224141621
修正前,2024-08-09,Q04,做空,258,0.0019998866141260046,-0.00793849758184062
修正前,2024-08-12,Q04,做空,30,-0.0007482039987129004,-0.00868076196491896
修正前,2024-08-13,Q04,做空,435,0.00010858650168573922,-0.008573118076807051
修正前,2024-08-14,Q04,做空,435,0.0003190962376438306,-0.008256757488886435
修正前,2024-08-15,Q04,做空,372,-0.0008098078406942722,-0.009059878942627497
修正前,2024-08-16,Q04,做空,232,-0.0007937458981673287,-0.009846433599046134
修正前,2024-08-19,Q04,做空,439,0.0009603334944082661,-0.008895555964623658
修正前,2024-08-20,Q04,做空,292,0.0015555219589346862,-0.0073538712383288685
修正前,2024-08-21,Q04,做空,280,-0.0003026985037260082,-0.007654343736234415
修正前,2024-08-22,Q04,做空,350,0.0004904294702074756,-0.007167668181770281
修正前,2024-08-23,Q04,做空,311,-0.0011555033236346358,-0.008314889240998213
修正前,2024-08-26,Q04,做空,455,-0.000012050394898224213,-0.008326839438197564
修正前,2024-08-27,Q04,做空,537,0.00038959857599977344,-0.007940484986985408
修正前,2024-08-28,Q04,做空,292,-0.00023499134225210284,-0.00817361038401232
修正前,2024-08-29,Q04,做空,255,-0.001374574618596086,-0.009536949765232339
修正前,2024-08-30,Q04,做空,245,-0.0023000761056413913,-0.011815090160598007
修正前,2024-09-02,Q04,做空,161,0.0006871531575665844,-0.011136055779542242
修正前,2024-09-03,Q04,做空,209,0.0005471520256241349,-0.010594996869395357
修正前,2024-09-04,Q04,做空,290,0.0006029285588612829,-0.00999845633672758
修正前,2024-09-05,Q04,做空,404,0.0002960403711461701,-0.009705375912306136
修正前,2024-09-06,Q04,做空,419,0.0014249580516681344,-0.008294247614188732
修正前,2024-09-09,Q04,做空,260,0.0013799770617949365,-0.0069257164238460955
修正前,2024-09-10,Q04,做空,388,0.000040584429783492164,-0.006885413070314539
修正前,2024-09-11,Q04,做空,302,-0.0008998189307190324,-0.007779036376007076
修正前,2024-09-12,Q04,做空,374,0.0008370363186823234,-0.006948511393295886
修正前,2024-09-13,Q04,做空,503,0.0013412228592070978,-0.005616608036406956
修正前,2024-09-18,Q04,做空,335,-0.000023516912730897206,-0.0056399928638568575
修正前,2024-09-19,Q04,做空,286,-0.002459835783525336,-0.008085955191116878
修正前,2024-09-20,Q04,做空,520,-0.0004234867762953889,-0.00850601767231507
修正前,2024-09-23,Q04,做空,358,-0.0011536369855998066,-0.009649841801327885
修正前,2024-09-24,Q04,做空,234,-0.005182266343682487,-0.014782100094621442
修正前,2024-09-25,Q04,做空,259,0.0013980027542154676,-0.01340476275705127
修正前,2024-09-26,Q04,做空,124,-0.006328564350804945,-0.019648494204140943
修正前,2024-09-27,Q04,做空,267,-0.011032533205453523,-0.03046425474485015
修正前,2024-09-30,Q04,做空,226,-0.01730368445943284,-0.04724079535288639
修正前,2024-10-08,Q04,做空,190,0.016437882827411064,-0.031579451184159835
修正前,2024-10-09,Q04,做空,114,0.012575288641432723,-0.01940128325650592
修正前,2024-10-10,Q04,做空,196,-0.0029314960652207407,-0.022275904536199986
修正前,2024-10-11,Q04,做空,183,0.003932534155860172,-0.01843097113578107
修正前,2024-10-14,Q04,做空,274,-0.002383077358514713,-0.02077012606428663
修正前,2024-10-15,Q04,做空,222,0.0038205106405724575,-0.01702896791134889
修正前,2024-10-16,Q04,做空,187,0.0004313705865054685,-0.016604943120718807
修正前,2024-10-17,Q04,做空,305,0.003028669385630714,-0.013626564617967962
修正前,2024-10-18,Q04,做空,202,-0.0070465101433559415,-0.020577055035524205
修正前,2024-10-21,Q04,做空,191,-0.0010457872156345125,-0.02160132303006712
修正前,2024-10-22,Q04,做空,256,-0.00044711528879304296,-0.022038780037075267
修正前,2024-10-23,Q04,做空,135,0.0027791649917802445,-0.019320864451235487
修正前,2024-10-24,Q04,做空,228,0.0011965901716745034,-0.018147393436071746
修正前,2024-10-25,Q04,做空,306,0.000016496630278613808,-0.018131196176633058
修正前,2024-10-28,Q04,做空,426,-0.0012351996529660326,-0.01934400018237381
修正前,2024-10-29,Q04,做空,166,0.0020423497648021497,-0.017341157631794557
修正前,2024-10-30,Q04,做空,185,0.0012606174279573828,-0.01610240076936864
修正前,2024-10-31,Q04,做空,283,-0.0005947080409555784,-0.016687532583108067
修正前,2024-11-01,Q04,做空,223,-0.00030218194502603155,-0.016984671857080524
修正前,2024-11-04,Q04,做空,115,-0.0007603072505963095,-0.01773206553851492
修正前,2024-11-05,Q04,做空,50,-0.006723029459826648,-0.02433588179934254
修正前,2024-11-06,Q04,做空,197,-0.00029583932543947566,-0.024624521613926587
修正前,2024-11-07,Q04,做空,234,-0.0030934855427232804,-0.02764183155504074
修正前,2024-11-08,Q04,做空,207,0.002599628692430136,-0.025114061361032447
修正前,2024-11-11,Q04,做空,49,-0.0035821916678046087,-0.028606289647484795
修正前,2024-11-12,Q04,做空,229,0.004464153201944819,-0.024269839305065655
修正前,2024-11-13,Q04,做空,175,-0.00020484401270680661,-0.02446971178650148
修正前,2024-11-14,Q04,做空,330,0.0018540606647134568,-0.022661019451888254
修正前,2024-11-15,Q04,做空,461,0.0017928716876476382,-0.02090877606442909
修正前,2024-11-18,Q04,做空,248,0.0010535968557955893,-0.019877208629353493
修正前,2024-11-19,Q04,做空,370,0.0014945812908990774,-0.018412335442587136
修正前,2024-11-20,Q04,做空,261,-0.0004376899434987971,-0.018841966492026407
修正前,2024-11-21,Q04,做空,276,-0.0007746426123787018,-0.01960201331425937
修正前,2024-11-22,Q04,做空,347,0.002932415212738487,-0.016727079343563878
修正前,2024-11-25,Q04,做空,270,0.001951583699081783,-0.014808139939862297
修正前,2024-11-26,Q04,做空,203,0.000027845147495350703,-0.014780707127207693
修正前,2024-11-27,Q04,做空,366,-0.003685075516901246,-0.018411314622151953
修正前,2024-11-28,Q04,做空,281,0.0007756052430674808,-0.01764998929123729
修正前,2024-11-29,Q04,做空,161,-0.0034653799973864987,-0.021054205368779888
修正前,2024-12-02,Q04,做空,218,-0.0007315071976469688,-0.021770311263658804
修正前,2024-12-03,Q04,做空,312,0.0014326569379101363,-0.020368843713221008
修正前,2024-12-04,Q04,做空,324,0.001129973550003926,-0.0192618864178572
修正前,2024-12-05,Q04,做空,409,-0.00028862060684519184,-0.01954494764735548
修正前,2024-12-06,Q04,做空,211,-0.0042963126548672135,-0.02375728909630659
修正前,2024-12-09,Q04,做空,240,-0.0019340858851137454,-0.02564542634391065
修正前,2024-12-10,Q04,做空,179,0.0015920260719101038,-0.024094228459365374
修正前,2024-12-11,Q04,做空,209,-0.0005220508529423372,-0.02460370089978947
修正前,2024-12-12,Q04,做空,303,0.000500278628114096,-0.024115730977408045
修正前,2024-12-13,Q04,做空,289,0.0013864674477357213,-0.022762699205650883
修正前,2024-12-16,Q04,做空,207,0.0002349537317586246,-0.022533093655015657
修正前,2024-12-17,Q04,做空,279,0.0014666988111630384,-0.02109944410552822
修正前,2024-12-18,Q04,做空,187,0.00046054831898041605,-0.020648613100062052
修正前,2024-12-19,Q04,做空,313,-0.0014019508899988074,-0.022021615648547987
修正前,2024-12-20,Q04,做空,350,0.0001753562443627743,-0.021850121032000236
修正前,2024-12-23,Q04,做空,421,0.000952006592493736,-0.020918915898775814
修正前,2024-12-24,Q04,做空,300,0.0004704034323003725,-0.02045835279631414
修正前,2024-12-25,Q04,做空,392,0.0007941273732897997,-0.019680471960992207
修正前,2024-12-26,Q04,做空,262,-0.0008686484064246334,-0.02053202495681028
修正前,2024-12-27,Q04,做空,356,0.00003561397769250986,-0.020497142206196584
修正前,2024-12-30,Q04,做空,227,0.00008961082749170793,-0.020409368144579165
修正前,2024-12-31,Q04,做空,101,0.0023729729203629483,-0.018084826102145013
修正前,2025-01-02,Q04,做空,136,0.003520599750599478,-0.014627895785810474
修正前,2025-01-03,Q04,做空,131,0.0034489804014713743,-0.011229366710219013
修正前,2025-01-06,Q04,做空,456,0.0006827583619860091,-0.010554275292254278
修正前,2025-01-07,Q04,做空,303,-0.0004579148893988009,-0.011007357221849978
修正前,2025-01-08,Q04,做空,293,-0.00283829688918304,-0.013814411963272044
修正前,2025-01-09,Q04,做空,385,0.0003751319234392473,-0.013444462266763657
修正前,2025-01-10,Q04,做空,492,0.001962638643211297,-0.011508210244734363
修正前,2025-01-13,Q04,做空,255,-0.0007250007106574463,-0.012224867494785907
修正前,2025-01-14,Q04,做空,118,-0.005565234147440405,-0.017722067392196394
修正前,2025-01-15,Q04,做空,229,0.0002561167374071025,-0.017470489572869896
修正前,2025-01-16,Q04,做空,224,0.0014087832185266183,-0.01608631848687303
修正前,2025-01-17,Q04,做空,414,-0.0012912627894431775,-0.017356809611834945
修正前,2025-01-20,Q04,做空,298,0.0005499491898500987,-0.016816405785369137
修正前,2025-01-21,Q04,做空,366,0.0005024574500149342,-0.01632239786372347
修正前,2025-01-22,Q04,做空,453,-0.00002499415587904199,-0.016346984055045977
修正前,2025-01-23,Q04,做空,417,0.001365579450424125,-0.015003727710123815
修正前,2025-01-24,Q04,做空,303,-0.0009544953026015599,-0.01594390202510465
修正前,2025-01-27,Q04,做空,474,0.0007550748054169384,-0.015200866058406759
修正前,2025-02-05,Q04,做空,349,0.0012897242955023885,-0.013930746689172602
修正前,2025-02-06,Q04,做空,231,-0.0032840740669594806,-0.01716907115219679
修正前,2025-02-07,Q04,做空,158,-0.003919653600250162,-0.021021427940892234
修正前,2025-02-10,Q04,做空,123,0.0013521909363848456,-0.01969766198883882
修正前,2025-02-11,Q04,做空,42,-0.0004955416128116971,-0.02018344259046001
修正前,2025-02-12,Q04,做空,224,0.0000538411233849599,-0.020130688166297817
修正前,2025-02-13,Q04,做空,431,0.0002788739205089429,-0.01985742816972047
修正前,2025-02-14,Q04,做空,325,-0.0006906028975208756,-0.02053431746981005
修正前,2025-02-17,Q04,做空,343,-0.00013926145317514547,-0.020670719284094363
修正前,2025-02-18,Q04,做空,193,0.0013003381366667778,-0.019397260072025024
修正前,2025-02-19,Q04,做空,182,-0.0028485120051850023,-0.02219051874902711
修正前,2025-02-20,Q04,做空,337,-0.00041555185481102427,-0.022596849292612742
修正前,2025-02-21,Q04,做空,280,-0.0029420861657724474,-0.02547245358069128
修正前,2025-02-24,Q04,做空,217,0.0015907470888249235,-0.023922226723244955
修正前,2025-02-25,Q04,做空,361,-0.000056826423543974254,-0.023977693732201044
修正前,2025-02-26,Q04,做空,359,-0.00039384972779698017,-0.02436209985184845
修正前,2025-02-27,Q04,做空,333,-3.824151629654064e-6,-0.024365830839114255
修正前,2025-02-28,Q04,做空,102,0.00229238948026357,-0.02212929733314417
修正前,2025-03-03,Q04,做空,47,0.002833143318136361,-0.01935884948588229
修正前,2025-03-04,Q04,做空,226,-0.0003451948623398043,-0.019697361772838762
修正前,2025-03-05,Q04,做空,431,-0.001696193559740342,-0.021360144794396185
修正前,2025-03-06,Q04,做空,306,-0.0015221156599318716,-0.022849747843438073
修正前,2025-03-07,Q04,做空,210,0.00033869625526893374,-0.022518790712197534
修正前,2025-03-10,Q04,做空,263,0.0004207368335574193,-0.022107528363339957
修正前,2025-03-11,Q04,做空,496,-0.0005225023519341771,-0.022618479479708853
修正前,2025-03-12,Q04,做空,404,-0.0008118807518348158,-0.023411996723418316
修正前,2025-03-13,Q04,做空,400,0.00047404373524841505,-0.022949051298546297
修正前,2025-03-14,Q04,做空,169,-0.004041848420800942,-0.026898143132597307
修正前,2025-03-17,Q04,做空,269,-0.0002527467335866882,-0.027144091448367713
修正前,2025-03-18,Q04,做空,317,0.001080947792194163,-0.02609248500189565
修正前,2025-03-19,Q04,做空,289,0.0008802853426648301,-0.025235168491331672
修正前,2025-03-20,Q04,做空,311,0.00012974338868729864,-0.02510869919891856
修正前,2025-03-21,Q04,做空,431,0.0027394811784101866,-0.022438002829378134
修正前,2025-03-24,Q04,做空,343,-0.00003333495755765774,-0.022470589817063735
修正前,2025-03-25,Q04,做空,478,0.00018942508544736575,-0.022285421225012647
修正前,2025-03-26,Q04,做空,316,0.0004973309783687184,-0.021799173476985123
修正前,2025-03-27,Q04,做空,372,-0.0019416034717411798,-0.023698451597822356
修正前,2025-03-28,Q04,做空,295,0.0017733035237558967,-0.021967172621792375
修正前,2025-03-31,Q04,做空,54,0.003226215036799355,-0.0188118284076213
修正前,2025-04-01,Q04,做空,419,0.00010364615493477656,-0.018710132026368176
修正前,2025-04-02,Q04,做空,396,0.00038527599721272404,-0.018332064593929887
修正前,2025-04-03,Q04,做空,81,0.01947388753983376,0.0007848263816285783
修正前,2025-04-07,Q04,做空,181,0.0039776926196935375,0.004765640799428095
修正前,2025-04-08,Q04,做空,201,0.0002570924969866121,0.005023958506907622
修正前,2025-04-09,Q04,做空,197,-0.0017346195228557992,0.003280624327543613
修正前,2025-04-10,Q04,做空,132,-0.000185630145455379,0.00309438519931704
修正前,2025-04-11,Q04,做空,112,-0.00042432759145023217,0.0026687445748481142
修正前,2025-04-14,Q04,做空,361,0.0009361418251853876,0.0036073847234507905
修正前,2025-04-15,Q04,做空,226,0.0005000691415793035,0.004109257806812039
修正前,2025-04-16,Q04,做空,385,-0.0003248522286896757,0.003783070676565581
修正前,2025-04-17,Q04,做空,439,0.00018129979124127522,0.003965056337730921
修正前,2025-04-18,Q04,做空,497,-0.001048858675151987,0.0029120388788415053
修正前,2025-04-21,Q04,做空,383,-0.0001273940844564211,0.002784273817858285
修正前,2025-04-22,Q04,做空,369,-0.0010882380961731227,0.0016930057688464561
修正前,2025-04-23,Q04,做空,300,0.00018880171576408125,0.0018821271270044182
修正前,2025-04-24,Q04,做空,218,0.00042953795695078236,0.0023124735289961063
修正前,2025-04-25,Q04,做空,544,0.00038516225929603986,0.0026985264658212493
修正前,2025-04-28,Q04,做空,76,-0.0007175122970549733,0.0019790779428430216
修正前,2025-04-29,Q04,做空,235,-0.0001354041278047705,0.0018434058397156505
修正前,2025-04-30,Q04,做空,394,-0.00012070360485798806,0.0017224797291275351
修正前,2025-05-06,Q04,做空,372,-0.001493603675924298,0.00022630335114803835
修正前,2025-05-07,Q04,做空,273,-0.00010397785061306402,0.00012230196999896137
修正前,2025-05-08,Q04,做空,330,-0.00009614328918167193,0.000026146922303516007
修正前,2025-05-09,Q04,做空,112,-0.0018929861342777648,-0.0018668887077356588
修正前,2025-05-12,Q04,做空,468,-0.0016821236289475705,-0.0035458719990754117
修正前,2025-05-13,Q04,做空,372,0.0006551746053798613,-0.002893020558983328
修正前,2025-05-14,Q04,做空,236,-0.00032410250013665555,-0.0032161854239238785
修正前,2025-05-15,Q04,做空,351,0.0008761982446018357,-0.0023428051953446882
修正前,2025-05-16,Q04,做空,347,0.001653776127867359,-0.0006929035427815089
修正前,2025-05-19,Q04,做空,347,-0.0005817341224499442,-0.0012742345795970778
修正前,2025-05-20,Q04,做空,297,-0.0005785893175656114,-0.0018520866386468882
修正前,2025-05-21,Q04,做空,261,-0.0002577033592388034,-0.0021093127089373276
修正前,2025-05-22,Q04,做空,373,0.00042589286352757766,-0.0016843181866393886
修正前,2025-05-23,Q04,做空,361,0.000318511014725962,-0.0013663436458082323
修正前,2025-05-26,Q04,做空,399,-0.0001290596364354709,-0.0014952269424295395
修正前,2025-05-27,Q04,做空,518,-0.00025483492720161085,-0.001749680833582068
修正前,2025-05-28,Q04,做空,394,0.00031539509345655895,-0.001434837580875592
修正前,2025-05-29,Q04,做空,374,-0.0010287533653981736,-0.002462114852283648
修正前,2025-05-30,Q04,做空,88,-0.0007709972194127411,-0.003231213787991405
修正前,2025-06-03,Q04,做空,431,-0.0002462256158678576,-0.0034766437962543417
修正前,2025-06-04,Q04,做空,516,0.00006723427807367605,-0.0034096432678164534
修正前,2025-06-05,Q04,做空,382,-0.0006267839972007805,-0.004034290155180753
修正前,2025-06-06,Q04,做空,166,-0.0028262853181320637,-0.006849173418278176
修正前,2025-06-09,Q04,做空,154,-0.0005186313216430105,-0.007364252544059036
修正前,2025-06-10,Q04,做空,119,-0.00102479582117575,-0.00838150151000161
修正前,2025-06-11,Q04,做空,370,0.00002807397250836476,-0.008353662839536313
修正前,2025-06-12,Q04,做空,219,-0.0005826247967419493,-0.008931420585164385
修正前,2025-06-13,Q04,做空,524,-0.0003674560537491681,-0.009295594734351043
修正前,2025-06-16,Q04,做空,356,-0.0005034681018535113,-0.009794382800768053
修正前,2025-06-17,Q04,做空,544,0.0005381499701383398,-0.009261503677441607
修正前,2025-06-18,Q04,做空,603,0.00026966378090931736,-0.008994337388630758
修正前,2025-06-19,Q04,做空,581,0.000526876474580693,-0.008472199818824522
修正前,2025-06-20,Q04,做空,525,0.00038209746852295386,-0.008093339556405232
修正前,2025-06-23,Q04,做空,259,-0.0017599870282970099,-0.009839082412067435
修正前,2025-06-24,Q04,做空,178,-0.0011639917738239603,-0.010991621574901744
修正前,2025-06-25,Q04,做空,259,-0.002760596922753288,-0.013721875060959343
修正前,2025-06-26,Q04,做空,284,-0.00014283212083324208,-0.013862747257275765
修正前,2025-06-27,Q04,做空,144,-0.0006367062916423391,-0.014490627050519955
修正前,2025-06-30,Q04,做空,195,0.0003601365910025122,-0.014135709064544977
修正前,2025-07-01,Q04,做空,265,0.00038241110695416176,-0.01375870360974174
修正前,2025-07-02,Q04,做空,447,-0.00015768889423136307,-0.013914222909214846
修正前,2025-07-03,Q04,做空,454,-0.0001770744837120115,-0.014088833539088852
修正前,2025-07-04,Q04,做空,93,-0.002571071450997855,-0.016623681592396577
修正前,2025-07-07,Q04,做空,92,0.0005470666399797547,-0.016085709214049615
修正前,2025-07-08,Q04,做空,416,-0.0011408792718594458,-0.01720823663369364
修正前,2025-07-09,Q04,做空,266,0.00023950874344876852,-0.016972849413377955
修正前,2025-07-10,Q04,做空,399,-0.0007908686407211378,-0.017750294759754315
修正前,2025-07-11,Q04,做空,101,-0.005674424187895741,-0.02332399624572301
修正前,2025-07-14,Q04,做空,278,0.00002218755653564376,-0.023302326191672718
修正前,2025-07-15,Q04,做空,474,0.0003427988341875018,-0.022967515367737557
修正前,2025-07-16,Q04,做空,329,0.000211645842679864,-0.02276073050420191
修正前,2025-07-17,Q04,做空,320,-0.0017714060685875665,-0.024491818076648908
修正前,2025-07-18,Q04,做空,397,-0.0007087668594752493,-0.025183225947143173
修正前,2025-07-21,Q04,做空,239,-0.0006549882079780522,-0.025821719439086954
修正前,2025-07-22,Q04,做空,353,-0.0005071753661643593,-0.02631579866523981
修正前,2025-07-23,Q04,做空,305,0.001062030684213406,-0.025281716166688395
修正前,2025-07-24,Q04,做空,257,-0.0014421206632636286,-0.026687377544665325
修正前,2025-07-25,Q04,做空,267,0.0004773705861927315,-0.026222746727535107
修正前,2025-07-28,Q04,做空,235,0.0012862752560474117,-0.02497020114174897
修正前,2025-07-29,Q04,做空,354,-0.000787460527551618,-0.025737998621536473
修正前,2025-07-30,Q04,做空,343,0.0010235557853746223,-0.024740787113554874
修正前,2025-07-31,Q04,做空,118,0.0016502671843242704,-0.023131348838318355
修正前,2025-08-01,Q04,做空,136,0.0019231644850258496,-0.021252669741869012
修正前,2025-08-04,Q04,做空,244,-0.0005110294812050701,-0.02175283848228171
修正前,2025-08-05,Q04,做空,381,-0.0006800605183594226,-0.02241810575402714
修正前,2025-08-06,Q04,做空,499,-0.0009637988250086598,-0.02336029803505113
修正前,2025-08-07,Q04,做空,264,0.0017416486551596652,-0.02165933481154847
修正前,2025-08-08,Q04,做空,84,0.00009711325708936091,-0.021564324963009085
修正前,2025-08-11,Q04,做空,72,0.0004403173657515759,-0.021133502744019372
修正前,2025-08-12,Q04,做空,206,-0.0016087508204523633,-0.02270825502459317
修正前,2025-08-13,Q04,做空,275,-0.0009040630463277921,-0.023591788376706724
修正前,2025-08-14,Q04,做空,161,0.000286620793422512,-0.023311929480387072
修正前,2025-08-15,Q04,做空,166,-0.0017827829991341766,-0.02505315236796657
修正前,2025-08-18,Q04,做空,265,-0.0012123526210725342,-0.026235131734099637
修正前,2025-08-19,Q04,做空,182,0.0013248855616988654,-0.024945004719644448
修正前,2025-08-20,Q04,做空,246,-0.0016256031180594478,-0.026530057160251697
修正前,2025-08-21,Q04,做空,385,-0.0008749491998189893,-0.027381793907787166
修正前,2025-08-22,Q04,做空,232,-0.0012751571236925695,-0.028622034941918728
修正前,2025-08-25,Q04,做空,140,-0.00123738625032794,-0.029824004679753213
修正前,2025-08-26,Q04,做空,322,0.0001532173360456056,-0.029675356898254734
修正前,2025-08-27,Q04,做空,84,0.00263953609733324,-0.02711414997665562
修正前,2025-08-28,Q04,做空,123,-0.000625161480937509,-0.027722360735439322
修正前,2025-08-29,Q04,做空,346,-0.001394776199685495,-0.029078470446171956
修正前,2025-09-01,Q04,做空,517,0.00021443130057768395,-0.028870274479830926
修正前,2025-09-02,Q04,做空,140,0.00383695355132139,-0.025144094830702568
修正前,2025-09-03,Q04,做空,165,0.004006678451233628,-0.021238160682402918
修正前,2025-09-04,Q04,做空,94,0.0063859266203817626,-0.014987859397690761
修正前,2025-09-05,Q04,做空,296,-0.0029493824485930294,-0.017893036916834193
修正前,2025-09-08,Q04,做空,368,-0.000533045488796431,-0.018416544603021223
修正前,2025-09-09,Q04,做空,215,0.0003178087604431121,-0.01810458878179
修正前,2025-09-10,Q04,做空,450,0.0012384675322149026,-0.016888543194965577
修正前,2025-09-11,Q04,做空,254,-0.005663558349252118,-0.022456452294399187
修正前,2025-09-12,Q04,做空,255,0.0007789278997270408,-0.021695016351893193
修正前,2025-09-15,Q04,做空,396,0.0006293476054369504,-0.021079322453047333
修正前,2025-09-16,Q04,做空,251,-0.0012702399801773174,-0.022322786635089686
修正前,2025-09-17,Q04,做空,343,-0.001104722519971735,-0.02340284866995712
修正前,2025-09-18,Q04,做空,316,0.0016664177532842172,-0.02177542983917402
修正前,2025-09-19,Q04,做空,362,-0.00039292690981705593,-0.02215980059663447
修正前,2025-09-22,Q04,做空,474,-0.00023825679349071145,-0.02239277766709069
修正前,2025-09-23,Q04,做空,384,0.0002488366719906783,-0.022149513139371413
修正前,2025-09-24,Q04,做空,348,-0.0017024824157759987,-0.023814286398509577
修正前,2025-09-25,Q04,做空,188,-0.0009174477982304915,-0.024709885832117306
修正前,2025-09-26,Q04,做空,245,0.0018101171036969577,-0.02294449651539532
修正前,2025-09-29,Q04,做空,344,-0.003183226924187862,-0.026054685900513408
修正前,2025-09-30,Q04,做空,319,-0.0008569835679331717,-0.026889341030762237
修正前,2025-10-09,Q04,做空,281,0.00039237562797677137,-0.026507516124858355
修正前,2025-10-10,Q04,做空,71,0.0039858676600872545,-0.022627303916042396
修正前,2025-10-13,Q04,做空,77,0.0026322383255555667,-0.020054626047058766
修正前,2025-10-14,Q04,做空,401,0.0030343360666033495,-0.01708114245557213
修正前,2025-10-15,Q04,做空,320,-0.0022582308573305455,-0.019300800149931074
修正前,2025-10-16,Q04,做空,247,0.00002239652506536803,-0.019278835895719992
修正前,2025-10-17,Q04,做空,351,0.0017358904741950727,-0.017576411369109812
修正前,2025-10-20,Q04,做空,395,0.0007321524893051924,-0.01685712749314161
修正前,2025-10-21,Q04,做空,456,-0.0005584316418606792,-0.017406145581619237
修正前,2025-10-22,Q04,做空,331,-0.0017315895228918478,-0.01910759480518809
修正前,2025-10-23,Q04,做空,403,-0.0027695792435113993,-0.021824254050733627
修正前,2025-10-24,Q04,做空,383,-0.0017770117339831607,-0.023562483829183245
修正前,2025-10-27,Q04,做空,215,-0.001140711203401605,-0.024676317043300977
修正前,2025-10-28,Q04,做空,197,0.0006913311648310214,-0.024002045385475124
修正前,2025-10-29,Q04,做空,216,-0.00008875915916548736,-0.02408867414327398
修正前,2025-10-30,Q04,做空,202,0.0015909968210643015,-0.022536002326195237
修正前,2025-10-31,Q04,做空,122,0.0006984948295063137,-0.02185324877779149
修正前,2025-11-03,Q04,做空,85,-0.0009006064405719586,-0.022734174041766808
修正前,2025-11-04,Q04,做空,104,0.0020430451740349573,-0.02073757581229352
修正前,2025-11-05,Q04,做空,329,-0.0016755958111217798,-0.022378423828251393
修正前,2025-11-06,Q04,做空,439,-0.0002942253900518835,-0.022666064917823636
修正前,2025-11-07,Q04,做空,196,-0.0006927650244914712,-0.023343127685297116
修正前,2025-11-10,Q04,做空,62,-0.0012318840005806828,-0.02454625566035884
修正前,2025-11-11,Q04,做空,249,0.0017955606114215135,-0.022794769338759013
修正前,2025-11-12,Q04,做空,337,-0.00030864736977181343,-0.02309638116292978
修正前,2025-11-13,Q04,做空,302,0.0005652391632823412,-0.022544196978810715
修正前,2025-11-14,Q04,做空,409,0.0008695147716935026,-0.021694284719406265
修正前,2025-11-17,Q04,做空,220,-0.000024528226905121384,-0.0217182808239732
修正前,2025-11-18,Q04,做空,292,0.001148545872769169,-0.020594679393008075
修正前,2025-11-19,Q04,做空,386,0.00031947777888914353,-0.02028178115654844
修正前,2025-11-20,Q04,做空,304,0.0013363947711552196,-0.0189724908516804
修正前,2025-11-21,Q04,做空,262,-0.0002382294042869062,-0.019206200450773814
修正前,2025-11-24,Q04,做空,305,-0.0013559486385154324,-0.02053610646793691
修正前,2025-11-25,Q04,做空,251,-0.0007852689542772737,-0.02130524905536313
修正前,2025-11-26,Q04,做空,123,-0.00041134575454871233,-0.021707830986163357
修正前,2025-11-27,Q04,做空,303,0.0008271254339681289,-0.020898660651320067
修正前,2025-11-28,Q04,做空,125,-0.000799791965924669,-0.021681738036357312
修正前,2025-12-01,Q04,做空,456,-0.00012010379435978074,-0.021799237771710667
修正前,2025-12-02,Q04,做空,165,0.000700115681474651,-0.021114384078444237
修正前,2025-12-03,Q04,做空,357,0.0008798632930103916,-0.02025309855693891
修正前,2025-12-04,Q04,做空,521,0.0004179249091606007,-0.019843637922152824
修正前,2025-12-05,Q04,做空,315,-0.002372751448586184,-0.022169305350113966
修正前,2025-12-08,Q04,做空,246,-0.00022353242735793233,-0.022387882218834143
修正前,2025-12-09,Q04,做空,45,0.0017210946753039025,-0.020705319208408457
修正前,2025-12-10,Q04,做空,325,0.00019850893057502198,-0.020510920468606808
修正前,2025-12-11,Q04,做空,333,0.000973442322647971,-0.019557444344019514
修正前,2025-12-12,Q04,做空,417,-0.001568842983870912,-0.02109560476854888
修正前,2025-12-15,Q04,做空,361,0.0004097506448626841,-0.020694498061343936
修正前,2025-12-16,Q04,做空,441,0.0006251792638562818,-0.02008225656855145
修正前,2025-12-17,Q04,做空,180,-0.002167972585225976,-0.022206691372087306
修正前,2025-12-18,Q04,做空,185,-0.00020406052328227718,-0.022406220386307796
修正前,2025-12-19,Q04,做空,422,-0.0014063977477153415,-0.023781106076137037
修正前,2025-12-22,Q04,做空,372,0.00007712802004388449,-0.023705812245719327
修正前,2025-12-23,Q04,做空,286,-0.0002698596445106823,-0.023969274648164562
修正前,2025-12-24,Q04,做空,325,-0.0018179152831502366,-0.025743615820605914
修正前,2025-12-25,Q04,做空,334,-0.0009142138677963591,-0.026634294517811852
修正前,2025-12-26,Q04,做空,328,0.00023578875302740837,-0.026404785831876665
修正前,2025-12-29,Q04,做空,193,0.0008034560714003574,-0.025622544845967044
修正前,2025-12-30,Q04,做空,363,0.00016707638924820837,-0.025459749378994978
修正前,2025-12-31,Q04,做空,223,0.0007822357891795681,-0.024697429116963154
修正前,2026-01-05,Q04,做空,67,-0.005055639080081218,-0.029628206909223076
修正前,2026-01-06,Q04,做空,218,-0.0012622100847851753,-0.030853019972453377
修正前,2026-01-07,Q04,做空,246,0.0008550317072992428,-0.030024368575496507
修正前,2026-01-08,Q04,做空,106,-0.0012567449050278948,-0.031243380508290453
修正前,2026-01-09,Q04,做空,146,-0.0022948564340753964,-0.03346653786958409
修正前,2026-01-12,Q04,做空,234,-0.0015238551128805918,-0.03493939482762165
修正前,2026-01-13,Q04,做空,223,0.0025999207725521853,-0.03243031371346217
修正前,2026-01-14,Q04,做空,228,-0.000056441226693175594,-0.032484924533467296
修正前,2026-01-15,Q04,做空,275,0.0013348406748264097,-0.031193446057226848
修正前,2026-01-16,Q04,做空,431,0.0007464699479145578,-0.030470261079366012
修正前,2026-01-19,Q04,做空,244,-0.0008679008609104756,-0.031311716774453546
修正前,2026-01-20,Q04,做空,416,0.0004416690668711873,-0.030883877124312287
修正前,2026-01-21,Q04,做空,365,-0.0008977332336866785,-0.03175388487511943
修正前,2026-01-22,Q04,做空,358,-0.0003006736115674347,-0.03204501093144008
修正前,2026-01-23,Q04,做空,415,-0.0010119747941162022,-0.03302455698221651
修正前,2026-01-26,Q04,做空,256,0.000916230243618088,-0.03213858483648757
修正前,2026-01-27,Q04,做空,322,-0.001093386006461108,-0.03319683096402104
修正前,2026-01-28,Q04,做空,277,-0.0006854263160134299,-0.03385950329848353
修正前,2026-01-29,Q04,做空,417,0.00016443723524557437,-0.03370063382634714
修正前,2026-01-30,Q04,做空,326,-0.00027205638948014146,-0.03396352174306527
修正前,2026-02-02,Q04,做空,139,0.004674379335588226,-0.029447900791676695
修正前,2026-02-03,Q04,做空,211,-0.0010074311758389352,-0.0304256652341951
修正前,2026-02-04,Q04,做空,297,-0.0008965864808885917,-0.03129497247496271
修正前,2026-02-05,Q04,做空,432,0.0011381834366417294,-0.03019240845764215
修正前,2026-02-06,Q04,做空,340,-0.00030483762664195693,-0.03048804230214719
修正前,2026-02-09,Q04,做空,182,-0.00016808719370241666,-0.030651004846377616
修正前,2026-02-10,Q04,做空,158,-0.00003165172174819038,-0.03068168641104918
修正前,2026-02-11,Q04,做空,263,0.00032865632547950016,-0.03036311381588519
修正前,2026-02-12,Q04,做空,168,-0.0003617718311943463,-0.030713901127793597
修正前,2026-02-13,Q04,做空,257,0.0014704977331440356,-0.02928856811663394
修正前,2026-02-24,Q04,做空,464,-0.0006656972446441206,-0.029934768042183313
修正前,2026-02-25,Q04,做空,276,-0.0008405258561032351,-0.030750132951750664
修正前,2026-02-26,Q04,做空,95,-0.0004956906364225832,-0.031230581035200378
修正前,2026-02-27,Q04,做空,334,-0.00006471936597984108,-0.03129327917777647
修正前,2026-03-02,Q04,做空,136,-0.0017016779153142553,-0.0329417060110162
修正前,2026-03-03,Q04,做空,283,0.004069087598152486,-0.029006661100255182
修正前,2026-03-04,Q04,做空,218,0.0024955914450902547,-0.026583458430457507
修正前,2026-03-05,Q04,做空,318,0.0007127867312712922,-0.02588962003562678
修正前,2026-03-06,Q04,做空,370,0.001877216558657253,-0.02406100390039767
修正前,2026-03-09,Q04,做空,237,-0.003864668929833479,-0.02783268501603675
修正前,2026-03-10,Q04,做空,337,-0.0006713158385839365,-0.028485316332339083
修正前,2026-03-11,Q04,做空,221,0.00048163607273253714,-0.028017399815495447
修正前,2026-03-12,Q04,做空,211,0.0001956072250909119,-0.027827272996236774
修正前,2026-03-13,Q04,做空,354,0.002050697629408724,-0.02583364068959426
修正前,2026-03-16,Q04,做空,379,-0.0005179351174297094,-0.02633819565729978
修正前,2026-03-17,Q04,做空,476,0.0015629511799832609,-0.024816409791297733
修正前,2026-03-18,Q04,做空,290,-0.0003069546650733863,-0.02511574694361529
修正前,2026-03-19,Q04,做空,373,0.0014725543535033605,-0.023680176892615146
修正前,2026-03-20,Q04,做空,447,0.0036893129153573656,-0.020078227559705564
修正前,2026-03-23,Q04,做空,209,0.00371985952890326,-0.01643305621691382
修正前,2026-03-24,Q04,做空,224,-0.003316897041973529,-0.019695446503330882
修正前,2026-03-25,Q04,做空,225,0.00039022221997988204,-0.019312909884209084
修正前,2026-03-26,Q04,做空,247,0.001599998345569946,-0.017743812162502093
修正前,2026-03-27,Q04,做空,324,-0.00281298065579275,-0.020506879817921653
修正前,2026-03-30,Q04,做空,293,-0.0024236438876580535,-0.022880822331654005
修正前,2026-03-31,Q04,做空,237,0.0009504473317617881,-0.021952122016425824
修正前,2026-04-01,Q04,做空,401,0.0002402065959465478,-0.021717188464982606
修正前,2026-04-02,Q04,做空,42,0.0022150547721962325,-0.01955023845473447
修正前,2026-04-03,Q04,做空,125,0.0004744433181476779,-0.019085070616589928
修正前,2026-04-07,Q04,做空,234,-0.0024173586699696463,-0.021456293825637518
修正前,2026-04-08,Q04,做空,239,-0.000982954362663964,-0.022418157630678892
修正前,2026-04-09,Q04,做空,157,0.00011225446328903759,-0.02230841970564268
修正前,2026-04-10,Q04,做空,167,-0.0027344826749448586,-0.024981900393396983
修正前,2026-04-13,Q04,做空,226,-0.00008859863644234004,-0.025068285667528833
修正前,2026-04-14,Q04,做空,384,-0.0013737517933615588,-0.026407599858498054
修正前,2026-04-15,Q04,做空,242,0.0007676108581476873,-0.02566025976073949
修正前,2026-04-16,Q04,做空,224,0.00017934125742970406,-0.02548552044656116
修正前,2026-04-17,Q04,做空,309,-0.0005381775836654412,-0.026009982294414202
修正前,2026-04-20,Q04,做空,384,-0.00001565270072963661,-0.026025227868675005
修正前,2026-04-21,Q04,做空,350,-0.00047661901463080927,-0.02648944276484355
修正前,2026-04-22,Q04,做空,327,-0.0006997412213058295,-0.027170648231117367
修正前,2026-04-23,Q04,做空,262,0.0020751252753261518,-0.0251519054546826
修正前,2026-04-24,Q04,做空,402,-0.0013957527678858648,-0.026512552380912435
修正前,2026-04-27,Q04,做空,363,-0.00005438639626427125,-0.026565496854996984
修正前,2026-04-28,Q04,做空,180,0.0008730998679917927,-0.02571559131880241
修正前,2026-04-29,Q04,做空,162,-0.0008467158223078356,-0.026540533343060613
修正前,2026-04-30,Q04,做空,333,-0.0026126681308208913,-0.029083859868241024
修正前,2026-05-06,Q04,做空,182,-0.0013969951889201504,-0.03044022504485
修正前,2026-05-07,Q04,做空,213,-0.0009761696286394836,-0.03138667985031174
修正前,2026-05-08,Q04,做空,88,-0.00008023901562575537,-0.03146440042964249
修正前,2026-05-11,Q04,做空,360,-0.001329853648591476,-0.032752411030521844
修正前,2026-05-12,Q04,做空,265,0.00031242866685750174,-0.03245021515577906
修正前,2026-05-13,Q04,做空,237,-0.0012022989973078215,-0.03361349929194268
修正前,2026-05-14,Q04,做空,315,0.0018977389354462042,-0.03177955000285937
修正前,2026-05-15,Q04,做空,414,0.002034196793038459,-0.029809999068520998
修正前,2026-05-18,Q04,做空,299,0.0017844100621005055,-0.028078782268709523
修正前,2026-05-19,Q04,做空,356,-0.0006876422238890249,-0.028747116336315215
修正前,2026-05-20,Q04,做空,290,-0.002339125199075076,-0.03101899843116729
修正前,2026-05-21,Q04,做空,447,0.002579116107201841,-0.02851988392244864
修正前,2026-05-22,Q04,做空,348,-0.0008148042266400118,-0.02931145002712543
修正前,2026-05-25,Q04,做空,240,-0.0011148159982136954,-0.030393589151918032
修正前,2026-05-26,Q04,做空,387,-0.0010318225858563022,-0.03139405094602221
修正前,2026-05-27,Q04,做空,305,0.0030290983616351533,-0.028460048252672676
修正前,2026-05-28,Q04,做空,133,-0.0017490020698569698,-0.030159273639227435
修正前,2026-05-29,Q04,做空,442,0.00243385288764552,-0.02779882398681799
修正前,2026-06-01,Q04,做空,131,0.0027627802132015678,-0.02511284581447748
修正前,2026-06-02,Q04,做空,195,-0.0021684894931707113,-0.027226878365355867
修正前,2026-06-03,Q04,做空,342,-0.0002760092350330503,-0.02749537273051894
修正前,2026-06-04,Q04,做空,134,0.00045920787735341756,-0.02704879094491419
修正前,2026-06-05,Q04,做空,271,-0.00016925725435360843,-0.02721346999517882
修正前,2026-06-08,Q04,做空,271,0.0015203581743122327,-0.02573448604242523
修正前,2026-06-09,Q04,做空,186,-0.0011332200492199596,-0.026838543256105574
修正前,2026-06-10,Q04,做空,260,0.0001475994132656174,-0.026694905196077534
修正前,2026-06-11,Q04,做空,495,-0.00030600247561659384,-0.026992738964617846
修正前,2026-06-12,Q04,做空,171,-0.004061147279082423,-0.03094426475529921
修正前,2026-06-15,Q04,做空,155,-0.002753641094891317,-0.03361269645110909
修正前,2026-06-16,Q04,做空,234,-0.00042452892661940417,-0.034022955815783296
修正前,2026-06-17,Q04,做空,199,-0.0003192029942319045,-0.03433129858064621
修正前,2026-06-18,Q04,做空,361,0.00014482928639348116,-0.034191441471727146
修正前,2026-06-22,Q04,做空,268,-0.0008297709569725062,-0.03499284136358938
修正前,2026-06-23,Q04,做空,106,0.004742195716765841,-0.03041658854925533
修正前,2026-06-24,Q04,做空,208,-0.0009850573521379585,-0.03137168381721589
修正前,2026-06-25,Q04,做空,275,0.0004664065801162823,-0.030919909196861273
修正前,2026-06-26,Q04,做空,430,0.003075297907826309,-0.02793969922109818
修正前,2026-06-29,Q04,做空,233,-0.0013845348870581567,-0.02928555061985083
修正前,2026-06-30,Q04,做空,163,-0.0017413173572223154,-0.03097587253946299
修正前,2024-02-01,Q05,做空,249,0.0018779087079028286,0.0018779087079028312
修正前,2024-02-02,Q05,做空,193,0.002429695601271673,0.00431216705570181
修正前,2024-02-05,Q05,做空,285,0.00015221896189215937,0.004465042411186726
修正前,2024-02-06,Q05,做空,142,-0.012427710550082979,-0.008018158393576336
修正前,2024-02-07,Q05,做空,197,-0.0011293911046025267,-0.009138493861413854
修正前,2024-02-08,Q05,做空,247,-0.0002641781648275252,-0.009400257835703751
修正前,2024-02-19,Q05,做空,202,0.0007679069889545105,-0.008639569370439193
修正前,2024-02-20,Q05,做空,354,-0.0014629920006795105,-0.010089921750240483
修正前,2024-02-21,Q05,做空,195,-0.00502848407126387,-0.015067668810702983
修正前,2024-02-22,Q05,做空,202,-0.0009132557175995893,-0.015967163893610303
修正前,2024-02-23,Q05,做空,338,-0.0011297079543607204,-0.017078833615911893
修正前,2024-02-26,Q05,做空,242,-0.00022481867764770507,-0.017299812652770252
修正前,2024-02-27,Q05,做空,329,-0.002102603116529176,-0.019366041129300404
修正前,2024-02-28,Q05,做空,198,0.0021540127036132617,-0.017253743124298393
修正前,2024-02-29,Q05,做空,104,0.00024472661103712965,-0.017013238963343835
修正前,2024-03-01,Q05,做空,189,-0.0006366357841615494,-0.01763904351077683
修正前,2024-03-04,Q05,做空,356,0.0007442692338863095,-0.016907902474290748
修正前,2024-03-05,Q05,做空,367,1.0467826643177088e-6,-0.016906873390525656
修正前,2024-03-06,Q05,做空,294,-0.0008873511014207659,-0.017779222159221786
修正前,2024-03-07,Q05,做空,188,0.0015860511363264757,-0.01622136977840405
修正前,2024-03-08,Q05,做空,461,0.00024142995932819512,-0.015983856143721553
修正前,2024-03-11,Q05,做空,352,-0.0008338013958770964,-0.01680433017803451
修正前,2024-03-12,Q05,做空,315,-0.0003527266624414118,-0.01715112950517772
修正前,2024-03-13,Q05,做空,281,-0.00021971196525115387,-0.017367073162058988
修正前,2024-03-14,Q05,做空,403,0.0013503535948677864,-0.016040171256867963
修正前,2024-03-15,Q05,做空,392,-0.0012133487440799083,-0.01723405767929842
修正前,2024-03-18,Q05,做空,320,-0.0005768276800154126,-0.01780094427780543
修正前,2024-03-19,Q05,做空,256,0.0005295805833043232,-0.017280790728955164
修正前,2024-03-20,Q05,做空,304,0.00014767664050084836,-0.017135666057574328
修正前,2024-03-21,Q05,做空,386,0.0007940493821992974,-0.01635522324042149
修正前,2024-03-22,Q05,做空,355,0.003144287790200906,-0.013262360978961496
修正前,2024-03-25,Q05,做空,283,-0.0004896830948186518,-0.013745549719811345
修正前,2024-03-26,Q05,做空,370,-0.00013013608784948137,-0.013873897015594938
修正前,2024-03-27,Q05,做空,255,0.0010523076666811226,-0.01283618895711014
修正前,2024-03-28,Q05,做空,387,-0.0006783312889734537,-0.013505813057482774
修正前,2024-03-29,Q05,做空,407,-0.0019046952943862485,-0.015384783893291565
修正前,2024-04-01,Q05,做空,238,0.0002466789161999947,-0.015141900078908477
修正前,2024-04-02,Q05,做空,228,0.001102886016253666,-0.014055713852511365
修正前,2024-04-03,Q05,做空,255,0.0012252355827299384,-0.012847699830534132
修正前,2024-04-08,Q05,做空,324,0.00004571323117690756,-0.012802573909229675
修正前,2024-04-09,Q05,做空,253,-0.000358707399665205,-0.013156688930898941
修正前,2024-04-10,Q05,做空,309,0.0007790515673677226,-0.012387887102664141
修正前,2024-04-11,Q05,做空,374,-0.0007482190964527006,-0.013126837345421971
修正前,2024-04-12,Q05,做空,489,0.0017034874347241283,-0.011445711313173401
修正前,2024-04-15,Q05,做空,303,-0.001685106738612844,-0.013111530806524274
修正前,2024-04-16,Q05,做空,263,0.001738384448837519,-0.011395939238941333
修正前,2024-04-17,Q05,做空,215,-0.0012548514532005187,-0.01263649048122728
修正前,2024-04-18,Q05,做空,305,-0.0018245017866066803,-0.014437936968374476
修正前,2024-04-19,Q05,做空,335,0.0009484252510283928,-0.013503205021339726
修正前,2024-04-22,Q05,做空,216,0.00044594665087061003,-0.013063280079524398
修正前,2024-04-23,Q05,做空,469,0.0005621294047718104,-0.012508493928608089
修正前,2024-04-24,Q05,做空,114,-0.0014532404985450405,-0.013943556577200256
修正前,2024-04-25,Q05,做空,128,-0.0011827508485566796,-0.015109815672383342
修正前,2024-04-26,Q05,做空,353,-0.002170201153575216,-0.017247225486556106
修正前,2024-04-29,Q05,做空,229,-0.0017836136539540646,-0.019000076753639572
修正前,2024-04-30,Q05,做空,103,0.0012874822070125889,-0.017737056807379137
修正前,2024-05-06,Q05,做空,317,-0.0004041168030304761,-0.018134005767717398
修正前,2024-05-07,Q05,做空,212,0.0007405984244610838,-0.017406837359357108
修正前,2024-05-08,Q05,做空,215,0.0008356670579307193,-0.016585716621990265
修正前,2024-05-09,Q05,做空,235,0.00042796583869122957,-0.016164848903423512
修正前,2024-05-10,Q05,做空,415,-0.00016833980888947395,-0.01633046752473788
修正前,2024-05-13,Q05,做空,239,-0.0012881285370613456,-0.01759756032055715
修正前,2024-05-14,Q05,做空,413,0.000782292114766853,-0.016829034638468188
修正前,2024-05-15,Q05,做空,344,0.0004812518173863747,-0.01635588182458636
修正前,2024-05-16,Q05,做空,333,0.0013294488007477001,-0.015048177331315582
修正前,2024-05-17,Q05,做空,311,-0.001090031264030144,-0.016121805611587936
修正前,2024-05-20,Q05,做空,180,-0.00032846295837063937,-0.01644497315399307
修正前,2024-05-21,Q05,做空,339,0.0007279438614956196,-0.015729000309757435
修正前,2024-05-22,Q05,做空,315,0.000709074786261356,-0.015031078561028921
修正前,2024-05-23,Q05,做空,391,0.0013313407625924424,-0.013719749286030591
修正前,2024-05-24,Q05,做空,253,0.0005425146957687995,-0.013184677755871843
修正前,2024-05-27,Q05,做空,385,-0.0005514089727181602,-0.013728816578973069
修正前,2024-05-28,Q05,做空,341,0.0008533313169441619,-0.012887200491160433
修正前,2024-05-29,Q05,做空,505,0.000643225672539833,-0.01225226419682357
修正前,2024-05-30,Q05,做空,391,0.0008340766499339439,-0.011428406874364971
修正前,2024-05-31,Q05,做空,382,0.0009581492123426717,-0.010481207781067203
修正前,2024-06-03,Q05,做空,89,-0.00037222051366953067,-0.010849526974192614
修正前,2024-06-04,Q05,做空,470,-0.001136989840009111,-0.011974181012263108
修正前,2024-06-05,Q05,做空,405,0.0008554258586100107,-0.011128998177726723
修正前,2024-06-06,Q05,做空,424,0.0015372724924504237,-0.009608833988043353
修正前,2024-06-07,Q05,做空,350,0.0021479669834245994,-0.0074815064627743455
修正前,2024-06-11,Q05,做空,456,-0.0007805310005766698,-0.008256197915625707
修正前,2024-06-12,Q05,做空,315,0.0005568096415132344,-0.007703985404714175
修正前,2024-06-13,Q05,做空,371,0.0007343372930816533,-0.006975305435420465
修正前,2024-06-14,Q05,做空,435,-0.0003085844127321482,-0.007281737377621278
修正前,2024-06-17,Q05,做空,278,-0.0004984390782626813,-0.007776546953417229
修正前,2024-06-18,Q05,做空,424,0.00023632775398409477,-0.007542057013308456
修正前,2024-06-19,Q05,做空,491,0.0005778545215997969,-0.006968560703455973
修正前,2024-06-20,Q05,做空,490,0.0017583717424490808,-0.005222442281233475
修正前,2024-06-21,Q05,做空,353,0.0017276014450621903,-0.0035038631350030602
修正前,2024-06-24,Q05,做空,257,0.0012747737857798959,-0.0022335559820966244
修正前,2024-06-25,Q05,做空,393,0.0008244038415439847,-0.0014109934926846979
修正前,2024-06-26,Q05,做空,345,-0.0008101891806185502,-0.002220039501641624
修正前,2024-06-27,Q05,做空,319,0.0002021500303753583,-0.0020183382523190074
修正前,2024-06-28,Q05,做空,281,0.00014040511745911464,-0.0018782165198791834
修正前,2024-07-01,Q05,做空,148,-0.0008353499669209594,-0.002711997518692333
修正前,2024-07-02,Q05,做空,286,0.0011208226278795082,-0.0015942145589984413
修正前,2024-07-03,Q05,做空,401,-0.00002466048069148466,-0.0016188357255926267
修正前,2024-07-04,Q05,做空,426,0.002634156475878925,0.0010110564836762759
修正前,2024-07-05,Q05,做空,254,0.0008368152874199019,0.0018487178386181746
修正前,2024-07-08,Q05,做空,272,0.0012194905023079627,0.0030704628347717478
修正前,2024-07-09,Q05,做空,295,-0.003138332508252322,-0.00007750580681031849
修正前,2024-07-10,Q05,做空,281,-0.0004959586902427921,-0.0005734260573746486
修正前,2024-07-11,Q05,做空,208,-0.00022389709621305743,-0.0007971947651586042
修正前,2024-07-12,Q05,做空,301,0.00004693218062338234,-0.0007502999986239711
修正前,2024-07-15,Q05,做空,413,0.000625215542370078,-0.0001255535554745002
修正前,2024-07-16,Q05,做空,307,-0.0001953770103892812,-0.0003209060355854332
修正前,2024-07-17,Q05,做空,136,0.0012956335448881659,0.0009743117326783679
修正前,2024-07-18,Q05,做空,292,0.000026886612705647953,0.0010012245413262288
修正前,2024-07-19,Q05,做空,271,-0.001769700271049639,-0.0007702475970655653
修正前,2024-07-22,Q05,做空,281,-0.00023249192457493672,-0.0010025604452943426
修正前,2024-07-23,Q05,做空,387,0.0030422611921059766,0.002036650696076059
修正前,2024-07-24,Q05,做空,336,0.00091688289180205,0.0029554009580579077
修正前,2024-07-25,Q05,做空,142,0.00019477434382769016,0.0031507509381680787
修正前,2024-07-26,Q05,做空,135,0.0006040449781317471,0.0037566991115813853
修正前,2024-07-29,Q05,做空,332,0.0006790377674953934,0.004438287819654718
修正前,2024-07-30,Q05,做空,311,-0.0012938761357457595,0.0031386690892156732
修正前,2024-07-31,Q05,做空,277,-0.00462354538265224,-0.0014993880724116782
修正前,2024-08-01,Q05,做空,192,0.0010441013364470564,-0.0004568522490548954
修正前,2024-08-02,Q05,做空,191,0.0015247276637994829,0.0010671788394822634
修正前,2024-08-05,Q05,做空,324,0.0020130466249341865,0.0030823737451775024
修正前,2024-08-06,Q05,做空,500,0.00009263300721067935,0.0031752922819374696
修正前,2024-08-07,Q05,做空,169,0.00011443089944869832,0.0032900865329379414
修正前,2024-08-08,Q05,做空,352,-0.001211718600540156,0.002074381273348358
修正前,2024-08-09,Q05,做空,296,0.0019158457596097072,0.003994201227524474
修正前,2024-08-12,Q05,做空,123,-0.00038393417181521917,0.0036087335453689473
修正前,2024-08-13,Q05,做空,551,-0.0003956018594900605,0.0032117040641779226
修正前,2024-08-14,Q05,做空,231,0.00025535340096979924,0.0034678775847032384
修正前,2024-08-15,Q05,做空,308,-0.0012140100897069077,0.002249657456618648
修正前,2024-08-16,Q05,做空,136,-0.0007278208780221843,0.001520199230931274
修正前,2024-08-19,Q05,做空,420,0.0007663900842089788,0.002287754380756901
修正前,2024-08-20,Q05,做空,370,0.0018119898263181755,0.004103889594738286
修正前,2024-08-21,Q05,做空,148,-0.00037860117019492364,0.0037237346871403787
修正前,2024-08-22,Q05,做空,202,0.0000391329963844832,0.0037630134044208674
修正前,2024-08-23,Q05,做空,222,-0.0011526739030700442,0.0026060019740026252
修正前,2024-08-26,Q05,做空,441,-0.0002768509737325488,0.00232842952608614
修正前,2024-08-27,Q05,做空,599,0.0004764882120581146,0.002806027207366002
修正前,2024-08-28,Q05,做空,340,-0.0002365568897456636,0.0025688065325515375
修正前,2024-08-29,Q05,做空,242,-0.0016244416850489615,0.0009401919710902984
修正前,2024-08-30,Q05,做空,264,-0.0030318892461240685,-0.0020945478329602585
修正前,2024-09-02,Q05,做空,169,0.0010588065203037816,-0.0010379590335589661
修正前,2024-09-03,Q05,做空,173,-0.00028870483047653236,-0.0013263642002486753
修正前,2024-09-04,Q05,做空,346,0.0003592021991970654,-0.0009676384339891708
修正前,2024-09-05,Q05,做空,228,0.000420778789798772,-0.000547266805919655
修正前,2024-09-06,Q05,做空,353,0.0021765559252295294,0.0016280979625007408
修正前,2024-09-09,Q05,做空,321,0.0014676576125152833,0.0030981450653846387
修正前,2024-09-10,Q05,做空,320,0.000981746835850572,0.004082933495350272
修正前,2024-09-11,Q05,做空,213,-0.0016367724792145852,0.0024394781829559786
修正前,2024-09-12,Q05,做空,311,0.0004839838946894482,0.002924642745797401
修正前,2024-09-13,Q05,做空,564,0.00077511346319412,0.003702023138958843
修正前,2024-09-18,Q05,做空,420,0.00024370010978600476,0.003946625432190043
修正前,2024-09-19,Q05,做空,259,-0.0021571922463766735,0.001780919556031657
修正前,2024-09-20,Q05,做空,390,-0.0010492014768178938,0.0007298495357854762
修正前,2024-09-23,Q05,做空,367,-0.00031424475143370485,0.000415375432965881
修正前,2024-09-24,Q05,做空,275,-0.00794665722360316,-0.0075345826368221624
修正前,2024-09-25,Q05,做空,270,0.0011142575458641794,-0.006428720556515888
修正前,2024-09-26,Q05,做空,88,-0.006108633387735939,-0.012498083247219904
修正前,2024-09-27,Q05,做空,202,-0.014278199217232673,-0.026597832342015293
修正前,2024-09-30,Q05,做空,218,-0.019819835117065407,-0.04589050280759066
修正前,2024-10-08,Q05,做空,219,0.01713569214991541,-0.02954117618639085
修正前,2024-10-09,Q05,做空,131,0.010478450056644892,-0.019372271869029678
修正前,2024-10-10,Q05,做空,179,-0.001476426919409745,-0.020820097044761843
修正前,2024-10-11,Q05,做空,240,0.004647025438468215,-0.016269823126891958
修正前,2024-10-14,Q05,做空,300,-0.0030427419486174284,-0.0192630602021846
修正前,2024-10-15,Q05,做空,164,0.0028883961488800863,-0.01643030340220808
修正前,2024-10-16,Q05,做空,253,-0.0003914079891912098,-0.01681528043938285
修正前,2024-10-17,Q05,做空,281,0.002168659765794923,-0.014683087295727426
修正前,2024-10-18,Q05,做空,197,-0.005963965128924931,-0.02055948300403565
修正前,2024-10-21,Q05,做空,173,-0.0018483895541056372,-0.022369870624518784
修正前,2024-10-22,Q05,做空,220,-0.0016585918692561047,-0.02399136000824076
修正前,2024-10-23,Q05,做空,103,0.0032484657654933773,-0.02082082935440177
修正前,2024-10-24,Q05,做空,244,0.0006402595736439193,-0.020193900516083274
修正前,2024-10-25,Q05,做空,246,0.0003342644070996572,-0.019866386211166653
修正前,2024-10-28,Q05,做空,473,-0.0012039380362424724,-0.02104640634940691
修正前,2024-10-29,Q05,做空,173,0.0018043460319696178,-0.019280035317221
修正前,2024-10-30,Q05,做空,222,0.00001191129340768712,-0.01926835367397095
修正前,2024-10-31,Q05,做空,311,-0.0011029629029016912,-0.020350064297570247
修正前,2024-11-01,Q05,做空,309,0.0005430779981312552,-0.019818037971619518
修正前,2024-11-04,Q05,做空,228,-0.0009514762615780407,-0.02075065784051644
修正前,2024-11-05,Q05,做空,99,-0.006878088634682236,-0.027486021611343614
修正前,2024-11-06,Q05,做空,158,0.0009207225274955898,-0.026590606083136792
修正前,2024-11-07,Q05,做空,201,-0.0033401744861551908,-0.02984196330528166
修正前,2024-11-08,Q05,做空,174,0.0028430726716819088,-0.02708373350394233
修正前,2024-11-11,Q05,做空,64,-0.002364220003983064,-0.02938392160339287
修正前,2024-11-12,Q05,做空,237,0.0039325817332483675,-0.025566894543493257
修正前,2024-11-13,Q05,做空,292,-0.00011877424519410204,-0.025682632100086034
修正前,2024-11-14,Q05,做空,296,0.002073181623018172,-0.02366269523796849
修正前,2024-11-15,Q05,做空,327,0.0008790260092050922,-0.022804469353325474
修正前,2024-11-18,Q05,做空,369,0.0016551060237640044,-0.021187107144156947
修正前,2024-11-19,Q05,做空,479,0.00046815794145661435,-0.020728868115166277
修正前,2024-11-20,Q05,做空,166,0.00010935795552245234,-0.020621777026281207
修正前,2024-11-21,Q05,做空,162,-0.0010874716530294936,-0.021686823081359496
修正前,2024-11-22,Q05,做空,271,0.0034616280520711577,-0.018300266744427085
修正前,2024-11-25,Q05,做空,340,0.0005371208804503755,-0.01777297531936295
修正前,2024-11-26,Q05,做空,144,0.0007714738809833458,-0.017015212824625814
修正前,2024-11-27,Q05,做空,410,-0.0032024345565044247,-0.020163157275594368
修正前,2024-11-28,Q05,做空,265,0.0004812176659607706,-0.01969164247711619
修正前,2024-11-29,Q05,做空,145,-0.004647249829903213,-0.024247380324867063
修正前,2024-12-02,Q05,做空,238,0.0002817075120609453,-0.023972503481991425
修正前,2024-12-03,Q05,做空,309,0.0010239901849969884,-0.02297306090526996
修正前,2024-12-04,Q05,做空,281,0.0008830403915120271,-0.022110306654453904
修正前,2024-12-05,Q05,做空,331,-0.00043695402571075425,-0.02253759949266232
修正前,2024-12-06,Q05,做空,229,-0.002887841870656362,-0.025360356339839685
修正前,2024-12-09,Q05,做空,312,-0.002957736888628204,-0.028243083967012805
修正前,2024-12-10,Q05,做空,149,0.002243020749809502,-0.02606341304058002
修正前,2024-12-11,Q05,做空,254,-0.00020769539494679297,-0.026265695184661708
修正前,2024-12-12,Q05,做空,284,0.0010016025303550226,-0.02529040044106523
修正前,2024-12-13,Q05,做空,276,0.0009111362640238519,-0.024402307178014837
修正前,2024-12-16,Q05,做空,181,0.0007811737347026652,-0.02364019588474564
修正前,2024-12-17,Q05,做空,246,0.0016374585995391699,-0.022041447127252756
修正前,2024-12-18,Q05,做空,110,0.00047110608403189955,-0.021580724903063397
修正前,2024-12-19,Q05,做空,280,0.00017508134959436054,-0.021409421935910222
修正前,2024-12-20,Q05,做空,281,0.0004854545697260787,-0.020934360667898
修正前,2024-12-23,Q05,做空,444,0.001185217790776192,-0.01977395465382381
修正前,2024-12-24,Q05,做空,390,-2.9320327788203334e-6,-0.01977682870871944
修正前,2024-12-25,Q05,做空,380,0.0007321562529939815,-0.019059152184528916
修正前,2024-12-26,Q05,做空,315,-0.0007066302074004881,-0.019752314619268407
修正前,2024-12-27,Q05,做空,388,-0.00023572702722264797,-0.019983385492085115
修正前,2024-12-30,Q05,做空,218,0.00007478718602415196,-0.019910092807229218
修正前,2024-12-31,Q05,做空,104,0.002342392265570827,-0.017614337789056855
修正前,2025-01-02,Q05,做空,147,0.0024239219743000156,-0.015233111595186366
修正前,2025-01-03,Q05,做空,137,0.0024600144275529973,-0.012810570841934044
修正前,2025-01-06,Q05,做空,322,-0.00053261558861766,-0.013336363320822109
修正前,2025-01-07,Q05,做空,300,-0.0010073550234907696,-0.014330283891726636
修正前,2025-01-08,Q05,做空,290,-0.0027840430952672814,-0.0170744308590719
修正前,2025-01-09,Q05,做空,299,-0.0002787629197326132,-0.01734843406060549
修正前,2025-01-10,Q05,做空,495,0.0015169220859160754,-0.015857828197471946
修正前,2025-01-13,Q05,做空,284,-0.0008463568829157197,-0.016690763698344546
修正前,2025-01-14,Q05,做空,159,-0.00419637160753698,-0.02081709465898962
修正前,2025-01-15,Q05,做空,246,0.00009903161599214673,-0.020720124593521794
修正前,2025-01-16,Q05,做空,208,0.0009000122406108018,-0.019838760718672077
修正前,2025-01-17,Q05,做空,391,-0.0014265545530279245,-0.02123701419727031
修正前,2025-01-20,Q05,做空,351,0.0005260785635366062,-0.02072210797165641
修正前,2025-01-21,Q05,做空,380,-0.00037499297603445534,-0.02108933030275295
修正前,2025-01-22,Q05,做空,485,-0.00111152888990527,-0.022177417792757947
修正前,2025-01-23,Q05,做空,407,0.002198533340954266,-0.020027642244237365
修正前,2025-01-24,Q05,做空,339,-0.0013446630703350241,-0.021345374883660617
修正前,2025-01-27,Q05,做空,383,0.000577005365824384,-0.020780685913679764
修正前,2025-02-05,Q05,做空,365,0.001059586796297593,-0.019743118057794162
修正前,2025-02-06,Q05,做空,184,-0.0027792942497280424,-0.022467540373032446
修正前,2025-02-07,Q05,做空,150,-0.004297209413343808,-0.026668202060390556
修正前,2025-02-10,Q05,做空,187,0.0011555162129813512,-0.025543501387261136
修正前,2025-02-11,Q05,做空,107,-0.0013595902390623569,-0.0268683629311659
修正前,2025-02-12,Q05,做空,199,-0.0004614772003137591,-0.027317440994577113
修正前,2025-02-13,Q05,做空,538,0.0006188437517158528,-0.02671550247053367
修正前,2025-02-14,Q05,做空,368,-0.0007463021253858207,-0.027441866759644995
修正前,2025-02-17,Q05,做空,375,0.0006570351353245011,-0.026802861894960395
修正前,2025-02-18,Q05,做空,320,0.0013626687679447968,-0.025476716549811318
修正前,2025-02-19,Q05,做空,209,-0.0020541879915215665,-0.0274785705761329
修正前,2025-02-20,Q05,做空,346,-0.00043522696213023213,-0.027901838123467693
修正前,2025-02-21,Q05,做空,253,-0.0010881896480360472,-0.028959665280096636
修正前,2025-02-24,Q05,做空,266,0.0015986112593280378,-0.02740734926775179
修正前,2025-02-25,Q05,做空,416,0.00020427684441633924,-0.02720867111015768
修正前,2025-02-26,Q05,做空,383,-0.000633129083261796,-0.02782457359242263
修正前,2025-02-27,Q05,做空,372,-0.00023879403656743521,-0.028056723286746132
修正前,2025-02-28,Q05,做空,144,0.0020630520771192096,-0.026051553690880858
修正前,2025-03-03,Q05,做空,159,0.0015710309612214765,-0.024521450527095534
修正前,2025-03-04,Q05,做空,328,-0.0003933292430191636,-0.024905134766541104
修正前,2025-03-05,Q05,做空,266,-0.001579185701090789,-0.026444990634924892
修正前,2025-03-06,Q05,做空,248,-0.0003981958996577774,-0.026832656247745335
修正前,2025-03-07,Q05,做空,207,0.000549103413047837,-0.026298286737824306
修正前,2025-03-10,Q05,做空,295,0.0003633246529438943,-0.025944516900782366
修正前,2025-03-11,Q05,做空,366,-0.001302082074055915,-0.02721281708446177
修正前,2025-03-12,Q05,做空,248,-0.0006416112791773612,-0.027836968313259547
修正前,2025-03-13,Q05,做空,443,-0.00003274875515082517,-0.02786880544235093
修正前,2025-03-14,Q05,做空,214,-0.005287289492966538,-0.033008744493120634
修正前,2025-03-17,Q05,做空,250,-0.0005652240905037615,-0.03355531124603961
修正前,2025-03-18,Q05,做空,278,0.0008196084916614885,-0.032763204972415805
修正前,2025-03-19,Q05,做空,302,0.00030286700396554926,-0.03247026086218052
修正前,2025-03-20,Q05,做空,321,0.00028402768702875833,-0.032195455628241554
修正前,2025-03-21,Q05,做空,328,0.0027690563271856416,-0.029515550331169926
修正前,2025-03-24,Q05,做空,228,-0.0002037266506688371,-0.029713263877627072
修正前,2025-03-25,Q05,做空,358,0.0006946569791371939,-0.029039247424615278
修正前,2025-03-26,Q05,做空,204,0.0006917625597256405,-0.028367573129020607
修正前,2025-03-27,Q05,做空,253,-0.0019293926476820495,-0.03024223358967504
修正前,2025-03-28,Q05,做空,454,0.0007718151531349929,-0.02949375985068914
修正前,2025-03-31,Q05,做空,67,0.0025304345916409335,-0.027037957289211878
修正前,2025-04-01,Q05,做空,465,0.00005316156866585946,-0.026986233100769086
修正前,2025-04-02,Q05,做空,501,0.0004976856633333003,-0.02650197809875754
修正前,2025-04-03,Q05,做空,131,0.021354226794026977,-0.005713680555541778
修正前,2025-04-07,Q05,做空,98,0.0026573836334211256,-0.003071480363315504
修正前,2025-04-08,Q05,做空,206,-0.0010158864946594266,-0.00408424658255524
修正前,2025-04-09,Q05,做空,193,-0.0022061387564953168,-0.0062813749243737504
修正前,2025-04-10,Q05,做空,165,-0.00008177525887731463,-0.00636263652219049
修正前,2025-04-11,Q05,做空,152,-0.0007870076901063408,-0.007144636768424473
修正前,2025-04-14,Q05,做空,227,0.0006087991754820064,-0.006540187241916295
修正前,2025-04-15,Q05,做空,289,0.00026494184127800525,-0.006276978169888592
修正前,2025-04-16,Q05,做空,297,-0.0002987896616888932,-0.006573892335393738
修正前,2025-04-17,Q05,做空,290,0.00011835785794417084,-0.006456312549264709
修正前,2025-04-18,Q05,做空,457,-0.001131763093507402,-0.007580768626508694
修正前,2025-04-21,Q05,做空,392,-0.0006621704948086015,-0.008237919360004953
修正前,2025-04-22,Q05,做空,326,-0.0012365223656998065,-0.009464255354169282
修正前,2025-04-23,Q05,做空,341,0.00023922584126457637,-0.009227293607353637
修正前,2025-04-24,Q05,做空,260,0.00038916162932134917,-0.008841722886646641
修正前,2025-04-25,Q05,做空,512,0.00034402844516279174,-0.008500736245661056
修正前,2025-04-28,Q05,做空,115,-0.0005883923642218377,-0.00908412684158566
修正前,2025-04-29,Q05,做空,217,-0.00011941914003790884,-0.009202461163008158
修正前,2025-04-30,Q05,做空,378,0.00011700426490933365,-0.00908653362530265
修正前,2025-05-06,Q05,做空,394,-0.0017200364970823255,-0.010790940952917438
修正前,2025-05-07,Q05,做空,211,0.0003324342968885266,-0.010462093934897387
修正前,2025-05-08,Q05,做空,430,-0.00011084989474025057,-0.01057178410762627
修正前,2025-05-09,Q05,做空,187,-0.0008946564831958653,-0.011456982475631317
修正前,2025-05-12,Q05,做空,455,-0.0009948803011246747,-0.012440464450580668
修正前,2025-05-13,Q05,做空,332,0.0005180947168865024,-0.011928815072601573
修正前,2025-05-14,Q05,做空,180,-0.00035873367752275147,-0.012283269482424752
修正前,2025-05-15,Q05,做空,427,0.0012261528841424182,-0.011072177764584912
修正前,2025-05-16,Q05,做空,258,0.0015634190730374692,-0.009526069145444738
修正前,2025-05-19,Q05,做空,394,-0.000676230542889668,-0.010195857869424563
修正前,2025-05-20,Q05,做空,238,-0.0004930587022369894,-0.010683889415212255
修正前,2025-05-21,Q05,做空,139,0.0005003671465065119,-0.01018886813596609
修正前,2025-05-22,Q05,做空,434,0.0003270527324132961,-0.009865147700716892
修正前,2025-05-23,Q05,做空,363,0.0007240423621709546,-0.009148248123390212
修正前,2025-05-26,Q05,做空,580,0.0003394662310554473,-0.008811887413646025
修正前,2025-05-27,Q05,做空,393,0.00010557881786838131,-0.008707238944434037
修正前,2025-05-28,Q05,做空,394,-0.0002668864935405167,-0.008971801593504303
修正前,2025-05-29,Q05,做空,348,-0.0013021725214886158,-0.010262291281489588
修正前,2025-05-30,Q05,做空,215,-0.0002885991492549629,-0.010547928742211332
修正前,2025-06-03,Q05,做空,443,-0.00041126725126093864,-0.010954857975811971
修正前,2025-06-04,Q05,做空,537,0.00011450504964796151,-0.010841607312720325
修正前,2025-06-05,Q05,做空,424,-0.0003868685955394368,-0.011224281630865307
修正前,2025-06-06,Q05,做空,295,-0.0011437238644911134,-0.01235516801659342
修正前,2025-06-09,Q05,做空,261,-0.00026433965032846647,-0.012616241706128628
修正前,2025-06-10,Q05,做空,174,-0.0013423866123842857,-0.013941692444548015
修正前,2025-06-11,Q05,做空,378,0.00004189735115913825,-0.013900379213372949
修正前,2025-06-12,Q05,做空,323,-0.0005002363475616091,-0.01439366208600712
修正前,2025-06-13,Q05,做空,516,-0.00012015824183414902,-0.014512090810711475
修正前,2025-06-16,Q05,做空,262,-0.00023915607415045032,-0.014747776230195964
修正前,2025-06-17,Q05,做空,556,0.000331017754217637,-0.014421640251745638
修正前,2025-06-18,Q05,做空,480,-0.00012612181801614498,-0.014545943186274557
修正前,2025-06-19,Q05,做空,626,0.0008920467378676328,-0.013666872109575401
修正前,2025-06-20,Q05,做空,493,8.139993579119337e-6,-0.013658843364247386
修正前,2025-06-23,Q05,做空,285,-0.0015816861852439806,-0.015218925545635753
修正前,2025-06-24,Q05,做空,149,-0.0016747421646600468,-0.016868179933983707
修正前,2025-06-25,Q05,做空,179,-0.0026126659355599786,-0.019436774950435276
修正前,2025-06-26,Q05,做空,189,-0.0004779480581486563,-0.0199054332397397
修正前,2025-06-27,Q05,做空,161,-0.0003372344388774747,-0.020235954881007934
修正前,2025-06-30,Q05,做空,286,0.0009717833286835535,-0.019283836515917807
修正前,2025-07-01,Q05,做空,276,0.00023670529560110046,-0.019051695806539426
修正前,2025-07-02,Q05,做空,340,-0.00021125380652152028,-0.019258924869801186
修正前,2025-07-03,Q05,做空,394,-0.00006523580440660752,-0.019322904302751964
修正前,2025-07-04,Q05,做空,210,-0.0023207684889798874,-0.02159882880431041
修正前,2025-07-07,Q05,做空,164,0.00038223247660115284,-0.021224852101534797
修正前,2025-07-08,Q05,做空,380,-0.0012212656357453518,-0.022420196554784777
修正前,2025-07-09,Q05,做空,210,0.0005447048517539986,-0.02188770409287144
修正前,2025-07-10,Q05,做空,324,-0.0008261925527839605,-0.02269581318753633
修正前,2025-07-11,Q05,做空,162,-0.004221225603616381,-0.026821234643430558
修正前,2025-07-14,Q05,做空,330,-0.00007239842845151681,-0.026891691256644812
修正前,2025-07-15,Q05,做空,442,0.0004265552499287154,-0.02647660679880104
修正前,2025-07-16,Q05,做空,235,-0.00007330253563927824,-0.0265479685320269
修正前,2025-07-17,Q05,做空,187,-0.0018927183726016197,-0.028390439076832696
修正前,2025-07-18,Q05,做空,386,-0.000520467091363585,-0.028896129878947407
修正前,2025-07-21,Q05,做空,236,-0.0006958350278043743,-0.029571857967414017
修正前,2025-07-22,Q05,做空,289,-0.0005107958083993483,-0.030067548594716942
修正前,2025-07-23,Q05,做空,282,0.0009101949695535731,-0.02918472095664104
修正前,2025-07-24,Q05,做空,242,-0.0014131765097501992,-0.030556654304291664
修正前,2025-07-25,Q05,做空,302,0.0004074667377903555,-0.030161638386748346
修正前,2025-07-28,Q05,做空,329,0.0003697917397477856,-0.029803000171733207
修正前,2025-07-29,Q05,做空,345,-0.0008041030606588153,-0.030583138548737065
修正前,2025-07-30,Q05,做空,298,0.0008758622818228385,-0.029734062884428925
修正前,2025-07-31,Q05,做空,185,0.0018415862507960834,-0.02794723447502112
修正前,2025-08-01,Q05,做空,233,0.0012293208339636298,-0.026752269758649416
修正前,2025-08-04,Q05,做空,399,-0.000944165699659887,-0.027671176882815174
修正前,2025-08-05,Q05,做空,394,-0.0005636296054529473,-0.02821921019375928
修正前,2025-08-06,Q05,做空,417,-0.0011116820173800088,-0.029299521422622155
修正前,2025-08-07,Q05,做空,253,0.001040844011067352,-0.02828917364295458
修正前,2025-08-08,Q05,做空,116,-0.000682197942312306,-0.028952072769217962
修正前,2025-08-11,Q05,做空,161,-0.00021137422679559043,-0.029157327274017875
修正前,2025-08-12,Q05,做空,283,-0.0010543643041630482,-0.030180949133098434
修正前,2025-08-13,Q05,做空,280,-0.000705215022532814,-0.030864880096908354
修正前,2025-08-14,Q05,做空,192,0.0008569754661588528,-0.030034355075758468
修正前,2025-08-15,Q05,做空,262,-0.002137165261581491,-0.03210733195701798
修正前,2025-08-18,Q05,做空,321,-0.0006093986973108802,-0.03269716448806015
修正前,2025-08-19,Q05,做空,206,0.0010678762768099122,-0.03166420473752596
修正前,2025-08-20,Q05,做空,273,-0.0023090287564434715,-0.03390011993468056
修正前,2025-08-21,Q05,做空,307,-0.0008358759126786738,-0.034707659553668835
修正前,2025-08-22,Q05,做空,278,-0.0014134034086873072,-0.03607200703803548
修正前,2025-08-25,Q05,做空,155,-0.0010132931747413691,-0.037048748694246014
修正前,2025-08-26,Q05,做空,283,0.0004676463072251548,-0.03659842809753511
修正前,2025-08-27,Q05,做空,123,0.0025983280239023866,-0.03409519479498935
修正前,2025-08-28,Q05,做空,117,-0.0007890706510495984,-0.03485736192848443
修正前,2025-08-29,Q05,做空,337,-0.0014588525722912017,-0.03626536274866299
修正前,2025-09-01,Q05,做空,430,0.00011778259621530387,-0.03615185158102485
修正前,2025-09-02,Q05,做空,178,0.002051599563733515,-0.034174421140223066
修正前,2025-09-03,Q05,做空,214,0.00357506462793689,-0.030721532276484775
修正前,2025-09-04,Q05,做空,126,0.005244417059166442,-0.02563823174527291
修正前,2025-09-05,Q05,做空,167,-0.0034306954221392516,-0.02898097020313195
修正前,2025-09-08,Q05,做空,338,-0.0005928255214879239,-0.029556615065845948
修正前,2025-09-09,Q05,做空,285,-0.00023013419677705602,-0.029779947274755414
修正前,2025-09-10,Q05,做空,393,0.001006078911740201,-0.028803829339961173
修正前,2025-09-11,Q05,做空,220,-0.00608261469288581,-0.03471124143729243
修正前,2025-09-12,Q05,做空,252,0.00040693999487721445,-0.034318426834827886
修正前,2025-09-15,Q05,做空,312,0.0005273205592390859,-0.03380920308761959
修正前,2025-09-16,Q05,做空,165,-0.0018720085189036608,-0.03561792049032586
修正前,2025-09-17,Q05,做空,257,-0.001056612765333608,-0.036636898906194815
修正前,2025-09-18,Q05,做空,278,0.0018312657738919788,-0.03487272503133132
修正前,2025-09-19,Q05,做空,338,-0.0009340091022556391,-0.03577416269098721
修正前,2025-09-22,Q05,做空,428,-0.0005725050496931825,-0.03632618685189126
修正前,2025-09-23,Q05,做空,281,-0.0007482563469562476,-0.03704726189897489
修正前,2025-09-24,Q05,做空,262,-0.001317015674382278,-0.03831548574874322
修正前,2025-09-25,Q05,做空,134,-0.0007384309991001788,-0.03902562340542093
修正前,2025-09-26,Q05,做空,265,0.001257903041386151,-0.037816810814408464
修正前,2025-09-29,Q05,做空,315,-0.0024706570562153096,-0.040194035500141556
修正前,2025-09-30,Q05,做空,307,-0.0008834020574931707,-0.04104193006397494
修正前,2025-10-09,Q05,做空,273,0.0007056792712898971,-0.04036521323198494
修正前,2025-10-10,Q05,做空,83,0.0034355536272085876,-0.03706833645950858
修正前,2025-10-13,Q05,做空,141,0.002721380245310819,-0.034447833252765236
修正前,2025-10-14,Q05,做空,318,0.003000197918830643,-0.03155098565156789
修正前,2025-10-15,Q05,做空,229,-0.0020676214752747275,-0.03355337163134331
修正前,2025-10-16,Q05,做空,209,0.0007297384561917914,-0.03284811836076584
修正前,2025-10-17,Q05,做空,283,0.0015208886475273483,-0.031377188043546056
修正前,2025-10-20,Q05,做空,406,0.00034713309803005425,-0.031040947006009012
修正前,2025-10-21,Q05,做空,478,-0.00025736493917902865,-0.031290323093749794
修正前,2025-10-22,Q05,做空,308,-0.0014114161622037736,-0.03265757558821847
修正前,2025-10-23,Q05,做空,294,-0.003101218330372837,-0.03565751564655151
修正前,2025-10-24,Q05,做空,392,-0.0017791330480892555,-0.03737320923014131
修正前,2025-10-27,Q05,做空,196,-0.000860153775035115,-0.03820121629817197
修正前,2025-10-28,Q05,做空,193,0.0006173572677125493,-0.037607442828976545
修正前,2025-10-29,Q05,做空,242,-0.0005665176810479284,-0.0381526552287228
修正前,2025-10-30,Q05,做空,178,0.0013236279875364447,-0.036879527163446
修正前,2025-10-31,Q05,做空,223,0.0007954976385244744,-0.036113367101689886
修正前,2025-11-03,Q05,做空,214,-0.0013600139775738842,-0.03742426639522822
修正前,2025-11-04,Q05,做空,170,0.002550512074658935,-0.034969205363895584
修正前,2025-11-05,Q05,做空,467,-0.0009647481490617216,-0.035900217036808235
修正前,2025-11-06,Q05,做空,423,0.00016669243394548428,-0.035739508897419836
修正前,2025-11-07,Q05,做空,243,-0.0009378943435083395,-0.03664388335769353
修正前,2025-11-10,Q05,做空,109,-0.0007775590077914093,-0.037392949583899715
修正前,2025-11-11,Q05,做空,403,0.0022401247806104695,-0.03523658967627219
修正前,2025-11-12,Q05,做空,326,-8.334510529733782e-6,-0.03524463050707427
修正前,2025-11-13,Q05,做空,418,-0.0008238330097401776,-0.036039427826786596
修正前,2025-11-14,Q05,做空,427,0.0005249792633617237,-0.03553336851569733
修正前,2025-11-17,Q05,做空,440,0.00018753402716604548,-0.03535249820422792
修正前,2025-11-18,Q05,做空,424,0.0011105894903412606,-0.03428117082684967
修正前,2025-11-19,Q05,做空,315,-0.00018401277383317291,-0.03445887542734871
修正前,2025-11-20,Q05,做空,205,0.0022771904621949057,-0.03226015438761487
修正前,2025-11-21,Q05,做空,234,0.0024634373486874094,-0.02987618790812041
修正前,2025-11-24,Q05,做空,314,-0.0008056138681732956,-0.030657733104986873
修正前,2025-11-25,Q05,做空,206,-0.0008742800223312196,-0.03150520968373449
修正前,2025-11-26,Q05,做空,100,0.00007423560444294708,-0.03143331288757545
修正前,2025-11-27,Q05,做空,245,0.0003527279912416315,-0.03109167230564669
修正前,2025-11-28,Q05,做空,206,-0.001068564070010325,-0.032127012931754684
修正前,2025-12-01,Q05,做空,438,-0.00033839348645298877,-0.03245453484629246
修正前,2025-12-02,Q05,做空,224,0.000499748627581604,-0.03197100532795916
修正前,2025-12-03,Q05,做空,356,0.0010283340335682327,-0.030975548167257116
修正前,2025-12-04,Q05,做空,619,-0.00018498129748482304,-0.03115479956765166
修正前,2025-12-05,Q05,做空,281,-0.0033732020317893655,-0.03442291016623944
修正前,2025-12-08,Q05,做空,229,0.00006865601652778693,-0.03435661748960106
修正前,2025-12-09,Q05,做空,41,0.0017772466338256646,-0.032640431038558404
修正前,2025-12-10,Q05,做空,284,-0.0002433683951712225,-0.0328758557844101
修正前,2025-12-11,Q05,做空,363,0.0010287992310833401,-0.03188087920847893
修正前,2025-12-12,Q05,做空,323,-0.0015615153091457952,-0.033392612036671654
修正前,2025-12-15,Q05,做空,436,-0.00013917367370862464,-0.03352713833788845
修正前,2025-12-16,Q05,做空,361,0.0010465309461170386,-0.032515694579576815
修正前,2025-12-17,Q05,做空,96,-0.001208255212001556,-0.033684662534130716
修正前,2025-12-18,Q05,做空,157,0.000026192694789712216,-0.03365935213142579
修正前,2025-12-19,Q05,做空,380,-0.0006791172868983458,-0.034315610770425886
修正前,2025-12-22,Q05,做空,366,-4.8057145846303416e-6,-0.03432025157397933
修正前,2025-12-23,Q05,做空,262,0.00003134414528731838,-0.034289983167643645
修正前,2025-12-24,Q05,做空,244,-0.0010833288552021259,-0.03533616469463585
修正前,2025-12-25,Q05,做空,256,-0.0012913593414225488,-0.03658189234968989
修正前,2025-12-26,Q05,做空,330,0.0008691966216164556,-0.03574449258531598
修正前,2025-12-29,Q05,做空,274,0.0010640938230044013,-0.03471843425607801
修正前,2025-12-30,Q05,做空,280,0.00006922452275830438,-0.03465161310036202
修正前,2025-12-31,Q05,做空,276,0.0008024557118651633,-0.033876963773354696
修正前,2026-01-05,Q05,做空,115,-0.004113469371678429,-0.03785108129214598
修正前,2026-01-06,Q05,做空,230,-0.0016483826694441276,-0.03943707089516846
修正前,2026-01-07,Q05,做空,272,0.0006651272455709498,-0.038798174319935486
修正前,2026-01-08,Q05,做空,131,-0.0005448697486597749,-0.03932190411710512
修正前,2026-01-09,Q05,做空,162,-0.0018224009473209505,-0.041072644789112656
修正前,2026-01-12,Q05,做空,318,-0.0014943842009833242,-0.04250565067863055
修正前,2026-01-13,Q05,做空,324,0.002082066643826109,-0.040512083632256446
修正前,2026-01-14,Q05,做空,204,0.0016979484303816456,-0.03888292263068971
修正前,2026-01-15,Q05,做空,337,0.0007787263070530941,-0.03813447547838422
修正前,2026-01-16,Q05,做空,358,0.0009933599664777805,-0.037178996773189366
修正前,2026-01-19,Q05,做空,406,-0.0003661659471940475,-0.037531549037814305
修正前,2026-01-20,Q05,做空,448,-0.0000796833336299382,-0.03760824173250066
修正前,2026-01-21,Q05,做空,290,-0.0005491401690772457,-0.0381367297053542
修正前,2026-01-22,Q05,做空,422,-0.00042080448805773853,-0.038541486086392074
修正前,2026-01-23,Q05,做空,496,-0.000867516223032057,-0.03937556694498445
修正前,2026-01-26,Q05,做空,284,0.0008643749551608803,-0.0385452272437361
修正前,2026-01-27,Q05,做空,296,-0.0016518154220156666,-0.040133373064945466
修正前,2026-01-28,Q05,做空,190,-0.0007511195450589232,-0.04085434764908613
修正前,2026-01-29,Q05,做空,343,0.00018524656557138947,-0.040676669211105354
修正前,2026-01-30,Q05,做空,350,0.000020638858118867835,-0.04065686987299122
修正前,2026-02-02,Q05,做空,223,0.004585170412896242,-0.03625811813691748
修正前,2026-02-03,Q05,做空,266,-0.000962152595619907,-0.037185384890059736
修正前,2026-02-04,Q05,做空,258,3.623201950557454e-6,-0.0371818964182683
修正前,2026-02-05,Q05,做空,332,0.0015417037114943868,-0.03569751617448236
修正前,2026-02-06,Q05,做空,375,-0.0008119920622751427,-0.03648052213698083
修正前,2026-02-09,Q05,做空,191,-0.0008288122969862386,-0.03727909892861947
修正前,2026-02-10,Q05,做空,229,-0.00001770576238819026,-0.03729614463614006
修正前,2026-02-11,Q05,做空,330,0.00037634474794520596,-0.03693383609634726
修正前,2026-02-12,Q05,做空,210,-0.0005989361483530264,-0.03751065123516484
修正前,2026-02-13,Q05,做空,367,0.0010781657370398162,-0.03647292819706083
修正前,2026-02-24,Q05,做空,466,-0.0009564043477338066,-0.03739444967769234
修正前,2026-02-25,Q05,做空,231,-0.0003060835954260476,-0.037689087445512026
修正前,2026-02-26,Q05,做空,151,-0.00038000593572509603,-0.03805477130429569
修正前,2026-02-27,Q05,做空,345,-0.0002668368159493843,-0.03831145370623856
修正前,2026-03-02,Q05,做空,196,5.142288983381372e-7,-0.038310959178196824
修正前,2026-03-03,Q05,做空,264,0.002350007901220648,-0.03605098233374826
修正前,2026-03-04,Q05,做空,253,0.002166851471218956,-0.03396224798663805
修正前,2026-03-05,Q05,做空,229,0.00017803261026453612,-0.0337902617640331
修正前,2026-03-06,Q05,做空,367,0.0029312034669028955,-0.030958104429560485
修正前,2026-03-09,Q05,做空,215,-0.003835775246769244,-0.034675131345671906
修正前,2026-03-10,Q05,做空,305,-0.0006360831840613143,-0.03528915826177903
修正前,2026-03-11,Q05,做空,162,0.0007688364579128878,-0.03454745339530696
修正前,2026-03-12,Q05,做空,168,0.00033762023278021455,-0.034221497081784014
修正前,2026-03-13,Q05,做空,418,0.002565797821954007,-0.03174350470250642
修正前,2026-03-16,Q05,做空,335,0.00006639816437295374,-0.03167921424857645
修正前,2026-03-17,Q05,做空,365,0.0018394934913113215,-0.029897994465685307
修正前,2026-03-18,Q05,做空,278,0.0004156705851639619,-0.029494751597376134
修正前,2026-03-19,Q05,做空,250,0.0002532988713355735,-0.029248923713330544
修正前,2026-03-20,Q05,做空,323,0.003592285226797415,-0.02576170896308838
修正前,2026-03-23,Q05,做空,137,0.003071392580962835,-0.02276944070390763
修正前,2026-03-24,Q05,做空,182,-0.0037786504330502434,-0.026462053379981754
修正前,2026-03-25,Q05,做空,190,-0.00003896295315108115,-0.026499985293386707
修正前,2026-03-26,Q05,做空,359,0.0018596305217012886,-0.024689634953161566
修正前,2026-03-27,Q05,做空,297,-0.0013766134027348555,-0.026032260273511243
修正前,2026-03-30,Q05,做空,303,-0.002397223123120261,-0.02836707826035678
修正前,2026-03-31,Q05,做空,289,0.0004340721389248961,-0.027945319479767416
修正前,2026-04-01,Q05,做空,393,0.00020704144212998937,-0.027744063876883218
修正前,2026-04-02,Q05,做空,83,0.002448294701420068,-0.025363694820048743
修正前,2026-04-03,Q05,做空,110,-0.001340161840165489,-0.02666986520429082
修正前,2026-04-07,Q05,做空,328,-0.0018433197593123356,-0.028464023874093858
修正前,2026-04-08,Q05,做空,240,-0.0011554684616309411,-0.029586603053847194
修正前,2026-04-09,Q05,做空,163,-0.000045912978067948406,-0.029631157622858062
修正前,2026-04-10,Q05,做空,200,-0.002479107394356106,-0.03203680619524796
修正前,2026-04-13,Q05,做空,271,-0.00018006114033190449,-0.03221109875172368
修正前,2026-04-14,Q05,做空,314,-0.00003815534914300405,-0.03224802507514746
修正前,2026-04-15,Q05,做空,250,0.0004937984163698274,-0.031770150682490894
修正前,2026-04-16,Q05,做空,284,-0.000435869061476924,-0.03219217211820691
修正前,2026-04-17,Q05,做空,308,-0.0008982658616698789,-0.03306152085064995
修正前,2026-04-20,Q05,做空,386,0.0000256220204288193,-0.03303674593318373
修正前,2026-04-21,Q05,做空,387,-0.0007201062410384238,-0.03373306220729211
修正前,2026-04-22,Q05,做空,301,-0.00024027888367071082,-0.03396523574843291
修正前,2026-04-23,Q05,做空,350,0.001813751130664189,-0.03221308910251075
修正前,2026-04-24,Q05,做空,401,-0.0011557237218978043,-0.0333315833931771
修正前,2026-04-27,Q05,做空,338,-0.000323132461862931,-0.033643945338440395
修正前,2026-04-28,Q05,做空,239,0.000647539239234065,-0.0330181918739757
修正前,2026-04-29,Q05,做空,335,-0.0011554590998416846,-0.034135499803556346
修正前,2026-04-30,Q05,做空,375,-0.002760174859742013,-0.036801454714915804
修正前,2026-05-06,Q05,做空,268,-0.001267297452430746,-0.0380221137775405
修正前,2026-05-07,Q05,做空,210,-0.0009959490297617214,-0.03898019471997605
修正前,2026-05-08,Q05,做空,132,0.00025295586282013437,-0.03873709912594414
修正前,2026-05-11,Q05,做空,343,-0.0015942502623757313,-0.04026959275787467
修正前,2026-05-12,Q05,做空,259,0.0002156508243208999,-0.04006262610442701
修正前,2026-05-13,Q05,做空,234,-0.002210302393944162,-0.042184377979984866
修正前,2026-05-14,Q05,做空,311,0.002622500249713216,-0.039672506272058206
修正前,2026-05-15,Q05,做空,311,0.0027785250963329694,-0.03700421223003647
修正前,2026-05-18,Q05,做空,421,0.0013271720731684706,-0.035726151113929294
修正前,2026-05-19,Q05,做空,398,-0.00014667153186450715,-0.035867582636482376
修正前,2026-05-20,Q05,做空,165,-0.002687039925402849,-0.03845824493531336
修正前,2026-05-21,Q05,做空,443,0.0034755309083857456,-0.035116376845882535
修正前,2026-05-22,Q05,做空,335,-0.0011085597708962037,-0.03618600801410776
修正前,2026-05-25,Q05,做空,224,-0.0004583715755026268,-0.03662779295210583
修正前,2026-05-26,Q05,做空,275,-0.0010949530413464261,-0.03768264028016155
修正前,2026-05-27,Q05,做空,279,0.002289074539648904,-0.035479824112964686
修正前,2026-05-28,Q05,做空,181,-0.0008615674053629775,-0.03631082325832402
修正前,2026-05-29,Q05,做空,406,0.0011329715432555245,-0.035218990844532394
修正前,2026-06-01,Q05,做空,210,0.0033209290855925897,-0.032015021530000576
修正前,2026-06-02,Q05,做空,277,-0.0018328913665820621,-0.033789232840019334
修正前,2026-06-03,Q05,做空,302,0.0005620843829285077,-0.03324614085718125
修正前,2026-06-04,Q05,做空,188,-0.00008521666710448892,-0.03332852439896783
修正前,2026-06-05,Q05,做空,336,-0.0004196829820990561,-0.03373421996655812
修正前,2026-06-08,Q05,做空,216,0.0015028183988761157,-0.03228209797411952
修正前,2026-06-09,Q05,做空,135,-0.001321426070191794,-0.033560865638447845
修正前,2026-06-10,Q05,做空,230,0.0011005299549137618,-0.03249727042148198
修正前,2026-06-11,Q05,做空,467,-0.0004302396384672096,-0.03291352844607187
修正前,2026-06-12,Q05,做空,168,-0.006217430854251559,-0.03892632171304056
修正前,2026-06-15,Q05,做空,134,-0.0028374261129821246,-0.04165329726431177
修正前,2026-06-16,Q05,做空,211,0.0005838154806068302,-0.041093799623466154
修正前,2026-06-17,Q05,做空,216,-0.0010606736049491399,-0.042110886119827606
修正前,2026-06-18,Q05,做空,365,0.0002214928496956318,-0.04189872053030197
修正前,2026-06-22,Q05,做空,247,-0.000935537748158719,-0.04279506044380499
修正前,2026-06-23,Q05,做空,204,0.004173578770004336,-0.038800090229529904
修正前,2026-06-24,Q05,做空,309,-0.0013332746685359176,-0.0400816337206259
修正前,2026-06-25,Q05,做空,222,0.00009612484693108756,-0.03998936171460088
修正前,2026-06-26,Q05,做空,389,0.0028711735363746663,-0.03723300457531764
修正前,2026-06-29,Q05,做空,304,-0.002548709400642972,-0.03968681786718531
修正前,2026-06-30,Q05,做空,191,-0.002010499673267901,-0.04161752720609824
修正前,2024-02-01,Q06,做多,227,-0.0009012170992294195,-0.0009012170992294122
修正前,2024-02-02,Q06,做多,151,-0.004004581918321636,-0.004902190019851038
修正前,2024-02-05,Q06,做多,284,-0.001886592504606725,-0.006779534089510153
修正前,2024-02-06,Q06,做多,170,0.009211128023247618,0.0023691467773010455
修正前,2024-02-07,Q06,做多,197,0.004298680542661959,0.006678011525117267
修正前,2024-02-08,Q06,做多,278,0.000356945535890413,0.007037340747410248
修正前,2024-02-19,Q06,做多,271,-0.0011429895585360103,0.005886307581880024
修正前,2024-02-20,Q06,做多,394,0.0012554506157186718,0.007149148166076813
修正前,2024-02-21,Q06,做多,175,0.002824875868224938,0.009994219490434553
修正前,2024-02-22,Q06,做多,165,0.0013805750319575468,0.011388592292284505
修正前,2024-02-23,Q06,做多,308,0.000954352210313815,0.012353813230824962
修正前,2024-02-26,Q06,做多,325,0.00008879768288282391,0.01244370790369742
修正前,2024-02-27,Q06,做多,320,0.002033082243019635,0.014502089228293435
修正前,2024-02-28,Q06,做多,221,-0.003695176794626687,0.010753324650076612
修正前,2024-02-29,Q06,做多,203,0.0008776553346932604,0.011640417697514671
修正前,2024-03-01,Q06,做多,266,0.0002644224439969083,0.011907918129208328
修正前,2024-03-04,Q06,做多,410,-0.00026384180654110046,0.011640934516035761
修正前,2024-03-05,Q06,做多,320,-0.0001121586043723255,0.011527470280694452
修正前,2024-03-06,Q06,做多,317,0.000476406582008055,0.012009368625418126
修正前,2024-03-07,Q06,做多,199,-0.0009089043781034948,0.011089548879592792
修正前,2024-03-08,Q06,做多,319,0.00018114628505471183,0.01127270399523006
修正前,2024-03-11,Q06,做多,426,0.0013161748852048582,0.012603715730321818
修正前,2024-03-12,Q06,做多,330,0.00043134192805375664,0.013040494169419325
修正前,2024-03-13,Q06,做多,282,-0.00007792468742526909,0.012961553305562035
修正前,2024-03-14,Q06,做多,400,-0.0009783702668028126,0.0119705018403935
修正前,2024-03-15,Q06,做多,386,0.0007148317149939067,0.012693890449747336
修正前,2024-03-18,Q06,做多,314,0.0007171786296653901,0.013420172866370539
修正前,2024-03-19,Q06,做多,229,-0.0008608207537301543,0.012547799749318411
修正前,2024-03-20,Q06,做多,284,0.0004158480172483111,0.012968865744213298
修正前,2024-03-21,Q06,做多,364,-0.001286693348067654,0.011665485442860613
修正前,2024-03-22,Q06,做多,300,-0.0033043772424571215,0.008322561035783771
修正前,2024-03-25,Q06,做多,197,0.0002858830951015361,0.008610823410393431
修正前,2024-03-26,Q06,做多,393,0.00017688501684831067,0.00878923155288569
修正前,2024-03-27,Q06,做多,153,-0.0013487731224326174,0.007428603751167717
修正前,2024-03-28,Q06,做多,432,0.0012622329368073056,0.008700213316304106
修正前,2024-03-29,Q06,做多,457,0.0013968510667490823,0.010109217285305006
修正前,2024-04-01,Q06,做多,234,-0.00005508002030758215,0.010053580449103983
修正前,2024-04-02,Q06,做多,203,-0.0008795767620890034,0.009165160791276161
修正前,2024-04-03,Q06,做多,345,-0.0009279166954819221,0.008228739590079304
修正前,2024-04-08,Q06,做多,344,-0.0004038953054056714,0.00782152073538378
修正前,2024-04-09,Q06,做多,166,-0.00022877700946290967,0.007590954341797573
修正前,2024-04-10,Q06,做多,276,-0.000550961595196724,0.007035810422287625
修正前,2024-04-11,Q06,做多,372,0.0006622662935779938,0.007702736295956303
修正前,2024-04-12,Q06,做多,289,-0.002345859716181316,0.005338807040993876
修正前,2024-04-15,Q06,做多,395,0.0011148474527441137,0.006459606449168209
修正前,2024-04-16,Q06,做多,269,-0.0009957509150825524,0.005457423375052839
修正前,2024-04-17,Q06,做多,248,0.0010492720021213773,0.006512421698725346
修正前,2024-04-18,Q06,做多,280,0.001491451341033618,0.008013585999834927
修正前,2024-04-19,Q06,做多,408,-0.000714134560439561,0.007293728660679788
修正前,2024-04-22,Q06,做多,267,-0.0005571089467038758,0.006732556312484261
修正前,2024-04-23,Q06,做多,381,-0.000526711586706589,0.006202298610359813
修正前,2024-04-24,Q06,做多,144,0.0013502793265413654,0.007560952772491802
修正前,2024-04-25,Q06,做多,112,0.0005120544358630598,0.008076878827761202
修正前,2024-04-26,Q06,做多,358,0.0019752328354933927,0.010068065379523539
修正前,2024-04-29,Q06,做多,285,0.001802787118312584,0.011889003076408722
修正前,2024-04-30,Q06,做多,126,-0.001552979188278504,0.010317560513783297
修正前,2024-05-06,Q06,做多,330,-0.0003870869857619806,0.009926479734621685
修正前,2024-05-07,Q06,做多,225,-0.0008400812089449675,0.009078059476580691
修正前,2024-05-08,Q06,做多,284,-0.0008692805400821438,0.008200887556053749
修正前,2024-05-09,Q06,做多,234,-0.00043907985073174985,0.007758206860837946
修正前,2024-05-10,Q06,做多,447,-0.0003110610043255105,0.007444732580894398
修正前,2024-05-13,Q06,做多,377,0.001202224875992613,0.008655907699590903
修正前,2024-05-14,Q06,做多,376,-0.0006868900354675134,0.00796307200737667
修正前,2024-05-15,Q06,做多,276,-0.00047385390918361077,0.0074854447653931455
修正前,2024-05-16,Q06,做多,215,-0.0014358825006469446,0.006038814045598029
修正前,2024-05-17,Q06,做多,208,0.0016514084636058285,0.00770019505782904
修正前,2024-05-20,Q06,做多,201,-0.00033894591021875096,0.0073586391979876264
修正前,2024-05-21,Q06,做多,480,-0.0004972166434754399,0.006857763716629606
修正前,2024-05-22,Q06,做多,259,-0.0013203181556860186,0.00552839113100112
修正前,2024-05-23,Q06,做多,295,-0.0016101333455003056,0.003909356338593906
修正前,2024-05-24,Q06,做多,192,-0.000872950021990467,0.003032993643901749
修正前,2024-05-27,Q06,做多,320,0.000035154462034370225,0.0030682547291960294
修正前,2024-05-28,Q06,做多,239,-0.000713385841070049,0.002352680038645305
修正前,2024-05-29,Q06,做多,400,-0.0007732177493926429,0.0015776431552880776
修正前,2024-05-30,Q06,做多,468,-0.001066791842199136,0.000509168296241036
修正前,2024-05-31,Q06,做多,335,-0.0010068001471561512,-0.0004981444816306579
修正前,2024-06-03,Q06,做多,270,-0.0015910575221049065,-0.002088409427210891
修正前,2024-06-04,Q06,做多,510,0.001689624767109932,-0.0004023132883931302
修正前,2024-06-05,Q06,做多,351,-0.0008262963471143172,-0.001228277205506778
修正前,2024-06-06,Q06,做多,406,-0.001792032971172886,-0.003018109063429697
修正前,2024-06-07,Q06,做多,289,-0.0018457401673060562,-0.004858278585608167
修正前,2024-06-11,Q06,做多,370,0.0006899786660486259,-0.004171652028137407
修正前,2024-06-12,Q06,做多,190,-0.0003451932037071521,-0.004515405205916201
修正前,2024-06-13,Q06,做多,449,-0.0005537253622006353,-0.005066630273733774
修正前,2024-06-14,Q06,做多,342,0.0002097808079929697,-0.0048579123475333
修正前,2024-06-17,Q06,做多,222,0.00105170876479672,-0.0038113126917310725
修正前,2024-06-18,Q06,做多,501,-0.00021815352465455725,-0.0040286347650884125
修正前,2024-06-19,Q06,做多,406,-0.0007865303444309508,-0.004811996466030033
修正前,2024-06-20,Q06,做多,358,-0.002257940531983892,-0.007059071796153504
修正前,2024-06-21,Q06,做多,242,-0.0020401976767324644,-0.009084867571007571
修正前,2024-06-24,Q06,做多,264,-0.0010882299030444383,-0.010163211049496024
修正前,2024-06-25,Q06,做多,313,-0.0008235967845173208,-0.01097843744607252
修正前,2024-06-26,Q06,做多,321,0.00078979548320221,-0.010197312683177917
修正前,2024-06-27,Q06,做多,369,0.00004603196483491579,-0.010151750120681813
修正前,2024-06-28,Q06,做多,412,-0.0005935516322547433,-0.01073927616508219
修正前,2024-07-01,Q06,做多,280,0.0019505106187742577,-0.008809712618505827
修正前,2024-07-02,Q06,做多,229,-0.0006742964554586963,-0.009478068715972232
修正前,2024-07-03,Q06,做多,384,0.0001303622751341512,-0.009348942023439832
修正前,2024-07-04,Q06,做多,406,-0.0025484450236367166,-0.01187356178230059
修正前,2024-07-05,Q06,做多,338,-0.0016672937946012464,-0.013521058861022395
修正前,2024-07-08,Q06,做多,275,-0.0011432903330767824,-0.014648890698210404
修正前,2024-07-09,Q06,做多,294,0.0017276205283012138,-0.012946577894196287
修正前,2024-07-10,Q06,做多,263,0.001153516793732457,-0.011807995195486143
修正前,2024-07-11,Q06,做多,208,0.00003476868040217176,-0.011773637063495213
修正前,2024-07-12,Q06,做多,289,4.442306439864375e-6,-0.01176924705915916
修正前,2024-07-15,Q06,做多,403,-0.0006180409239031658,-0.012380014106736281
修正前,2024-07-16,Q06,做多,304,0.0005994734483585106,-0.011787962148125053
修正前,2024-07-17,Q06,做多,124,-0.0028136867062013124,-0.01456848122193699
修正前,2024-07-18,Q06,做多,270,-0.00014206155667327241,-0.014708473157489577
修正前,2024-07-19,Q06,做多,223,0.0008193745794219243,-0.013901150327075062
修正前,2024-07-22,Q06,做多,383,0.00025169638023864025,-0.013652952816054942
修正前,2024-07-23,Q06,做多,429,-0.002255098426923558,-0.015877262490560096
修正前,2024-07-24,Q06,做多,339,-0.0005946345891732074,-0.016462455910275064
修正前,2024-07-25,Q06,做多,117,-0.0008377136910295922,-0.017286378776600664
修正前,2024-07-26,Q06,做多,92,-0.001524278168369125,-0.01878430769519046
修正前,2024-07-29,Q06,做多,300,-0.00027965315252610404,-0.01905870775685159
修正前,2024-07-30,Q06,做多,355,0.0009526127318193329,-0.018124250592693403
修正前,2024-07-31,Q06,做多,311,0.0028957031621892303,-0.015281029880257702
修正前,2024-08-01,Q06,做多,229,-0.0008689977173547578,-0.016136748417527658
修正前,2024-08-02,Q06,做多,193,-0.0011152712087411738,-0.017234022775356128
修正前,2024-08-05,Q06,做多,362,-0.0014927127359135723,-0.018701010065981905
修正前,2024-08-06,Q06,做多,448,-0.0011386104487607035,-0.01981832734927913
修正前,2024-08-07,Q06,做多,136,-0.0004326036776225973,-0.020242357545606104
修正前,2024-08-08,Q06,做多,303,0.0010048084628525062,-0.019257888774923515
修正前,2024-08-09,Q06,做多,307,-0.0013952043080914399,-0.020626224393631487
修正前,2024-08-12,Q06,做多,326,0.00044509225508758437,-0.02019031271127314
修正前,2024-08-13,Q06,做多,642,0.0001232934107215541,-0.020069508633069222
修正前,2024-08-14,Q06,做多,133,0.0005634871042439455,-0.019517330438128533
修正前,2024-08-15,Q06,做多,216,0.0017163266830485318,-0.017834501870092945
修正前,2024-08-16,Q06,做多,99,0.0019101888242541022,-0.015958380311997256
修正前,2024-08-19,Q06,做多,390,-0.0006375553072594369,-0.016585761269193422
修正前,2024-08-20,Q06,做多,531,-0.0015972168527239024,-0.018156487064502902
修正前,2024-08-21,Q06,做多,74,-0.0000812997611344169,-0.01823631070757603
修正前,2024-08-22,Q06,做多,132,0.00046969147244839627,-0.017775184674755806
修正前,2024-08-23,Q06,做多,144,0.000719168032522551,-0.017068799986823646
修正前,2024-08-26,Q06,做多,358,0.0004066470552650612,-0.016669093908810106
修正前,2024-08-27,Q06,做多,469,-0.00033586789095837094,-0.0169993631863532
修正前,2024-08-28,Q06,做多,359,-0.00017960678986401796,-0.01717591677516561
修正前,2024-08-29,Q06,做多,309,0.0016305416041480687,-0.015573381217908855
修正前,2024-08-30,Q06,做多,285,0.0021291138849112924,-0.013477424835183549
修正前,2024-09-02,Q06,做多,209,-0.0016011296936028702,-0.015056975423689445
修正前,2024-09-03,Q06,做多,176,0.00037715561755000885,-0.014685498629003813
修正前,2024-09-04,Q06,做多,365,0.00009578123729762123,-0.014591123986935184
修正前,2024-09-05,Q06,做多,117,-0.0016942819646105934,-0.0162606844733314
修正前,2024-09-06,Q06,做多,310,-0.002224253958857228,-0.018448770540375192
修正前,2024-09-09,Q06,做多,330,-0.0013451479569387933,-0.019769102171313557
修正前,2024-09-10,Q06,做多,225,-0.0017045852800300861,-0.02143998933078295
修正前,2024-09-11,Q06,做多,141,0.0019164412819692891,-0.019564636529452173
修正前,2024-09-12,Q06,做多,291,0.00013592127644872177,-0.019431374503373844
修正前,2024-09-13,Q06,做多,473,-0.0006160804447451539,-0.0200354836582729
修正前,2024-09-18,Q06,做多,411,-0.00042896150849836625,-0.02045585071547773
修正前,2024-09-19,Q06,做多,153,0.0005383520230703784,-0.019928511141023675
修正前,2024-09-20,Q06,做多,299,0.0022999437387868564,-0.017674401856658917
修正前,2024-09-23,Q06,做多,310,0.00028995104711934655,-0.017389575520865175
修正前,2024-09-24,Q06,做多,372,0.011097152526505647,-0.006485397766285872
修正前,2024-09-25,Q06,做多,304,-0.0010066247164343765,-0.007485494121032832
修正前,2024-09-26,Q06,做多,92,0.006148402021252601,-0.0013831159269641624
修正前,2024-09-27,Q06,做多,179,0.012523845262830692,0.011123407406016694
修正前,2024-09-30,Q06,做多,157,0.015340934575025205,0.026634985446309045
修正前,2024-10-08,Q06,做多,274,-0.01663412857619301,0.009557807097577031
修正前,2024-10-09,Q06,做多,165,-0.0068667265068859595,0.002625449743346442
修正前,2024-10-10,Q06,做多,157,0.0020885617638327133,0.0047194949211259996
修正前,2024-10-11,Q06,做多,173,-0.004083441693966299,0.0006167814448243547
修正前,2024-10-14,Q06,做多,325,0.004741196388282473,0.005360902115065347
修正前,2024-10-15,Q06,做多,151,-0.0007910870922658445,0.004565574082333379
修正前,2024-10-16,Q06,做多,295,0.0012599467611881525,0.005831273223799505
修正前,2024-10-17,Q06,做多,203,-0.000943228914522855,0.004882544083763429
修正前,2024-10-18,Q06,做多,142,0.004982658420463132,0.009889530553618853
修正前,2024-10-21,Q06,做多,154,0.001643305866545907,0.011549087943740988
修正前,2024-10-22,Q06,做多,168,0.002191288297191412,0.013765683622186886
修正前,2024-10-23,Q06,做多,59,-0.003242589751361096,0.010478457406192021
修正前,2024-10-24,Q06,做多,272,-0.0004920970795597788,0.00998120390834445
修正前,2024-10-25,Q06,做多,258,-0.0008788562456400597,0.009093575619310457
修正前,2024-10-28,Q06,做多,508,0.0008986476249783736,0.010000395164421638
修正前,2024-10-29,Q06,做多,159,-0.001704704019284233,0.008278643431306243
修正前,2024-10-30,Q06,做多,241,0.00036384657981053875,0.008645502167214714
修正前,2024-10-31,Q06,做多,305,0.0010757043689811892,0.009730506540648998
修正前,2024-11-01,Q06,做多,378,-0.00040272833813447196,0.009323859451786154
修正前,2024-11-04,Q06,做多,430,0.0014817304834100786,0.010819405381969016
修正前,2024-11-05,Q06,做多,200,0.004492182915637386,0.015360191045620697
修正前,2024-11-06,Q06,做多,162,-0.002818479558580877,0.012498419102561886
修正前,2024-11-07,Q06,做多,179,0.003488174385674735,0.016030190153611512
修正前,2024-11-08,Q06,做多,201,-0.0024523787297536064,0.013538499326491316
修正前,2024-11-11,Q06,做多,109,0.00002335809357304109,0.013562173653598464
修正前,2024-11-12,Q06,做多,238,-0.002985949259396386,0.010535728431825264
修正前,2024-11-13,Q06,做多,354,0.0007915401919217916,0.011335608076252113
修正前,2024-11-14,Q06,做多,298,-0.0021425391768810265,0.009168781914973945
修正前,2024-11-15,Q06,做多,188,-0.0007230507294576804,0.008439101691064321
修正前,2024-11-18,Q06,做多,379,-0.002487016509935637,0.005931096995893892
修正前,2024-11-19,Q06,做多,514,0.0006448609160206934,0.006579782644556387
修正前,2024-11-20,Q06,做多,179,-0.00007021716457184185,0.006509103466303623
修正前,2024-11-21,Q06,做多,90,0.0016345024695409746,0.008154245081534839
修正前,2024-11-22,Q06,做多,240,-0.004070739104493745,0.004050312172720005
修正前,2024-11-25,Q06,做多,353,-0.00023352625183220267,0.003815840066667464
修正前,2024-11-26,Q06,做多,102,-0.0003180427899910594,0.0034965836762554936
修正前,2024-11-27,Q06,做多,392,0.0034156951048725185,0.0069242220448748615
修正前,2024-11-28,Q06,做多,220,0.00048241913230991817,0.007409981554375555
修正前,2024-11-29,Q06,做多,153,0.001882368281252151,0.009306298149870385
修正前,2024-12-02,Q06,做多,306,0.000668357181507566,0.009980875262579625
修正前,2024-12-03,Q06,做多,309,-0.0003586438038914041,0.009618651879617968
修正前,2024-12-04,Q06,做多,246,-0.0010268362335868065,0.008581938865762861
修正前,2024-12-05,Q06,做多,292,0.00024185558224217694,0.008825870037826089
修正前,2024-12-06,Q06,做多,248,0.0009567488494124723,0.009791063028242286
修正前,2024-12-09,Q06,做多,342,0.003390486010909642,0.013214745501381131
修正前,2024-12-10,Q06,做多,172,-0.002526129765482078,0.010655233573944711
修正前,2024-12-11,Q06,做多,356,0.00029064195061866404,0.01094897238243342
修正前,2024-12-12,Q06,做多,217,-0.0006726566847110132,0.010268950798258514
修正前,2024-12-13,Q06,做多,225,-0.0008511282784618541,0.009409082325382068
修正前,2024-12-16,Q06,做多,116,-0.000794307979519764,0.00860730063669135
修正前,2024-12-17,Q06,做多,254,-0.0022505066459903387,0.006337423203414128
修正前,2024-12-18,Q06,做多,53,-0.00036599790734537647,0.005969105812438258
修正前,2024-12-19,Q06,做多,312,-0.0009267238826909399,0.0050368502168325335
修正前,2024-12-20,Q06,做多,234,0.00022498149987341015,0.005262964914822366
修正前,2024-12-23,Q06,做多,395,-0.0012394397665508523,0.004017002020266114
修正前,2024-12-24,Q06,做多,436,0.00031455724635025284,0.004332822843710504
修正前,2024-12-25,Q06,做多,322,-0.0005008606030574099,0.0038297921003906943
修正前,2024-12-26,Q06,做多,314,0.0005952344998810181,0.004427306224657146
修正前,2024-12-27,Q06,做多,394,0.0003053581276709813,0.004734016266267682
修正前,2024-12-30,Q06,做多,225,0.0000565982454120078,0.004790882448693967
修正前,2024-12-31,Q06,做多,156,-0.0028562042534292396,0.0019209944564371195
修正前,2025-01-02,Q06,做多,174,-0.003185570985597328,-0.001270695993364157
修正前,2025-01-03,Q06,做多,172,-0.002440945657305514,-0.0037085399508028916
修正前,2025-01-06,Q06,做多,198,0.0005858685500711682,-0.0031248441176554564
修正前,2025-01-07,Q06,做多,358,0.001596552983735504,-0.001533280113119817
修正前,2025-01-08,Q06,做多,287,0.0014664925292383949,-0.00006903612771247403
修正前,2025-01-09,Q06,做多,251,0.0009323750069249882,0.0008632745116525786
修正前,2025-01-10,Q06,做多,360,-0.0013748430315293565,-0.0005127553868233825
修正前,2025-01-13,Q06,做多,390,0.0003261469920779256,-0.00018677562837254857
修正前,2025-01-14,Q06,做多,203,0.003353291844133072,0.0031658899025692744
修正前,2025-01-15,Q06,做多,249,0.0006718944165317751,0.0038399114628500097
修正前,2025-01-16,Q06,做多,223,-0.00031272052773083934,0.0035259901159800933
修正前,2025-01-17,Q06,做多,302,0.001577384477336305,0.005108936435392675
修正前,2025-01-20,Q06,做多,433,-0.00002980684985652164,0.0050789773042347885
修正前,2025-01-21,Q06,做多,410,0.0004994579549863219,0.005580971994838979
修正前,2025-01-22,Q06,做多,426,0.0015778000815856918,0.00716757773449328
修正前,2025-01-23,Q06,做多,307,-0.0025214928486069713,0.004628011889886929
修正前,2025-01-24,Q06,做多,331,0.0011253928821993776,0.00575861310372594
修正前,2025-01-27,Q06,做多,436,-0.0001913394824174631,0.005566171771257844
修正前,2025-02-05,Q06,做多,357,-0.0007285080832270749,0.004833608686902746
修正前,2025-02-06,Q06,做多,145,0.002260864819580657,0.007105401642315323
修正前,2025-02-07,Q06,做多,143,0.004986372497960538,0.012127204319612117
修正前,2025-02-10,Q06,做多,261,-0.0003039588261843067,0.011819559322638007
修正前,2025-02-11,Q06,做多,158,0.0012969782665671037,0.013131867300766986
修正前,2025-02-12,Q06,做多,207,0.0008981604905037552,0.014041822315646879
修正前,2025-02-13,Q06,做多,467,-0.000721491164053198,0.01331020010086581
修正前,2025-02-14,Q06,做多,394,0.0008070311640520157,0.014127973011198947
修正前,2025-02-17,Q06,做多,542,-0.0008956492796326653,0.013219670022716068
修正前,2025-02-18,Q06,做多,454,-0.0018833932188876221,0.011311378966951668
修正前,2025-02-19,Q06,做多,289,0.0015330870293560567,0.012861807324686003
修正前,2025-02-20,Q06,做多,423,0.0004845519102957093,0.013352591448290596
修正前,2025-02-21,Q06,做多,269,0.0006288808230758596,0.01398986946006664
修正前,2025-02-24,Q06,做多,309,-0.0014935307664874697,0.012475444393121427
修正前,2025-02-25,Q06,做多,399,-0.0004629124592693393,0.012006756895207582
修正前,2025-02-26,Q06,做多,390,0.0011170835501849443,0.013137252996011206
修正前,2025-02-27,Q06,做多,329,0.00022434486155806883,0.013364545132773742
修正前,2025-02-28,Q06,做多,277,-0.0021201990749310814,0.011216010561615253
修正前,2025-03-03,Q06,做多,309,-0.0009530735857605604,0.010252247292450889
修正前,2025-03-04,Q06,做多,491,0.00044702185063170985,0.010703852121640267
修正前,2025-03-05,Q06,做多,178,0.0019381515785528208,0.01266274938807932
修正前,2025-03-06,Q06,做多,216,0.00038796572594206,0.013055627826780158
修正前,2025-03-07,Q06,做多,255,-0.00033328010627598154,0.012717996539474585
修正前,2025-03-10,Q06,做多,305,-0.0005050854324210497,0.012206487432271818
修正前,2025-03-11,Q06,做多,277,0.002009918277610189,0.01424093975207752
修正前,2025-03-12,Q06,做多,160,0.0010865185300872326,0.015342931327091192
修正前,2025-03-13,Q06,做多,370,-0.00006052326459974063,0.015281479458199021
修正前,2025-03-14,Q06,做多,211,0.0064979183451179855,0.021878695609028886
修正前,2025-03-17,Q06,做多,239,0.0006703455395509234,0.022563707434592573
修正前,2025-03-18,Q06,做多,236,-0.0004184040385116226,0.022135862649766525
修正前,2025-03-19,Q06,做多,356,-0.00042200546775940606,0.021704515726935325
修正前,2025-03-20,Q06,做多,346,-0.0002549624983720936,0.021444019391007485
修正前,2025-03-21,Q06,做多,247,-0.002489172998650932,0.018901468518305986
修正前,2025-03-24,Q06,做多,163,-0.00006226143331293365,0.018838030252471327
修正前,2025-03-25,Q06,做多,256,0.0005078265943723181,0.01935542329959139
修正前,2025-03-26,Q06,做多,65,-0.0018235390204398964,0.01749658890950756
修正前,2025-03-27,Q06,做多,183,0.0007879519350249435,0.01829832731562009
修正前,2025-03-28,Q06,做多,584,-0.0005477037804467566,0.017740601472126638
修正前,2025-03-31,Q06,做多,191,-0.0017090047089397024,0.016001277991731566
修正前,2025-04-01,Q06,做多,401,-0.00009390376013434525,0.015905871651426873
修正前,2025-04-02,Q06,做多,484,-0.0002978578276352809,0.01560327613541479
修正前,2025-04-03,Q06,做多,237,-0.01626384955428269,-0.0009143427544882066
修正前,2025-04-07,Q06,做多,90,-0.0024895315559762014,-0.0034015980253241374
修正前,2025-04-08,Q06,做多,234,0.0006526091254692381,-0.0027512088137673363
修正前,2025-04-09,Q06,做多,232,0.0031589303485534087,0.00039903065776902835
修正前,2025-04-10,Q06,做多,194,-0.0006344790244557518,-0.00023570154326923998
修正前,2025-04-11,Q06,做多,255,0.0014171781350502417,0.0011811425607075599
修正前,2025-04-14,Q06,做多,140,-0.0006015982464824837,0.0005788337409315947
修正前,2025-04-15,Q06,做多,345,-0.00006929161410906987,0.00050950201849842
修正前,2025-04-16,Q06,做多,240,0.00034731804683663846,0.0008569970245810854
修正前,2025-04-17,Q06,做多,263,-0.0007939915754942989,0.00006232500066905011
修正前,2025-04-18,Q06,做多,358,0.0005154063428105661,0.0005777634661803255
修正前,2025-04-21,Q06,做多,358,0.001066536235004971,0.001644915906857447
修正前,2025-04-22,Q06,做多,286,0.0015942541370865396,0.0032417924579337676
修正前,2025-04-23,Q06,做多,235,-0.00006218242517516433,0.003179408450241672
修正前,2025-04-24,Q06,做多,260,-0.00008821639877658946,0.0030909115755013428
修正前,2025-04-25,Q06,做多,383,-0.0010081382514924107,0.0020796572578176686
修正前,2025-04-28,Q06,做多,162,-0.00013711777411330847,0.0019422543257303637
修正前,2025-04-29,Q06,做多,224,0.0004909648748707696,0.002434172779253174
修正前,2025-04-30,Q06,做多,264,-0.0003927832825259732,0.00204043339435267
修正前,2025-05-06,Q06,做多,404,0.001809840634873896,0.003853966888496485
修正前,2025-05-07,Q06,做多,206,0.00041069143339573377,0.004266241113077829
修正前,2025-05-08,Q06,做多,432,0.00008528137159710577,0.004351886315568487
修正前,2025-05-09,Q06,做多,265,0.0005764065256269806,0.004930801296866738
修正前,2025-05-12,Q06,做多,365,-0.00006461581728566272,0.004865866871825331
修正前,2025-05-13,Q06,做多,302,-0.00022301404822320177,0.004641767666932806
修正前,2025-05-14,Q06,做多,192,0.0005370492249691475,0.0051813097496300475
修正前,2025-05-15,Q06,做多,356,-0.0012098860838960627,0.003965154871171661
修正前,2025-05-16,Q06,做多,230,-0.0017260235110924164,0.0022322874095463963
修正前,2025-05-19,Q06,做多,393,0.0008110059818284617,0.0030451037898171496
修正前,2025-05-20,Q06,做多,175,0.0006851939054779775,0.0037323841818535097
修正前,2025-05-21,Q06,做多,98,-0.001114448506922024,0.002613776124952727
修正前,2025-05-22,Q06,做多,409,0.00013624581078434315,0.0027503780517843524
修正前,2025-05-23,Q06,做多,301,-0.0013566289704383516,0.0013900178388013273
修正前,2025-05-26,Q06,做多,592,-0.00043385063458043914,0.0009555641440994744
修正前,2025-05-27,Q06,做多,323,-0.0003908602086406009,0.0005643304434581609
修正前,2025-05-28,Q06,做多,346,0.0005800705201213243,0.0011447283150334275
修正前,2025-05-29,Q06,做多,283,0.0006076057188982324,0.0017530295774024207
修正前,2025-05-30,Q06,做多,376,0.00025607841486449386,0.0020095569053022455
修正前,2025-06-03,Q06,做多,376,0.00025269980214750136,0.0022627645220820725
修正前,2025-06-04,Q06,做多,432,9.014275654543005e-6,0.0022717991949197103
修正前,2025-06-05,Q06,做多,455,0.0007236520392285496,0.0029970952262685646
修正前,2025-06-06,Q06,做多,434,0.000268790326381643,0.003266691142854272
修正前,2025-06-09,Q06,做多,363,-0.00013448855830930538,0.003131763251962738
修正前,2025-06-10,Q06,做多,227,0.0017768308478616544,0.004914158713378747
修正前,2025-06-11,Q06,做多,380,-0.0007004701319697472,0.004210246360006442
修正前,2025-06-12,Q06,做多,321,0.0003893306089605595,0.004601216146746356
修正前,2025-06-13,Q06,做多,515,-0.0006170978444007913,0.0039812789017799055
修正前,2025-06-16,Q06,做多,178,-9.177062943972793e-6,0.003972065302388916
修正前,2025-06-17,Q06,做多,427,0.00014023544151018063,0.004112857768230338
修正前,2025-06-18,Q06,做多,457,0.0002995558578944961,0.004413645656761833
修正前,2025-06-19,Q06,做多,446,-0.001054264484314995,0.003354728022584519
修正前,2025-06-20,Q06,做多,478,-0.00012547528003550683,0.0032288318071109767
修正前,2025-06-23,Q06,做多,307,0.0014863345443401168,0.004719965475703747
修正前,2025-06-24,Q06,做多,167,0.0019424657077611492,0.006671599554543217
修正前,2025-06-25,Q06,做多,189,0.002559328787871107,0.009248003159215479
修正前,2025-06-26,Q06,做多,156,0.0007338742865006983,0.009988664317436058
修正前,2025-06-27,Q06,做多,163,0.0003916398119742045,0.0103842160880252
修正前,2025-06-30,Q06,做多,432,-0.000725993508240208,0.009650683706316832
修正前,2025-07-01,Q06,做多,304,-0.0001509462827973613,0.009498280688687633
修正前,2025-07-02,Q06,做多,295,0.00044578303834788454,0.009948297899460057
修正前,2025-07-03,Q06,做多,257,-0.00012148772411076497,0.009825601579278587
修正前,2025-07-04,Q06,做多,311,0.0018872959583558268,0.011731441355783412
修正前,2025-07-07,Q06,做多,289,-7.308249396657101e-7,0.011730701957213707
修正前,2025-07-08,Q06,做多,368,0.0011364502376399405,0.012880483553880495
修正前,2025-07-09,Q06,做多,178,-0.0005358456628017122,0.012337735939831562
修正前,2025-07-10,Q06,做多,269,0.0007555074439906397,0.013102564635166791
修正前,2025-07-11,Q06,做多,251,0.002713106624139482,0.015851219914211123
修正前,2025-07-14,Q06,做多,330,-0.00011452369598731765,0.0157348808779334
修正前,2025-07-15,Q06,做多,305,-0.000017610348123660096,0.015716993433079862
修正前,2025-07-16,Q06,做多,181,0.0005152701758068873,0.016240362106856088
修正前,2025-07-17,Q06,做多,140,0.0020379799579521725,0.018311439597291868
修正前,2025-07-18,Q06,做多,393,-0.00003493691641057109,0.01827586293564676
修正前,2025-07-21,Q06,做多,231,0.0002559825414178129,0.018536523778905467
修正前,2025-07-22,Q06,做多,335,0.0011230480175099594,0.01968038920269688
修正前,2025-07-23,Q06,做多,255,-0.001691865288026462,0.017955227347323577
修正前,2025-07-24,Q06,做多,238,0.0013094382341042555,0.01928817684261852
修正前,2025-07-25,Q06,做多,359,-0.0005882033137949544,0.018688628159287735
修正前,2025-07-28,Q06,做多,508,-0.0002819121037667739,0.018401447505040025
修正前,2025-07-29,Q06,做多,293,0.0011949580247045508,0.019618394487106894
修正前,2025-07-30,Q06,做多,273,0.00023963162571557665,0.019862727300587357
修正前,2025-07-31,Q06,做多,370,-0.0020247664205738612,0.017797743496754226
修正前,2025-08-01,Q06,做多,295,-0.0009786722172836979,0.016801653122380023
修正前,2025-08-04,Q06,做多,491,0.0010425948146955313,0.01786176525349914
修正前,2025-08-05,Q06,做多,447,0.00037202937952108016,0.018240439734464653
修正前,2025-08-06,Q06,做多,395,0.0013200010928893433,0.019584518227738323
修正前,2025-08-07,Q06,做多,314,-0.000591856071420639,0.01898107094029866
修正前,2025-08-08,Q06,做多,242,0.000013587627214021704,0.018994916475228774
修正前,2025-08-11,Q06,做多,305,0.0004120740609875208,0.01941481784858623
修正前,2025-08-12,Q06,做多,357,0.0004734789071837277,0.019897489262507895
修正前,2025-08-13,Q06,做多,355,0.0008326267769160963,0.020746683221777307
修正前,2025-08-14,Q06,做多,222,-0.0010708189255810056,0.01965364835515926
修正前,2025-08-15,Q06,做多,392,0.0020110130645402285,0.021704185163307743
修正前,2025-08-18,Q06,做多,298,0.0005453537449821492,0.022261375366950498
修正前,2025-08-19,Q06,做多,229,-0.0006561723429270955,0.021590595725192063
修正前,2025-08-20,Q06,做多,288,0.0024068743690451003,0.024049435945700415
修正前,2025-08-21,Q06,做多,293,0.000606049091119912,0.024670060175617126
修正前,2025-08-22,Q06,做多,276,0.001631775164808631,0.02634209133193477
修正前,2025-08-25,Q06,做多,192,0.0017034867568478755,0.028090451492514434
修正前,2025-08-26,Q06,做多,169,-0.0003657482714962611,0.027714429186939338
修正前,2025-08-27,Q06,做多,135,-0.0026381234286856382,0.025003191673302894
修正前,2025-08-28,Q06,做多,154,0.0013273325519123744,0.02636371177542496
修正前,2025-08-29,Q06,做多,380,0.0005242204039811775,0.02690175257504368
修正前,2025-09-01,Q06,做多,313,0.0001352338822994243,0.027040624485784592
修正前,2025-09-02,Q06,做多,242,-0.0007621903757000446,0.026257824006348685
修正前,2025-09-03,Q06,做多,248,-0.0035635173213273857,0.022600736474354344
修正前,2025-09-04,Q06,做多,213,-0.004800164384351761,0.017692084839718403
修正前,2025-09-05,Q06,做多,144,0.0037941048193361995,0.02155331528340909
修正前,2025-09-08,Q06,做多,325,0.0004900161427436755,0.022053892898571403
修正前,2025-09-09,Q06,做多,362,0.0005260853741769981,0.022591580503246167
修正前,2025-09-10,Q06,做多,384,-0.0008130880794444314,0.021760123478998805
修正前,2025-09-11,Q06,做多,164,0.005752817570926088,0.027638123070620413
修正前,2025-09-12,Q06,做多,284,-0.00022139730810496832,0.02741060675646656
修正前,2025-09-15,Q06,做多,323,-0.0003395542521798304,0.027061745116207847
修正前,2025-09-16,Q06,做多,91,0.0015241681383606073,0.028627159904243138
修正前,2025-09-17,Q06,做多,185,0.0006553729294053581,0.02930129429929562
修正前,2025-09-18,Q06,做多,263,-0.002762868169758437,0.026457470516184856
修正前,2025-09-19,Q06,做多,320,0.00045484654801839495,0.0269243511533368
修正前,2025-09-22,Q06,做多,376,0.00038879617440738427,0.02732361541247097
修正前,2025-09-23,Q06,做多,225,0.0011895342112661132,0.028545651999045907
修正前,2025-09-24,Q06,做多,175,0.0013795707599742206,0.02996460350584229
修正前,2025-09-25,Q06,做多,65,0.0001239635841137407,0.0300922816096032
修正前,2025-09-26,Q06,做多,310,-0.0009474473280563195,0.029116323429740687
修正前,2025-09-29,Q06,做多,282,0.002898190474284834,0.03209889855523573
修正前,2025-09-30,Q06,做多,317,0.001242684671013636,0.033381472035440396
修正前,2025-10-09,Q06,做多,272,-0.0008294871817510926,0.03252429535052781
修正前,2025-10-10,Q06,做多,139,-0.0051037173162519316,0.02725458322489649
修正前,2025-10-13,Q06,做多,175,-0.002221257638094747,0.024972786135640357
修正前,2025-10-14,Q06,做多,239,-0.0028377798033749615,0.022064139064135624
修正前,2025-10-15,Q06,做多,206,0.002157189940722338,0.02426892554369786
修正前,2025-10-16,Q06,做多,181,-0.0011228501921298063,0.023118824983858532
修正前,2025-10-17,Q06,做多,234,-0.0011343574433728782,0.021958242529283245
修正前,2025-10-20,Q06,做多,417,-0.0006966390628716978,0.021246306496913725
修正前,2025-10-21,Q06,做多,372,0.0011167333782542564,0.022386766334797636
修正前,2025-10-22,Q06,做多,260,0.0009133657181337185,0.023320579357841487
修正前,2025-10-23,Q06,做多,168,0.004226338587808901,0.027645478610080598
修正前,2025-10-24,Q06,做多,304,0.0020297907437069576,0.029731383890375662
修正前,2025-10-27,Q06,做多,173,0.00013188320315359538,0.029867188163670955
修正前,2025-10-28,Q06,做多,198,-0.0004640185929791628,0.02938931064006378
修正前,2025-10-29,Q06,做多,233,0.0004364470220852919,0.029838584539259028
修正前,2025-10-30,Q06,做多,172,-0.00008814832357910386,0.029747805994474907
修正前,2025-10-31,Q06,做多,299,-0.0012234086655896978,0.02848800360524928
修正前,2025-11-03,Q06,做多,313,0.00199146335448234,0.03053619977495381
修正前,2025-11-04,Q06,做多,201,-0.0023528262696815923,0.02811152713226539
修正前,2025-11-05,Q06,做多,453,0.00133375578441753,0.02948277682860434
修正前,2025-11-06,Q06,做多,318,-0.0002410307541014513,0.029234639818570995
修正前,2025-11-07,Q06,做多,256,0.00016439170421023164,0.029403837455042936
修正前,2025-11-10,Q06,做多,225,0.0007931921110866825,0.03022035245803467
修正前,2025-11-11,Q06,做多,592,-0.001738187385789437,0.028429636436808625
修正前,2025-11-12,Q06,做多,426,0.00024345121541549807,0.02868000888176847
修正前,2025-11-13,Q06,做多,567,0.0009622168909759664,0.029669822161723758
修正前,2025-11-14,Q06,做多,499,-0.00030068832275575264,0.029360212469905722
修正前,2025-11-17,Q06,做多,635,-0.00042337826559710586,0.02892440372847549
修正前,2025-11-18,Q06,做多,452,-0.0007874219498511898,0.02811420606824222
修正前,2025-11-19,Q06,做多,176,0.001233537113255972,0.029382423098093025
修正前,2025-11-20,Q06,做多,99,-0.003720837774583035,0.025552258093737956
修正前,2025-11-21,Q06,做多,286,-0.0035273250190142776,0.021934801955457273
修正前,2025-11-24,Q06,做多,240,0.0009090305545669253,0.02286377191521005
修正前,2025-11-25,Q06,做多,209,0.0011760995708824844,0.024066761558430683
修正前,2025-11-26,Q06,做多,79,-0.000287103644927523,0.023772748258538146
修正前,2025-11-27,Q06,做多,196,-0.00019243758710477517,0.02357573590111972
修正前,2025-11-28,Q06,做多,310,0.00047128969468289027,0.02405813659717726
修正前,2025-12-01,Q06,做多,308,0.00016093444506245228,0.02422294282510218
修正前,2025-12-02,Q06,做多,322,-0.0004156861188269245,0.023797187565185673
修正前,2025-12-03,Q06,做多,391,-0.0011727839235325872,0.022596494682651347
修正前,2025-12-04,Q06,做多,516,0.0005627408348033875,0.02317195148773621
修正前,2025-12-05,Q06,做多,274,0.004237751564070248,0.027507900025466325
修正前,2025-12-08,Q06,做多,227,0.00023300694201399555,0.027747316499146413
修正前,2025-12-09,Q06,做多,32,-0.0015563290476166003,0.026147803496868738
修正前,2025-12-10,Q06,做多,289,0.0008707448958998722,0.02704131645920249
修正前,2025-12-11,Q06,做多,393,-0.0007813136701471881,0.02623887503884692
修正前,2025-12-12,Q06,做多,333,0.0012222193388540861,0.027493164038203233
修正前,2025-12-15,Q06,做多,428,-0.00008833137962938054,0.027402404149464044
修正前,2025-12-16,Q06,做多,365,-0.0013285345843218087,0.02603746452353617
修正前,2025-12-17,Q06,做多,91,0.0008341660667720934,0.02689335015967864
修正前,2025-12-18,Q06,做多,140,0.00025024773593551277,0.02715032789560312
修正前,2025-12-19,Q06,做多,322,0.00037946316510699586,0.02754009361006715
修正前,2025-12-22,Q06,做多,384,0.00011965326279058293,0.02766304213491555
修正前,2025-12-23,Q06,做多,243,-0.00029651798247142913,0.02735832156300133
修正前,2025-12-24,Q06,做多,274,0.0009221970318640492,0.028305748357807525
修正前,2025-12-25,Q06,做多,173,0.0014394850759818138,0.029785979136114804
修正前,2025-12-26,Q06,做多,346,-0.0001258962987082663,0.029656332892879833
修正前,2025-12-29,Q06,做多,339,-0.0010652037692506272,0.02855953908604958
修正前,2025-12-30,Q06,做多,289,0.00010923118228498633,0.028671889860554467
修正前,2025-12-31,Q06,做多,315,-0.0007895971063604405,0.027859653512926297
修正前,2026-01-05,Q06,做多,185,0.004169949614269835,0.03214577647861594
修正前,2026-01-06,Q06,做多,257,0.0017249105603766857,0.03392613562831204
修正前,2026-01-07,Q06,做多,285,-0.0003535527270159627,0.03356058822352748
修正前,2026-01-08,Q06,做多,190,-0.0010096652493590036,0.03251703801449124
修正前,2026-01-09,Q06,做多,263,0.0019266802495200065,0.03450636819892661
修正前,2026-01-12,Q06,做多,356,0.0018598893592027023,0.03643043558516723
修正前,2026-01-13,Q06,做多,314,-0.00128562632015679,0.03509797333816733
修正前,2026-01-14,Q06,做多,240,-0.003150574285488498,0.03183682028040691
修正前,2026-01-15,Q06,做多,411,-0.0006481360050447686,0.031168049685852184
修正前,2026-01-16,Q06,做多,292,-0.0010918571789099512,0.030042161448140092
修正前,2026-01-19,Q06,做多,576,0.00019331597171559325,0.03024128504948842
修正前,2026-01-20,Q06,做多,415,0.00010415259471684919,0.03034858735251067
修正前,2026-01-21,Q06,做多,212,-2.1714782324468032e-6,0.030346349972981468
修正前,2026-01-22,Q06,做多,355,0.000442703237939908,0.03080248763831417
修正前,2026-01-23,Q06,做多,447,0.0006160518032039573,0.031437515369570734
修正前,2026-01-26,Q06,做多,246,-0.0006324435625196556,0.03078518935283392
修正前,2026-01-27,Q06,做多,283,0.0013735037932409773,0.032200976720426544
修正前,2026-01-28,Q06,做多,182,0.0008823335828420458,0.03311172230642945
修正前,2026-01-29,Q06,做多,260,9.893793503579218e-6,0.033121943700476164
修正前,2026-01-30,Q06,做多,310,-0.0004374062469240368,0.03267004970846732
修正前,2026-02-02,Q06,做多,229,-0.0042552378313442055,0.028275793045651865
修正前,2026-02-03,Q06,做多,368,0.0008142417180292598,0.02911305809398934
修正前,2026-02-04,Q06,做多,206,-0.0009649334734400962,0.028120032456280253
修正前,2026-02-05,Q06,做多,287,-0.0016032850175819323,0.02647166301196724
修正前,2026-02-06,Q06,做多,359,0.001546866894115692,0.028059478045228348
修正前,2026-02-09,Q06,做多,279,0.0008750566499122384,0.028959088327997096
修正前,2026-02-10,Q06,做多,358,0.0000726402294576118,0.029033832152275618
修正前,2026-02-11,Q06,做多,412,-0.00012578632939622163,0.028904393763704794
修正前,2026-02-12,Q06,做多,236,0.0005797619590077252,0.029500913390664962
修正前,2026-02-13,Q06,做多,462,-0.0007329480116216777,0.028746342743232622
修正前,2026-02-24,Q06,做多,445,0.0008306759152822379,0.02960089755308415
修正前,2026-02-25,Q06,做多,219,0.0003269811086989881,0.02993755759608363
修正前,2026-02-26,Q06,做多,257,0.00036710064691955274,0.030315648339763746
修正前,2026-02-27,Q06,做多,304,0.0008622185961198021,0.031204005651635613
修正前,2026-03-02,Q06,做多,376,-0.0010325100792254083,0.030139277122062547
修正前,2026-03-03,Q06,做多,338,-0.0018824062577529122,0.028200136500450945
修正前,2026-03-04,Q06,做多,335,-0.0021951611374123473,0.02594307151932318
修正前,2026-03-05,Q06,做多,164,-0.0004299314588446045,0.025501986317893355
修正前,2026-03-06,Q06,做多,336,-0.003988121454074731,0.021412159845062728
修正前,2026-03-09,Q06,做多,198,0.004873332652913623,0.026389841075718623
修正前,2026-03-10,Q06,做多,266,0.000478678047534744,0.026881151360854227
修正前,2026-03-11,Q06,做多,125,-0.0006328113301424309,0.026231329333563425
修正前,2026-03-12,Q06,做多,257,-0.00016849357049167292,0.026058415952733727
修正前,2026-03-13,Q06,做多,423,-0.00292627823481421,0.023055883542483224
修正前,2026-03-16,Q06,做多,280,-0.0002593902272565174,0.02279051284435507
修正前,2026-03-17,Q06,做多,302,-0.0015916809733733089,0.021162556645313968
修正前,2026-03-18,Q06,做多,299,-0.0010781147104359378,0.0200616262712483
修正前,2026-03-19,Q06,做多,175,-0.00001102734575397335,0.020050377699005084
修正前,2026-03-20,Q06,做多,244,-0.004288208252248416,0.015676189251647044
修正前,2026-03-23,Q06,做多,83,-0.003666218326718782,0.011952498592600724
修正前,2026-03-24,Q06,做多,126,0.005203420479711707,0.017218112948272912
修正前,2026-03-25,Q06,做多,203,-0.0005873838627970148,0.01662061544378224
修正前,2026-03-26,Q06,做多,415,-0.0016011063064639989,0.014992897765113922
修正前,2026-03-27,Q06,做多,274,0.001432896373948774,0.016447277407905192
修正前,2026-03-30,Q06,做多,335,0.0018514804887944144,0.01832920970991414
修正前,2026-03-31,Q06,做多,265,-0.00011188355980129069,0.018215275412882148
修正前,2026-04-01,Q06,做多,383,0.00021873285514480368,0.018437992547225335
修正前,2026-04-02,Q06,做多,187,-0.002782956279087737,0.015603724141004527
修正前,2026-04-03,Q06,做多,171,0.0015100473451665711,0.017137333848384895
修正前,2026-04-07,Q06,做多,319,0.003640693965200831,0.020840419601507065
修正前,2026-04-08,Q06,做多,252,0.0008439417828311787,0.021701949485211758
修正前,2026-04-09,Q06,做多,180,-0.0003352994249932332,0.021359373409034932
修正前,2026-04-10,Q06,做多,193,0.0004172920727956958,0.02178557857903396
修正前,2026-04-13,Q06,做多,281,0.00026209374511407507,0.022053382188027326
修正前,2026-04-14,Q06,做多,301,-0.0003558128065496538,0.021689722505667586
修正前,2026-04-15,Q06,做多,228,-0.0006991490843957811,0.020975409071641193
修正前,2026-04-16,Q06,做多,285,0.0006471249591605125,0.021636107741540567
修正前,2026-04-17,Q06,做多,353,0.0013912216332297022,0.0230574299959192
修正前,2026-04-20,Q06,做多,324,0.00008361808667595378,0.023142976100775092
修正前,2026-04-21,Q06,做多,387,0.0013398663851790322,0.02451385098168468
修正前,2026-04-22,Q06,做多,239,-0.00024752493387708737,0.024260258258464118
修正前,2026-04-23,Q06,做多,392,-0.001199220380033007,0.023031944482302613
修正前,2026-04-24,Q06,做多,381,0.0004647572045100274,0.023507405948944626
修正前,2026-04-27,Q06,做多,303,0.00026222434377150993,0.023775794506814885
修正前,2026-04-28,Q06,做多,337,-0.0008110623943900278,0.022945448459603668
修正前,2026-04-29,Q06,做多,486,0.0015922469908739019,0.02457423027174155
修正前,2026-04-30,Q06,做多,366,0.004536486442608452,0.029222197376815418
修正前,2026-05-06,Q06,做多,252,0.0009709576194389171,0.03022152851145421
修正前,2026-05-07,Q06,做多,205,0.0013281000930519219,0.03158976581933426
修正前,2026-05-08,Q06,做多,221,0.00005247741326588581,0.03164390098179615
修正前,2026-05-11,Q06,做多,310,0.0007274547582065064,0.032394375246340035
修正前,2026-05-12,Q06,做多,280,-0.0006491212426486267,0.03172422612657666
修正前,2026-05-13,Q06,做多,254,0.0023377018856618227,0.034136089795475666
修正前,2026-05-14,Q06,做多,351,-0.001738551319557729,0.03233819113195957
修正前,2026-05-15,Q06,做多,285,-0.00292781503959033,0.02931569585002003
修正前,2026-05-18,Q06,做多,452,-0.001025723997746813,0.028259902039529106
修正前,2026-05-19,Q06,做多,386,0.0004451064957715806,0.02871758720126838
修正前,2026-05-20,Q06,做多,113,0.0001737791878754372,0.02889635690812553
修正前,2026-05-21,Q06,做多,369,-0.0032722485705988977,0.02552955227493836
修正前,2026-05-22,Q06,做多,342,0.0013345875528496206,0.02689821125048386
修正前,2026-05-25,Q06,做多,229,0.0005668805617984998,0.02748033988538734
修正前,2026-05-26,Q06,做多,172,0.000834462450997265,0.028337733648159613
修正前,2026-05-27,Q06,做多,269,-0.001208779375583516,0.02709470020459137
修正前,2026-05-28,Q06,做多,326,0.00036876296409922853,0.027473454690649435
修正前,2026-05-29,Q06,做多,331,-0.0016866751554772206,0.025740440741710335
修正前,2026-06-01,Q06,做多,283,-0.003073564752309654,0.022587761078028068
修正前,2026-06-02,Q06,做多,316,0.001780905101199257,0.024408892838155838
修正前,2026-06-03,Q06,做多,260,-0.0010747575148203536,0.023307901682329213
修正前,2026-06-04,Q06,做多,310,-0.0002473251216102771,0.023054811931100927
修正前,2026-06-05,Q06,做多,371,0.00001686253402767467,0.023072063227679296
修正前,2026-06-08,Q06,做多,255,-0.00202282989512063,0.021002562473319664
修正前,2026-06-09,Q06,做多,117,0.0005161884264686169,0.021529592179463153
修正前,2026-06-10,Q06,做多,251,-0.002217462705474359,0.019264388406266653
修正前,2026-06-11,Q06,做多,390,0.0010603358785700925,0.020345151007042706
修正前,2026-06-12,Q06,做多,173,0.005870232846274315,0.02633481462702103
修正前,2026-06-15,Q06,做多,156,0.0014157171282978454,0.0277878144034569
修正前,2026-06-16,Q06,做多,225,-0.0006763666125738786,0.02709265304098407
修正前,2026-06-17,Q06,做多,224,0.0017884579199533488,0.02892956503084121
修正前,2026-06-18,Q06,做多,283,-0.0002159428742756185,0.028707375023141246
修正前,2026-06-22,Q06,做多,198,0.0011751072621391909,0.029916216530146977
修正前,2026-06-23,Q06,做多,239,-0.004065477121242655,0.02572911571504699
修正前,2026-06-24,Q06,做多,313,0.001088674045133692,0.026845800380663976
修正前,2026-06-25,Q06,做多,126,-0.001120139374492398,0.025695589968125487
修正前,2026-06-26,Q06,做多,332,-0.0013609903419720983,0.024299628176375432
修正前,2026-06-29,Q06,做多,390,0.0014580208705667294,0.025793078411970427
修正前,2026-06-30,Q06,做多,246,0.0026296472179911518,0.02849055232685105
修正前,2024-02-01,Q07,做多,238,0.00018665880965914659,0.00018665880965906823
修正前,2024-02-02,Q07,做多,185,-0.00655974818069513,-0.006374313805823206
修正前,2024-02-05,Q07,做多,257,-0.002885972775657279,-0.009241890485373383
修正前,2024-02-06,Q07,做多,194,0.007675038903115135,-0.001637783451271857
修正前,2024-02-07,Q07,做多,258,0.004511275092650173,0.0028661031496874934
修正前,2024-02-08,Q07,做多,339,-0.0017042746327088213,0.0011569438900860263
修正前,2024-02-19,Q07,做多,304,-0.0011518582899426339,3.75296473253961e-6
修正前,2024-02-20,Q07,做多,416,0.0013052895820744826,0.0013090474455126344
修正前,2024-02-21,Q07,做多,158,0.000631365300630679,0.001941239233277381
修正前,2024-02-22,Q07,做多,203,0.0018924251751096235,0.003837338058382933
修正前,2024-02-23,Q07,做多,306,0.0010025414872407233,0.004843726636227785
修正前,2024-02-26,Q07,做多,408,-0.0004199098346754338,0.004421782873101243
修正前,2024-02-27,Q07,做多,302,0.0017498126896636967,0.006179332854547415
修正前,2024-02-28,Q07,做多,250,-0.0030966721827862783,0.0030635253036022103
修正前,2024-02-29,Q07,做多,312,0.0012604760985339407,0.00432786290255871
修正前,2024-03-01,Q07,做多,345,0.00034457261132521795,0.00467392677690559
修正前,2024-03-04,Q07,做多,356,0.0007899586992740358,0.0054675776852968205
修正前,2024-03-05,Q07,做多,299,-0.0000577242730573181,0.005409537800292297
修正前,2024-03-06,Q07,做多,241,-0.0005231389604056983,0.004883568899905599
修正前,2024-03-07,Q07,做多,267,-0.000213039037245583,0.004669489471843313
修正前,2024-03-08,Q07,做多,279,0.000716755576046308,0.00538959193050581
修正前,2024-03-11,Q07,做多,417,0.0013960701843571644,0.006793186363462933
修正前,2024-03-12,Q07,做多,321,0.0002096346773290963,0.007004245128223285
修正前,2024-03-13,Q07,做多,298,-0.0002980816401478728,0.00670407565119957
修正前,2024-03-14,Q07,做多,369,-0.0005341130209625143,0.006166381896138162
修正前,2024-03-15,Q07,做多,327,0.0006883484725597413,0.0068589749882572715
修正前,2024-03-18,Q07,做多,185,0.0008753418137800779,0.007740320749644258
修正前,2024-03-19,Q07,做多,207,-0.001481667668898905,0.006247184497743641
修正前,2024-03-20,Q07,做多,321,0.0006704139542814694,0.0069217866516873006
修正前,2024-03-21,Q07,做多,283,-0.0014596456844516365,0.005452037611220817
修正前,2024-03-22,Q07,做多,205,-0.0032169811477038685,0.0022175173613050436
修正前,2024-03-25,Q07,做多,121,-0.00033509641503799736,0.0018816778641490561
修正前,2024-03-26,Q07,做多,318,-0.000191184796739601,0.0016901333192094192
修正前,2024-03-27,Q07,做多,99,-0.001200428538581808,0.0004876758963572314
修正前,2024-03-28,Q07,做多,395,0.0020674569361428348,0.0025561410814145535
修正前,2024-03-29,Q07,做多,447,0.001343226380983104,0.003902800938531792
修正前,2024-04-01,Q07,做多,245,-0.00023307085349949134,0.003668820455886568
修正前,2024-04-02,Q07,做多,238,-0.00040166378535448665,0.0032656830382200575
修正前,2024-04-03,Q07,做多,410,-0.0010460288647531032,0.0022162381747456994
修正前,2024-04-08,Q07,做多,271,-0.0010263216118898536,0.0011876419897201007
修正前,2024-04-09,Q07,做多,110,-0.00043722428937061607,0.000749898434424523
修正前,2024-04-10,Q07,做多,207,-0.0001524699565964067,0.0005973141408464056
修正前,2024-04-11,Q07,做多,336,0.001817580868668128,0.00241598067626958
修正前,2024-04-12,Q07,做多,171,-0.0028576780714927585,-0.0004486014902228552
修正前,2024-04-15,Q07,做多,463,0.0008105128416670868,0.00036154775417562846
修正前,2024-04-16,Q07,做多,278,-0.0010657938782053684,-0.0007046314594127967
修正前,2024-04-17,Q07,做多,226,0.0020976926103057607,0.0013915830506876503
修正前,2024-04-18,Q07,做多,282,0.00045768037130686717,0.0018499003222418597
修正前,2024-04-19,Q07,做多,423,-0.00040910553285727127,0.0014400379849275335
修正前,2024-04-22,Q07,做多,262,-0.0005564344393430218,0.0008828022588556195
修正前,2024-04-23,Q07,做多,368,0.0001622244085905075,0.0010451698795206354
修正前,2024-04-24,Q07,做多,138,0.001347892042257877,0.002394470697941964
修正前,2024-04-25,Q07,做多,135,0.0011078478786253577,0.0035049712858503668
修正前,2024-04-26,Q07,做多,386,0.001719101340761179,0.005230098027448449
修正前,2024-04-29,Q07,做多,380,0.0011874059079529712,0.006423714184698559
修正前,2024-04-30,Q07,做多,185,-0.0010917627644753461,0.005324938248266742
修正前,2024-05-06,Q07,做多,373,-0.00064640200295479,0.004675094194562801
修正前,2024-05-07,Q07,做多,229,-0.0012615785488291232,0.0034076176471840025
修正前,2024-05-08,Q07,做多,316,-0.0011386101715300046,0.002265127527540267
修正前,2024-05-09,Q07,做多,262,-0.0002996452554406328,0.001964803537382931
修正前,2024-05-10,Q07,做多,325,-0.00079426787452226,0.0011689750825312206
修正前,2024-05-13,Q07,做多,483,0.00047387572305437756,0.0016434047544982011
修正前,2024-05-14,Q07,做多,325,-0.0009124073000118817,0.0007294979999914464
修正前,2024-05-15,Q07,做多,182,-0.00021230135050475608,0.0005170417760760326
修正前,2024-05-16,Q07,做多,167,-0.0014361681093874494,-0.0009198688922213982
修正前,2024-05-17,Q07,做多,100,0.004859222910527023,0.00393488417030996
修正前,2024-05-20,Q07,做多,182,-0.0006050794319370263,0.0033274238208944595
修正前,2024-05-21,Q07,做多,582,-0.0003288427825216636,0.002997486839064978
修正前,2024-05-22,Q07,做多,193,-0.0030911990765670984,-0.00010297806605108484
修正前,2024-05-23,Q07,做多,210,-0.001533428533141324,-0.0016362486896875916
修正前,2024-05-24,Q07,做多,121,-0.00031360766706335907,-0.0019493432166166613
修正前,2024-05-27,Q07,做多,268,-0.00091627539228257,-0.002863832473678718
修正前,2024-05-28,Q07,做多,128,-0.0006423119790497367,-0.0035043049788245906
修正前,2024-05-29,Q07,做多,247,-0.001500288847817847,-0.004999336356963369
修正前,2024-05-30,Q07,做多,410,-0.0007080393265535283,-0.005703835956769487
修正前,2024-05-31,Q07,做多,462,-0.0012191971439621395,-0.006916079000223507
修正前,2024-06-03,Q07,做多,588,-0.0012551749845517073,-0.008162573095423009
修正前,2024-06-04,Q07,做多,418,0.0023489719220100395,-0.00583277482842548
修正前,2024-06-05,Q07,做多,370,-0.0007306591362607464,-0.006559172194467999
修正前,2024-06-06,Q07,做多,436,-0.001978326557804427,-0.008524522567722848
修正前,2024-06-07,Q07,做多,167,-0.001225572857119751,-0.009739648001363732
修正前,2024-06-11,Q07,做多,277,0.0005964203776419961,-0.009149036548260714
修正前,2024-06-12,Q07,做多,133,-0.00023943216988949904,-0.009386278144477123
修正前,2024-06-13,Q07,做多,438,-0.0003822988515015964,-0.009764988632624316
修正前,2024-06-14,Q07,做多,265,-0.00012976630462634484,-0.009893487770761045
修正前,2024-06-17,Q07,做多,243,0.0016582932221503696,-0.008251600852324459
修正前,2024-06-18,Q07,做多,521,3.930807870067745e-6,-0.008247702479911911
修正前,2024-06-19,Q07,做多,287,-0.0006951424358881124,-0.008937111587807633
修正前,2024-06-20,Q07,做多,172,-0.0025005393185575635,-0.011415303307445557
修正前,2024-06-21,Q07,做多,138,-0.0028269536720156043,-0.014209986445859024
修正前,2024-06-24,Q07,做多,213,-0.0005548212820983234,-0.014756923725058768
修正前,2024-06-25,Q07,做多,185,-0.0011351964761726432,-0.015875368193419614
修正前,2024-06-26,Q07,做多,195,-0.0005039328922672818,-0.016371300965477342
修正前,2024-06-27,Q07,做多,307,0.0007819378637524431,-0.015602164441828825
修正前,2024-06-28,Q07,做多,536,-0.00009023714631154296,-0.015690993693344812
修正前,2024-07-01,Q07,做多,528,0.0014386128791350282,-0.014274954079823488
修正前,2024-07-02,Q07,做多,193,-0.0012517331371329956,-0.015508818783903755
修正前,2024-07-03,Q07,做多,285,0.0007304341064203376,-0.014789712847673497
修正前,2024-07-04,Q07,做多,424,-0.0018833543128219492,-0.01664521289101839
修正前,2024-07-05,Q07,做多,307,-0.0015191757835582216,-0.018139101670240354
修正前,2024-07-08,Q07,做多,208,-0.001367430990932497,-0.0194817286914013
修正前,2024-07-09,Q07,做多,311,0.0015792340919100478,-0.017933260809609997
修正前,2024-07-10,Q07,做多,217,0.001975895956499703,-0.015992799110630895
修正前,2024-07-11,Q07,做多,259,0.000023810636593432537,-0.015969369272765155
修正前,2024-07-12,Q07,做多,318,-0.00007108067367892161,-0.016039314832917873
修正前,2024-07-15,Q07,做多,364,-0.0002657851245813008,-0.016300836946208097
修正前,2024-07-16,Q07,做多,225,0.0007229762234298202,-0.015589645840312416
修正前,2024-07-17,Q07,做多,83,-0.0033089869185098366,-0.01884704682467242
修正前,2024-07-18,Q07,做多,230,-0.00018769729186201206,-0.01903120657688584
修正前,2024-07-19,Q07,做多,249,0.0011372231640717403,-0.017915626141773444
修正前,2024-07-22,Q07,做多,461,0.0001167714924996248,-0.017800946683677377
修正前,2024-07-23,Q07,做多,541,-0.002037276904456274,-0.019801958130577613
修正前,2024-07-24,Q07,做多,313,-0.0018375344322838138,-0.021603105782969867
修正前,2024-07-25,Q07,做多,135,-0.0010600129222439135,-0.022640219133923223
修正前,2024-07-26,Q07,做多,52,-0.0018190742873160231,-0.02441810918075349
修正前,2024-07-29,Q07,做多,304,0.000032629868117414606,-0.024386276072318247
修正前,2024-07-30,Q07,做多,381,0.0005054527235980814,-0.02389314945837928
修正前,2024-07-31,Q07,做多,376,0.002770664987884687,-0.021188684383149248
修正前,2024-08-01,Q07,做多,246,-0.0008193887904603687,-0.02199071140314146
修正前,2024-08-02,Q07,做多,209,-0.0004002559998076304,-0.022382165488769923
修正前,2024-08-05,Q07,做多,376,-0.0009481866436061032,-0.023309129662004602
修正前,2024-08-06,Q07,做多,324,-0.0006963370154905679,-0.023989235667712605
修正前,2024-08-07,Q07,做多,92,-0.0012807038433295572,-0.02523921640472404
修正前,2024-08-08,Q07,做多,244,0.0003613284125989236,-0.024887007638123904
修正前,2024-08-09,Q07,做多,298,-0.0013451509412273376,-0.02619868179760243
修正前,2024-08-12,Q07,做多,555,0.0000505883980155419,-0.026149418748929176
修正前,2024-08-13,Q07,做多,431,0.0002103856135355017,-0.025944534596900715
修正前,2024-08-14,Q07,做多,67,0.0011665160946266503,-0.024808283219449057
修正前,2024-08-15,Q07,做多,181,0.0036699550003991962,-0.02122937350210241
修正前,2024-08-16,Q07,做多,71,0.0022318858034748087,-0.01904486923596349
修正前,2024-08-19,Q07,做多,352,-0.0008077015794263141,-0.019837188244427928
修正前,2024-08-20,Q07,做多,557,-0.0014092205244818634,-0.021218453796087777
修正前,2024-08-21,Q07,做多,48,-0.0006812682813688298,-0.021885266617905685
修正前,2024-08-22,Q07,做多,96,0.0010517218432444981,-0.020856561987608546
修正前,2024-08-23,Q07,做多,86,0.0006061602835807419,-0.020263044123556728
修正前,2024-08-26,Q07,做多,198,0.00046286311255538053,-0.019809560026674222
修正前,2024-08-27,Q07,做多,268,-0.0004364837033193256,-0.02023739717987194
修正前,2024-08-28,Q07,做多,390,-0.0005776817319155014,-0.020803388137135115
修正前,2024-08-29,Q07,做多,385,0.0010076968584722967,-0.01981665478753425
修正前,2024-08-30,Q07,做多,287,0.0009115886626328473,-0.018923130762737106
修正前,2024-09-02,Q07,做多,288,-0.002368322425986157,-0.021246637113768063
修正前,2024-09-03,Q07,做多,216,0.0002955581438544431,-0.02095735858654213
修正前,2024-09-04,Q07,做多,386,0.00003076477468514711,-0.0209272385602719
修正前,2024-09-05,Q07,做多,70,-0.0024737287555970915,-0.023349199004067178
修正前,2024-09-06,Q07,做多,221,-0.002143546574159996,-0.025442695482692623
修正前,2024-09-09,Q07,做多,408,-0.0006146085154921143,-0.026041666700884036
修正前,2024-09-10,Q07,做多,223,-0.0010410007508967548,-0.02705555805719051
修正前,2024-09-11,Q07,做多,63,0.002825378199174468,-0.024306622041917247
修正前,2024-09-12,Q07,做多,216,0.0011660343306916562,-0.023168930066989613
修正前,2024-09-13,Q07,做多,280,-0.000319440897952258,-0.023480969861116585
修正前,2024-09-18,Q07,做多,427,-0.00048779076940740735,-0.023957306830169056
修正前,2024-09-19,Q07,做多,167,0.0007393951769144425,-0.02323562557037684
修正前,2024-09-20,Q07,做多,251,0.0019025295829102193,-0.021377302452491698
修正前,2024-09-23,Q07,做多,189,0.0010587022634883406,-0.020341232387497188
修正前,2024-09-24,Q07,做多,373,0.011750521048960502,-0.008829731417867692
修正前,2024-09-25,Q07,做多,241,-0.0010809213297203217,-0.009901108502562761
修正前,2024-09-26,Q07,做多,105,0.010398326863997638,0.00039426339890913376
修正前,2024-09-27,Q07,做多,164,0.01413421843643868,0.014534054440349387
修正前,2024-09-30,Q07,做多,147,0.016975610996386652,0.03175638989111551
修正前,2024-10-08,Q07,做多,327,-0.011014783584905449,0.020391816544121477
修正前,2024-10-09,Q07,做多,179,-0.0033572853683343147,0.016966070028469726
修正前,2024-10-10,Q07,做多,181,-0.0003445617270026258,0.016615662443077772
修正前,2024-10-11,Q07,做多,184,-0.0023015451851002263,0.014275875560084472
修正前,2024-10-14,Q07,做多,343,0.0039313787094411735,0.018263378142761244
修正前,2024-10-15,Q07,做多,108,0.0007248424311978009,0.019001458645373948
修正前,2024-10-16,Q07,做多,316,0.002013744906803425,0.021053467642746293
修正前,2024-10-17,Q07,做多,147,0.0015756275771018657,0.022662267644059764
修正前,2024-10-18,Q07,做多,142,0.0040022061477148,0.026755172858660803
修正前,2024-10-21,Q07,做多,157,0.0009003964371502453,0.027679659558128344
修正前,2024-10-22,Q07,做多,150,0.0026206937813549303,0.03037289325115733
修正前,2024-10-23,Q07,做多,62,-0.003985134612453441,0.026266718570528313
修正前,2024-10-24,Q07,做多,273,-0.00021121213698472688,0.026049958583782784
修正前,2024-10-25,Q07,做多,224,-0.00018363807149463746,0.025861536748131186
修正前,2024-10-28,Q07,做多,394,0.0006767195464554479,0.026555757302005434
修正前,2024-10-29,Q07,做多,185,-0.001747060230244077,0.024762302564295124
修正前,2024-10-30,Q07,做多,360,-0.0005812216905724199,0.02416668848636383
修正前,2024-10-31,Q07,做多,340,0.000842752259439508,0.025029807277128224
修正前,2024-11-01,Q07,做多,419,-0.000532977147683763,0.024483489814154824
修正前,2024-11-04,Q07,做多,669,0.001693515386404132,0.026218468367272152
修正前,2024-11-05,Q07,做多,358,0.0030194631771179787,0.02931709724418541
修正前,2024-11-06,Q07,做多,144,-0.001992461104034899,0.02726622296420822
修正前,2024-11-07,Q07,做多,201,0.0033380036186270497,0.030695241333756007
修正前,2024-11-08,Q07,做多,245,-0.003245466835238515,0.027350154110769243
修正前,2024-11-11,Q07,做多,286,0.001259656945437639,0.028644262867791426
修正前,2024-11-12,Q07,做多,246,-0.0024986377493331656,0.026074053481955017
修正前,2024-11-13,Q07,做多,395,-0.0001976895044576907,0.025871209410785356
修正前,2024-11-14,Q07,做多,269,-0.0023451132451842555,0.02346542524974282
修正前,2024-11-15,Q07,做多,163,0.002279833103555999,0.025798755606572188
修正前,2024-11-18,Q07,做多,367,-0.00252444986679432,0.023209178074623305
修正前,2024-11-19,Q07,做多,380,0.0019304700833201519,0.025184452781874977
修正前,2024-11-20,Q07,做多,155,-0.0007036204547471096,0.024463112031008816
修正前,2024-11-21,Q07,做多,67,0.00034313690933353725,0.02481464313699755
修正前,2024-11-22,Q07,做多,218,-0.004325807188827664,0.020381492586499572
修正前,2024-11-25,Q07,做多,349,0.000037208938219215596,0.020419459898417314
修正前,2024-11-26,Q07,做多,66,0.0015014322372294512,0.021951550571005063
修正前,2024-11-27,Q07,做多,323,0.0032154667920064636,0.025237601844905644
修正前,2024-11-28,Q07,做多,248,0.0008592541585130675,0.026118541517754945
修正前,2024-11-29,Q07,做多,219,0.00003211031411801035,0.026151490506445496
修正前,2024-12-02,Q07,做多,315,0.0005364448359787708,0.02670196417445969
修正前,2024-12-03,Q07,做多,354,0.00014115013341247734,0.026846883293677903
修正前,2024-12-04,Q07,做多,307,-0.0004687888230148214,0.026365508951842198
修正前,2024-12-05,Q07,做多,265,-0.0003280745555354581,0.026028784543675965
修正前,2024-12-06,Q07,做多,296,0.0004424488713846438,0.026482749821405305
修正前,2024-12-09,Q07,做多,374,0.005337132009890654,0.03196122376307775
修正前,2024-12-10,Q07,做多,147,-0.002017820567279883,0.029878911181133283
修正前,2024-12-11,Q07,做多,390,-0.00008318943448382645,0.029793236136925305
修正前,2024-12-12,Q07,做多,223,-0.0018818459274097723,0.0278553239294268
修正前,2024-12-13,Q07,做多,207,-0.001573617925499352,0.026237872366871473
修正前,2024-12-16,Q07,做多,88,-0.0005158446850724762,0.025708493014790834
修正前,2024-12-17,Q07,做多,231,-0.0015517294509132247,0.024116870938128088
修正前,2024-12-18,Q07,做多,47,-0.003289799246828052,0.020747732027451837
修正前,2024-12-19,Q07,做多,333,-0.0006904396235025327,0.020042967347659646
修正前,2024-12-20,Q07,做多,197,0.0007241068528186551,0.02078158745048575
修正前,2024-12-23,Q07,做多,338,-0.0013996615678091952,0.019352838693404095
修正前,2024-12-24,Q07,做多,432,0.0009596749963310247,0.02033108612513712
修正前,2024-12-25,Q07,做多,270,0.000897021849623006,0.021246345403240774
修正前,2024-12-26,Q07,做多,336,0.000507608651614213,0.021764738883596868
修正前,2024-12-27,Q07,做多,377,6.230904671548192e-6,0.021771105402281554
修正前,2024-12-30,Q07,做多,351,-0.00020829328581711682,0.02155827734138449
修正前,2024-12-31,Q07,做多,290,-0.002383004475481796,0.01912389939451442
修正前,2025-01-02,Q07,做多,216,-0.003780993677166946,0.015270598374653943
修正前,2025-01-03,Q07,做多,186,-0.0008828079488950841,0.014374309420129405
修正前,2025-01-06,Q07,做多,92,0.0003463077484965375,0.01472559510335758
修正前,2025-01-07,Q07,做多,292,0.001514683930633497,0.016262583656263097
修正前,2025-01-08,Q07,做多,318,-0.0002348634425975176,0.01602390072728266
修正前,2025-01-09,Q07,做多,180,0.0015854810503798135,0.0176347873686189
修正前,2025-01-10,Q07,做多,261,-0.001548873613626648,0.01605859969815504
修正前,2025-01-13,Q07,做多,368,-0.00047776380422518463,0.015573163676247503
修正前,2025-01-14,Q07,做多,218,0.0029494499358740517,0.018568545878727694
修正前,2025-01-15,Q07,做多,242,0.0006001941436513959,0.019179884754871646
修正前,2025-01-16,Q07,做多,204,-0.0006971028792728437,0.018469411522711976
修正前,2025-01-17,Q07,做多,216,0.0017704080111326658,0.020272517927965472
修正前,2025-01-20,Q07,做多,383,-0.00008297491047642919,0.020187860907128874
修正前,2025-01-21,Q07,做多,452,0.0006724797207007053,0.0208739165548939
修正前,2025-01-22,Q07,做多,317,0.002606336067194998,0.02353465706366964
修正前,2025-01-23,Q07,做多,210,-0.0028555921481234862,0.02061185953362643
修正前,2025-01-24,Q07,做多,303,0.0009476850681083174,0.02157907815324056
修正前,2025-01-27,Q07,做多,355,-0.00119469350905438,0.020358604259585134
修正前,2025-02-05,Q07,做多,281,-0.0005629165606611338,0.019784227503434337
修正前,2025-02-06,Q07,做多,134,0.0019813140226769567,0.021804740293491776
修正前,2025-02-07,Q07,做多,184,0.0031193356193319273,0.024992092215891493
修正前,2025-02-10,Q07,做多,357,-0.0006468067982669233,0.024329120362476475
修正前,2025-02-11,Q07,做多,279,-0.00011978649572777232,0.024206419566676463
修正前,2025-02-12,Q07,做多,243,0.002028053892619353,0.026283565382724472
修正前,2025-02-13,Q07,做多,327,-0.00008652491251324284,0.02619476628701589
修正前,2025-02-14,Q07,做多,390,0.0005694447094589496,0.0267791274675524
修正前,2025-02-17,Q07,做多,541,-0.0009993487576959554,0.025753017022089653
修正前,2025-02-18,Q07,做多,714,-0.001832364383654986,0.023873463727271726
修正前,2025-02-19,Q07,做多,423,0.0010558660519940268,0.024954536959158835
修正前,2025-02-20,Q07,做多,414,0.0005491725492058744,0.025517413855040916
修正前,2025-02-21,Q07,做多,315,0.00019922745738609044,0.025721725081908398
修正前,2025-02-24,Q07,做多,289,-0.0025082931917375854,0.02314891426226806
修正前,2025-02-25,Q07,做多,356,-0.0001834683023210683,0.022961198867946786
修正前,2025-02-26,Q07,做多,379,0.0005814831719432292,0.023556033590639514
修正前,2025-02-27,Q07,做多,316,0.0004173622260110923,0.023983227215266023
修正前,2025-02-28,Q07,做多,345,-0.0022375913754238857,0.02169197117747035
修正前,2025-03-03,Q07,做多,515,-0.0011835168537093796,0.020482781510282155
修正前,2025-03-04,Q07,做多,546,0.0007398568887522379,0.021237792726035654
修正前,2025-03-05,Q07,做多,126,0.0016763817246043353,0.02294977709823698
修正前,2025-03-06,Q07,做多,249,0.00009206488701523315,0.023043954853887882
修正前,2025-03-07,Q07,做多,268,-0.0005930626681600106,0.02243722567637718
修正前,2025-03-10,Q07,做多,394,-0.0009346394559026041,0.021481615504076457
修正前,2025-03-11,Q07,做多,233,0.002504974889772961,0.024040401301278935
修正前,2025-03-12,Q07,做多,123,-0.0005528676557902159,0.023474242485177044
修正前,2025-03-13,Q07,做多,305,0.0004284009451454994,0.023912699817989713
修正前,2025-03-14,Q07,做多,205,0.005058815344215496,0.029092485094966092
修正前,2025-03-17,Q07,做多,252,0.0008759151997721693,0.029993882844632003
修正前,2025-03-18,Q07,做多,222,-0.00013086048482790347,0.029859097345753094
修正前,2025-03-19,Q07,做多,345,-0.0005574210563887998,0.02928503219977907
修正前,2025-03-20,Q07,做多,324,-0.0004489455944358157,0.02882293921915413
修正前,2025-03-21,Q07,做多,118,-0.0020010404366954484,0.026764222915576674
修正前,2025-03-24,Q07,做多,137,0.0004748002837163933,0.027251730859926937
修正前,2025-03-25,Q07,做多,139,0.001270574878362299,0.02855693110291191
修正前,2025-03-26,Q07,做多,45,-0.0025976054202247823,0.025885146043669094
修正前,2025-03-27,Q07,做多,129,-0.0009795324212761845,0.024880258282613754
修正前,2025-03-28,Q07,做多,633,-0.0006012077760593201,0.024264092301804485
修正前,2025-03-31,Q07,做多,384,-0.001077139721085511,0.023160816763104553
修正前,2025-04-01,Q07,做多,316,0.00040055958838878077,0.023570653638722572
修正前,2025-04-02,Q07,做多,434,7.576004191342535e-7,0.02357142909627874
修正前,2025-04-03,Q07,做多,385,-0.012244979184026023,0.011037818253631038
修正前,2025-04-07,Q07,做多,68,-0.0035003650392515257,0.007498816821254861
修正前,2025-04-08,Q07,做多,263,0.0012956127496876668,0.00880414513362382
修正前,2025-04-09,Q07,做多,263,0.004337300812938877,0.013179632172408029
修正前,2025-04-10,Q07,做多,262,-0.0006359261627643829,0.01253532473672947
修正前,2025-04-11,Q07,做多,337,0.0016130441278568123,0.01416858889654371
修正前,2025-04-14,Q07,做多,138,-0.0003837867317233231,0.01377936444839456
修正前,2025-04-15,Q07,做多,385,0.0001879633361320223,0.013969917799838028
修正前,2025-04-16,Q07,做多,176,0.00024518326805181544,0.014218526257990582
修正前,2025-04-17,Q07,做多,233,-0.0010555067908011582,0.013148011716168861
修正前,2025-04-18,Q07,做多,290,0.001283177581642341,0.014448060531688567
修正前,2025-04-21,Q07,做多,313,0.0008548028958213223,0.015315213671491357
修正前,2025-04-22,Q07,做多,206,0.0012669924838086691,0.016601610415909684
修正前,2025-04-23,Q07,做多,251,-0.00027223653326715914,0.016324854317776305
修正前,2025-04-24,Q07,做多,381,-0.00014626532065258312,0.016176201237072307
修正前,2025-04-25,Q07,做多,256,-0.0008053897013127198,0.015357783389876811
修正前,2025-04-28,Q07,做多,279,-0.0004507024081457885,0.014900159191773454
修正前,2025-04-29,Q07,做多,317,0.00034487880936699656,0.015250176750301936
修正前,2025-04-30,Q07,做多,255,-0.00043576142618571883,0.014807769885345934
修正前,2025-05-06,Q07,做多,466,0.0021821528048173483,0.01702223550675175
修正前,2025-05-07,Q07,做多,162,0.0005296206641723086,0.017560871498598862
修正前,2025-05-08,Q07,做多,370,-0.00046773523964794867,0.017084922420512072
修正前,2025-05-09,Q07,做多,387,0.0003289203011171798,0.017419462299456345
修正前,2025-05-12,Q07,做多,413,-0.00048009274687325427,0.016931006595078735
修正前,2025-05-13,Q07,做多,226,0.00006998803591344349,0.017002179598889722
修正前,2025-05-14,Q07,做多,165,0.000440472052750093,0.017450140636588785
修正前,2025-05-15,Q07,做多,328,-0.0011981834260240713,0.016231048741272236
修正前,2025-05-16,Q07,做多,196,-0.001448274396742428,0.01475926733220545
修正前,2025-05-19,Q07,做多,267,0.00046236697090443045,0.015228458500839093
修正前,2025-05-20,Q07,做多,118,0.0009656702035098826,0.016208834372968717
修正前,2025-05-21,Q07,做多,64,-0.0021536789237188714,0.014020246824282712
修正前,2025-05-22,Q07,做多,416,0.00021151613931963837,0.014234728472082958
修正前,2025-05-23,Q07,做多,286,-0.0012817110014588684,0.012934772662538618
修正前,2025-05-26,Q07,做多,371,-0.00021879397624647974,0.012713148635949523
修正前,2025-05-27,Q07,做多,322,-0.0004895464881877877,0.012217378470493312
修正前,2025-05-28,Q07,做多,344,0.0010059424310088086,0.013235610880901083
修正前,2025-05-29,Q07,做多,236,0.0007745559164427736,0.014020418518059241
修正前,2025-05-30,Q07,做多,647,0.0004485046623872145,0.014475211403520483
修正前,2025-06-03,Q07,做多,283,0.0006733195945273347,0.015158277441520873
修正前,2025-06-04,Q07,做多,301,0.00019432526549588937,0.015355548343304992
修正前,2025-06-05,Q07,做多,371,0.0010917564390639516,0.016464069301148188
修正前,2025-06-06,Q07,做多,546,0.00009211717677470459,0.016557703101505172
修正前,2025-06-09,Q07,做多,365,0.00018202200749640237,0.016742738975359606
修正前,2025-06-10,Q07,做多,413,0.001160664996868659,0.01792283668330885
修正前,2025-06-11,Q07,做多,420,-0.0011392444926189326,0.0167631736977063
修正前,2025-06-12,Q07,做多,388,-0.000028217956401256498,0.016734482718800514
修正前,2025-06-13,Q07,做多,366,-0.0010479107235657412,0.015669035751340488
修正前,2025-06-16,Q07,做多,93,-0.00010468630650286032,0.015562709111358375
修正前,2025-06-17,Q07,做多,311,0.000975774294575841,0.016553669097438828
修正前,2025-06-18,Q07,做多,297,0.00019823972162779228,0.016755190413820342
修正前,2025-06-19,Q07,做多,279,-0.001226831822709087,0.015507802790315939
修正前,2025-06-20,Q07,做多,413,-0.000039355205308201163,0.015467837272244989
修正前,2025-06-23,Q07,做多,330,0.0010780556786564623,0.016562568140709333
修正前,2025-06-24,Q07,做多,219,0.002741350425294596,0.01934932236922049
修正前,2025-06-25,Q07,做多,168,0.002582098289210643,0.021981382510618097
修正前,2025-06-26,Q07,做多,163,0.0008638543070340743,0.02286422552960854
修正前,2025-06-27,Q07,做多,152,-0.0005475458364296509,0.02230416048168693
修正前,2025-06-30,Q07,做多,498,-0.000496591757340698,0.0217964926620966
修正前,2025-07-01,Q07,做多,319,-0.00021728379818635298,0.021574472839197556
修正前,2025-07-02,Q07,做多,279,0.0009365584736766701,0.022531237068226906
修正前,2025-07-03,Q07,做多,192,-0.0006453482668007382,0.021871348306635285
修正前,2025-07-04,Q07,做多,479,0.0014791648165084785,0.023382864452048402
修正前,2025-07-07,Q07,做多,594,0.00024812681742565374,0.023636793185212834
修正前,2025-07-08,Q07,做多,323,0.0008903277004224135,0.024548165377357156
修正前,2025-07-09,Q07,做多,106,-0.0003823058250761604,0.024156474645662396
修正前,2025-07-10,Q07,做多,263,0.000531529796855549,0.024700844328578997
修正前,2025-07-11,Q07,做多,378,0.0012276569223633497,0.025958825413470388
修正前,2025-07-14,Q07,做多,322,-0.000060974104638697334,0.025896268492694663
修正前,2025-07-15,Q07,做多,252,0.0007657209504060798,0.026681818758423015
修正前,2025-07-16,Q07,做多,132,0.0011187471791069556,0.027830416146999326
修正前,2025-07-17,Q07,做多,109,0.0024955913804243467,0.030395460874073743
修正前,2025-07-18,Q07,做多,436,-0.0005088154780465513,0.029871179715072138
修正前,2025-07-21,Q07,做多,288,-0.00020455993733826795,0.029660509331083107
修正前,2025-07-22,Q07,做多,311,0.0016404602304550182,0.031349626447510825
修正前,2025-07-23,Q07,做多,242,-0.0010606261682015949,0.0302557500451357
修正前,2025-07-24,Q07,做多,266,0.0007344622726827252,0.031012434024758395
修正前,2025-07-25,Q07,做多,439,-0.0006539287911635874,0.030338225310102107
修正前,2025-07-28,Q07,做多,631,0.0003036020177440441,0.030651038074265058
修正前,2025-07-29,Q07,做多,269,0.0016039851630975572,0.03230418704766724
修正前,2025-07-30,Q07,做多,202,0.0010585201432537126,0.03339690182362243
修正前,2025-07-31,Q07,做多,534,-0.0020314128300226194,0.03129764609875241
修正前,2025-08-01,Q07,做多,348,-0.0009752432699482513,0.030291880010081096
修正前,2025-08-04,Q07,做多,628,0.0011108847885966757,0.03143641558739918
修正前,2025-08-05,Q07,做多,418,0.0002916811645176773,0.03173726616222372
修正前,2025-08-06,Q07,做多,163,0.0014124963375592627,0.033194591272001306
修正前,2025-08-07,Q07,做多,331,-0.0002345271140039885,0.03295227912630572
修正前,2025-08-08,Q07,做多,371,-0.000014687248304749229,0.03293710789969517
修正前,2025-08-11,Q07,做多,519,0.0006498036520132909,0.033608314204708334
修正前,2025-08-12,Q07,做多,435,0.00039167985395861566,0.03401315775826652
修正前,2025-08-13,Q07,做多,417,0.0011172705892995094,0.03516843024837857
修正前,2025-08-14,Q07,做多,258,-0.0009510982806888877,0.034183883334145904
修正前,2025-08-15,Q07,做多,437,0.0023451948019315477,0.03660924600158255
修正前,2025-08-18,Q07,做多,277,0.000552547133134952,0.0371820214686418
修正前,2025-08-19,Q07,做多,245,-0.0009687043272513583,0.03617729875629783
修正前,2025-08-20,Q07,做多,414,0.0030284392900205644,0.039315298799278864
修正前,2025-08-21,Q07,做多,242,0.0006800987327799455,0.04002213581695102
修正前,2025-08-22,Q07,做多,316,0.0015247954429814623,0.04160795683024476
修正前,2025-08-25,Q07,做多,220,0.0005925861383399355,0.04222519926704704
修正前,2025-08-26,Q07,做多,169,0.00040747598786604143,0.042649881009697355
修正前,2025-08-27,Q07,做多,131,-0.0024650779052105207,0.040079667825150045
修正前,2025-08-28,Q07,做多,238,0.0003889143446191584,0.04048416972751401
修正前,2025-08-29,Q07,做多,336,0.00038692420943810984,0.04088675824231869
修正前,2025-09-01,Q07,做多,196,0.0004559264358917693,0.04136132603217124
修正前,2025-09-02,Q07,做多,344,-0.0006875954854083745,0.040645290685712654
修正前,2025-09-03,Q07,做多,314,-0.0034533712645335667,0.03705155614228639
修正前,2025-09-04,Q07,做多,267,-0.004638819758395683,0.03224086089317857
修正前,2025-09-05,Q07,做多,114,0.004125975417991867,0.03649986131067062
修正前,2025-09-08,Q07,做多,277,0.00021804558993266754,0.036725865534395385
修正前,2025-09-09,Q07,做多,442,0.0004157062421160857,0.03715683894806143
修正前,2025-09-10,Q07,做多,323,0.00014033877542875845,0.03730239226876697
修正前,2025-09-11,Q07,做多,169,0.005031897618957814,0.042521991706563345
修正前,2025-09-12,Q07,做多,277,-0.00009708979958416188,0.04242077345532658
修正前,2025-09-15,Q07,做多,289,-0.00030788247844435525,0.04209983036401321
修正前,2025-09-16,Q07,做多,66,0.0031754771191503314,0.045408994531204616
修正前,2025-09-17,Q07,做多,140,0.00008158464626311408,0.04549428385422383
修正前,2025-09-18,Q07,做多,237,-0.004349026295019609,0.04094740172244915
修正前,2025-09-19,Q07,做多,277,0.0012823591907052975,0.0422822701900889
修正前,2025-09-22,Q07,做多,342,0.0009933563640366864,0.043317627916305
修正前,2025-09-23,Q07,做多,164,0.0032759503190435482,0.04673548463234134
修正前,2025-09-24,Q07,做多,159,0.0018268950224633303,0.04864776047905184
修正前,2025-09-25,Q07,做多,56,0.001522032443192854,0.05024383639198238
修正前,2025-09-26,Q07,做多,460,-0.0006723740696305986,0.049537679669602985
修正前,2025-09-29,Q07,做多,321,0.0026725508190640337,0.05234262245504251
修正前,2025-09-30,Q07,做多,220,0.0014305025878870352,0.05384800129980838
修正前,2025-10-09,Q07,做多,305,-0.0009078047792932981,0.05289131304757966
修正前,2025-10-10,Q07,做多,186,-0.004187994567591006,0.04848180994827267
修正前,2025-10-13,Q07,做多,262,-0.0003641503115029311,0.04810000497057487
修正前,2025-10-14,Q07,做多,232,-0.0030859787517830885,0.044865590625492
修正前,2025-10-15,Q07,做多,173,0.002456130585404425,0.04743191696026394
修正前,2025-10-16,Q07,做多,137,-0.0016207302571646105,0.045734312360126594
修正前,2025-10-17,Q07,做多,239,0.00026062749750517886,0.04600685947701244
修正前,2025-10-20,Q07,做多,367,-0.0004166575974017307,0.04557103277207708
修正前,2025-10-21,Q07,做多,267,0.000640408647570289,0.04624062550311314
修正前,2025-10-22,Q07,做多,198,0.00024552152734196915,0.04649750009945386
修正前,2025-10-23,Q07,做多,102,0.005977743967021382,0.05275319421717639
修正前,2025-10-24,Q07,做多,259,0.0026206196216732877,0.05551205989472119
修正前,2025-10-27,Q07,做多,168,-0.000038802896467262015,0.055471102969541164
修正前,2025-10-28,Q07,做多,190,0.00014204806544799601,0.05562103059785417
修正前,2025-10-29,Q07,做多,184,0.0009434324155850134,0.056616937696693403
修正前,2025-10-30,Q07,做多,217,-0.0009743214743918673,0.05558745312408919
修正前,2025-10-31,Q07,做多,467,-0.0009028085310277152,0.05463445976616299
修正前,2025-11-03,Q07,做多,393,0.0020395819996125194,0.056785473226473204
修正前,2025-11-04,Q07,做多,359,-0.002152376079799388,0.054510873452421116
修正前,2025-11-05,Q07,做多,449,0.0017060173514884995,0.05630988729986419
修正前,2025-11-06,Q07,做多,153,-0.0009405680283355478,0.05531635599185525
修正前,2025-11-07,Q07,做多,396,0.0000436113084813567,0.05536237971900193
修正前,2025-11-10,Q07,做多,511,0.00043293818378341,0.055819286390910605
修正前,2025-11-11,Q07,做多,640,-0.001247062555177081,0.0545026136938187
修正前,2025-11-12,Q07,做多,417,0.00024444475176648404,0.05476038132346006
修正前,2025-11-13,Q07,做多,620,0.0007601725053768126,0.05556218116510281
修正前,2025-11-14,Q07,做多,427,-0.0008941276704786052,0.05461837381101242
修正前,2025-11-17,Q07,做多,577,-0.0002808860057046511,0.05432214626845
修正前,2025-11-18,Q07,做多,461,-0.00020852038887784707,0.05410229860450766
修正前,2025-11-19,Q07,做多,127,0.0018267456198516338,0.056027875361359
修正前,2025-11-20,Q07,做多,60,-0.0018675996018525135,0.05405563812178893
修正前,2025-11-21,Q07,做多,315,-0.0041804038808059265,0.0496492598415994
修正前,2025-11-24,Q07,做多,238,0.0004028919474800174,0.0500721550760681
修正前,2025-11-25,Q07,做多,189,0.0010166301857795575,0.05113969012616493
修正前,2025-11-26,Q07,做多,61,0.0006886510856899998,0.051863558614982264
修正前,2025-11-27,Q07,做多,130,-0.000850907245498652,0.05096852029168075
修正前,2025-11-28,Q07,做多,431,0.0005641823131079908,0.0515614581424626
修正前,2025-12-01,Q07,做多,316,-0.0009921840353025444,0.050518115651554174
修正前,2025-12-02,Q07,做多,533,-0.00032260081222612634,0.05017921765418665
修正前,2025-12-03,Q07,做多,426,-0.0008275507074008622,0.04931014109971921
修正前,2025-12-04,Q07,做多,236,0.0018580268420086892,0.05125978750747451
修正前,2025-12-05,Q07,做多,210,0.005686848933137732,0.05723814310851183
修正前,2025-12-08,Q07,做多,309,0.00003020238766765439,0.057270074224767153
修正前,2025-12-09,Q07,做多,38,-0.0012259178126298234,0.055973948008014585
修正前,2025-12-10,Q07,做多,366,0.0010829496080977216,0.057117514581171314
修正前,2025-12-11,Q07,做多,455,-0.00026530172608845234,0.05683705947987461
修正前,2025-12-12,Q07,做多,307,0.0007961000525496873,0.05767840751846287
修正前,2025-12-15,Q07,做多,371,-0.00042580616757356986,0.05722804152923211
修正前,2025-12-16,Q07,做多,264,-0.002281413251156747,0.05481606746579293
修正前,2025-12-17,Q07,做多,87,0.0024431097551533983,0.05739309889011124
修正前,2025-12-18,Q07,做多,119,-0.00009678920550027788,0.05729075465216815
修正前,2025-12-19,Q07,做多,259,0.0006764624872648078,0.058005972185822374
修正前,2025-12-22,Q07,做多,389,0.00009276572813678402,0.05810411888020539
修正前,2025-12-23,Q07,做多,230,0.0002391420343685794,0.058357156051768166
修正前,2025-12-24,Q07,做多,249,0.00042685779735474494,0.05880892405621507
修正前,2025-12-25,Q07,做多,105,0.0006822061893347252,0.05953125005752913
修正前,2025-12-26,Q07,做多,357,-0.00040916126622390903,0.05909773090965187
修正前,2025-12-29,Q07,做多,366,-0.0005549693594561365,0.058509964120327496
修正前,2025-12-30,Q07,做多,301,0.0003243962522194662,0.0588533407856251
修正前,2025-12-31,Q07,做多,361,-0.0007363573213574191,0.05807364637589374
修正前,2026-01-05,Q07,做多,284,0.0033973170046100306,0.061668257966856155
修正前,2026-01-06,Q07,做多,354,0.0015360122560694456,0.06329899342297307
修正前,2026-01-07,Q07,做多,248,-0.00029146716756698764,0.06298907667708331
修正前,2026-01-08,Q07,做多,211,-0.0008934444531793397,0.06203935498273605
修正前,2026-01-09,Q07,做多,350,0.0013827957527973922,0.06350793849211
修正前,2026-01-12,Q07,做多,357,0.001285797606971694,0.0648753944544187
修正前,2026-01-13,Q07,做多,305,-0.001462453198938852,0.06331806402732743
修正前,2026-01-14,Q07,做多,235,-0.002926026890735499,0.06020676677857861
修正前,2026-01-15,Q07,做多,384,-0.0002266135113539273,0.059966509600397844
修正前,2026-01-16,Q07,做多,183,0.000041651829210895015,0.06001065914442494
修正前,2026-01-19,Q07,做多,548,-0.0003302501768402625,0.05966059043678995
修正前,2026-01-20,Q07,做多,415,0.0004454201503663116,0.06013258461631965
修正前,2026-01-21,Q07,做多,233,-0.0001251005207622112,0.059999961477907204
修正前,2026-01-22,Q07,做多,250,0.0004822896695404779,0.06051118850904125
修正前,2026-01-23,Q07,做多,409,0.000985281947751636,0.06155609103846782
修正前,2026-01-26,Q07,做多,363,-0.0013353354245263598,0.06013855758498243
修正前,2026-01-27,Q07,做多,368,0.001036177384667494,0.06123704918296591
修正前,2026-01-28,Q07,做多,188,0.0005621466416898252,0.06183362002620085
修正前,2026-01-29,Q07,做多,202,-0.0008379435540960138,0.06094386338877733
修正前,2026-01-30,Q07,做多,296,-0.0014207477619112142,0.05943652976935421
修正前,2026-02-02,Q07,做多,292,-0.0042225752584035695,0.054962979290901215
修正前,2026-02-03,Q07,做多,394,0.0007616277589846587,0.05576646838063026
修正前,2026-02-04,Q07,做多,154,-0.0017787133261875866,0.05388856249397955
修正前,2026-02-05,Q07,做多,280,-0.0021605763236428694,0.051611555818096955
修正前,2026-02-06,Q07,做多,407,0.0013972540160394943,0.05308092428777722
修正前,2026-02-09,Q07,做多,346,0.0008730760166008359,0.054000343986312815
修正前,2026-02-10,Q07,做多,481,0.00042573501946539024,0.05444906884327638
修正前,2026-02-11,Q07,做多,429,-0.00012195280219319288,0.05432047582456101
修正前,2026-02-12,Q07,做多,353,0.0005826848890436497,0.0549348124340332
修正前,2026-02-13,Q07,做多,517,-0.0005680006901988363,0.05433560873245602
修正前,2026-02-24,Q07,做多,288,0.0009821185871474983,0.05537109133088358
修正前,2026-02-25,Q07,做多,241,0.0002735938202829827,0.055659834339576886
修正前,2026-02-26,Q07,做多,408,-0.0002885437914693623,0.05535523024847455
修正前,2026-02-27,Q07,做多,268,0.0012454361695650297,0.056669607823965684
修正前,2026-03-02,Q07,做多,510,-0.000924143204304296,0.055693093786700176
修正前,2026-03-03,Q07,做多,345,-0.0012679522324501506,0.054354525371651086
修正前,2026-03-04,Q07,做多,359,-0.0015040257235126074,0.05276874904379025
修正前,2026-03-05,Q07,做多,132,-0.0003328396574722843,0.05241834585396088
修正前,2026-03-06,Q07,做多,353,-0.00264196424741746,0.04963789421088838
修正前,2026-03-09,Q07,做多,141,0.005592473629249135,0.055507966454523494
修正前,2026-03-10,Q07,做多,199,0.0006249511851678308,0.05616760740911353
修正前,2026-03-11,Q07,做多,112,-0.000257752689906608,0.05589537736731165
修正前,2026-03-12,Q07,做多,350,-0.0006411335607533277,0.055218407404237224
修正前,2026-03-13,Q07,做多,398,-0.0015275211417795631,0.053606538977732265
修正前,2026-03-16,Q07,做多,248,-0.0006768715596726613,0.05289338267641308
修正前,2026-03-17,Q07,做多,234,-0.001861277921330512,0.050933655469722394
修正前,2026-03-18,Q07,做多,293,-0.001940882466107177,0.04889391676477928
修正前,2026-03-19,Q07,做多,207,-0.0004378711664992956,0.048434636361911476
修正前,2026-03-20,Q07,做多,166,-0.0031501038481428073,0.045131958379381665
修正前,2026-03-23,Q07,做多,47,0.0004064583732310603,0.04555676101499628
修正前,2026-03-24,Q07,做多,127,0.0079219125430778,0.05383957023458086
修正前,2026-03-25,Q07,做多,208,-0.0004604437697515515,0.05335433637014875
修正前,2026-03-26,Q07,做多,375,-0.0017032318788939543,0.051560229684672
修正前,2026-03-27,Q07,做多,277,-0.0010388956856042851,0.05046776829889943
修正前,2026-03-30,Q07,做多,378,0.0009499861271973397,0.05146569810585122
修正前,2026-03-31,Q07,做多,244,0.00013315086205872577,0.051605701669979354
修正前,2026-04-01,Q07,做多,334,0.0006021809670250705,0.05223895860834005
修正前,2026-04-02,Q07,做多,303,-0.0024219013048963514,0.049690539701423786
修正前,2026-04-03,Q07,做多,250,0.0014893921962284367,0.05125394059970989
修正前,2026-04-07,Q07,做多,330,0.003563886670246685,0.055000490505657584
修正前,2026-04-08,Q07,做多,270,0.0010402311653268516,0.05609793489531656
修正前,2026-04-09,Q07,做多,206,-0.00017554187667256593,0.055912545481874965
修正前,2026-04-10,Q07,做多,273,-0.0008818465404136997,0.054981392656662464
修正前,2026-04-13,Q07,做多,325,0.000389283369502384,0.05539207936795809
修正前,2026-04-14,Q07,做多,286,-0.000554015487068682,0.054807375811058545
修正前,2026-04-15,Q07,做多,231,-0.0004170026264995164,0.054367518364894396
修正前,2026-04-16,Q07,做多,337,0.0011042130095133722,0.055531764695481156
修正前,2026-04-17,Q07,做多,353,0.001010459536489821,0.056598336833185714
修正前,2026-04-20,Q07,做多,220,0.00031732695646165997,0.056933623967615254
修正前,2026-04-21,Q07,做多,340,0.0016052881285545215,0.05863030696684057
修正前,2026-04-22,Q07,做多,194,-0.00002414219901409749,0.058604749303287296
修正前,2026-04-23,Q07,做多,456,-0.0006610188047249578,0.057904991657226734
修正前,2026-04-24,Q07,做多,350,0.0002220255559378919,0.05813987360112893
修正前,2026-04-27,Q07,做多,283,-0.0000406171082611654,0.058096895019327466
修正前,2026-04-28,Q07,做多,442,-0.0006739796849265426,0.057383759207400686
修正前,2026-04-29,Q07,做多,530,0.001771000326935225,0.05925638619065321
修正前,2026-04-30,Q07,做多,371,0.004325215777523185,0.06383789862464706
修正前,2026-05-06,Q07,做多,314,0.0006394404925949683,0.06451815965458474
修正前,2026-05-07,Q07,做多,268,0.000883122411812395,0.06545825949915707
修正前,2026-05-08,Q07,做多,296,0.0008603197227637645,0.06637489425358556
修正前,2026-05-11,Q07,做多,271,0.0007475705179581299,0.06717208468562008
修正前,2026-05-12,Q07,做多,253,-0.00010489010286540218,0.06706014889588241
修正前,2026-05-13,Q07,做多,270,0.0016542781707728324,0.06882536320710253
修正前,2026-05-14,Q07,做多,355,-0.0020217828251012358,0.06666443044473791
修正前,2026-05-15,Q07,做多,234,-0.0011021357828819116,0.06548882140761747
修正前,2026-05-18,Q07,做多,389,-0.0007478850231031067,0.06469195827580299
修正前,2026-05-19,Q07,做多,404,0.0008770838173791837,0.06562578236290051
修正前,2026-05-20,Q07,做多,66,-0.0008039477236734731,0.06476907494088224
修正前,2026-05-21,Q07,做多,279,-0.0031657054786980118,0.0613983296467937
修正前,2026-05-22,Q07,做多,302,0.001684128950126022,0.06318586130136716
修正前,2026-05-25,Q07,做多,182,-0.0010286198827528566,0.062092247185370875
修正前,2026-05-26,Q07,做多,163,0.0018947717054383516,0.06410466952390315
修正前,2026-05-27,Q07,做多,182,-0.0015509548291767394,0.06245429124795554
修正前,2026-05-28,Q07,做多,509,0.001208521220835779,0.06373828980509666
修正前,2026-05-29,Q07,做多,298,0.00004563469039396369,0.06378683317261191
修正前,2026-06-01,Q07,做多,405,-0.00316504635315433,0.060419898535745364
修正前,2026-06-02,Q07,做多,479,0.0019347611482230613,0.06247155775623492
修正前,2026-06-03,Q07,做多,383,-0.0025210134356785548,0.059793052684105064
修正前,2026-06-04,Q07,做多,446,-0.0005502238516603657,0.059209929268694284
修正前,2026-06-05,Q07,做多,425,-0.0018694776027833166,0.05722976002928082
修正前,2026-06-08,Q07,做多,267,-0.002402369343720201,0.05468990366451787
修正前,2026-06-09,Q07,做多,129,0.0002618329652518308,0.05496605624941542
修正前,2026-06-10,Q07,做多,203,-0.0018272138668046151,0.0530384076424284
修正前,2026-06-11,Q07,做多,279,0.0016380906887193908,0.05476338005285131
修正前,2026-06-12,Q07,做多,246,0.00532963742922235,0.06038488644215412
修正前,2026-06-15,Q07,做多,135,0.00142396222201771,0.06189483446124644
修正前,2026-06-16,Q07,做多,225,-0.00009904040597676714,0.06178966396573671
修正前,2026-06-17,Q07,做多,231,0.002294756234082992,0.0642262124164068
修正前,2026-06-18,Q07,做多,210,-0.00007006416015515459,0.06415164830061859
修正前,2026-06-22,Q07,做多,263,0.0021622520611130546,0.0664526123954936
修正前,2026-06-23,Q07,做多,298,-0.003670893112280435,0.06253777884607747
修正前,2026-06-24,Q07,做多,356,0.001992291291285613,0.06465466360953442
修正前,2026-06-25,Q07,做多,125,-0.002154469379573129,0.06236089773696807
修正前,2026-06-26,Q07,做多,176,-0.0009388327730035103,0.06136351850941524
修正前,2026-06-29,Q07,做多,456,0.0009240779418936048,0.062344301125200285
修正前,2026-06-30,Q07,做多,313,0.0024912922657874563,0.06499091126619683
修正前,2024-02-01,Q08,做多,280,0.001112314046726429,0.0011123140467264037
修正前,2024-02-02,Q08,做多,286,-0.004553891634739532,-0.0034466429456456726
修正前,2024-02-05,Q08,做多,250,-0.004755897782277316,-0.00818614884638158
修正前,2024-02-06,Q08,做多,282,0.006634938103922541,-0.0016055253333642217
修正前,2024-02-07,Q08,做多,283,0.007043846513991254,0.005427012106604456
修正前,2024-02-08,Q08,做多,392,-0.0013342530031487903,0.004085518096254237
修正前,2024-02-19,Q08,做多,389,-0.0007393006003895867,0.0033431970698831748
修正前,2024-02-20,Q08,做多,397,0.0009069678476029715,0.004253197089736815
修正前,2024-02-21,Q08,做多,242,-0.00014821835338055784,0.00410434833448714
修正前,2024-02-22,Q08,做多,190,0.001942294872462394,0.006054615061674262
修正前,2024-02-23,Q08,做多,261,0.0005643761584254685,0.006622408300489102
修正前,2024-02-26,Q08,做多,422,-0.0010627840589972624,0.005552586051517983
修正前,2024-02-27,Q08,做多,333,0.0026369267249717267,0.008204154539041664
修正前,2024-02-28,Q08,做多,227,-0.0032750878981700512,0.004902197313626067
修正前,2024-02-29,Q08,做多,560,0.002228564965051711,0.007141687143862763
修正前,2024-03-01,Q08,做多,520,0.00031708600621501457,0.0074610376791317545
修正前,2024-03-04,Q08,做多,340,0.001481042409902918,0.008953130202259407
修正前,2024-03-05,Q08,做多,298,-0.00022426227155694702,0.008726860081385679
修正前,2024-03-06,Q08,做多,270,-0.0011995863213626393,0.007516805138040983
修正前,2024-03-07,Q08,做多,310,-0.0009821731572071345,0.0065272491765993035
修正前,2024-03-08,Q08,做多,193,0.001679741449288721,0.008217954716879694
修正前,2024-03-11,Q08,做多,390,0.0026227921943362347,0.010862300898700772
修正前,2024-03-12,Q08,做多,294,-0.00013508392057825453,0.010725749655930539
修正前,2024-03-13,Q08,做多,340,-0.0005447852283182061,0.010175121197637083
修正前,2024-03-14,Q08,做多,373,-0.0002461503700959626,0.009926466217692553
修正前,2024-03-15,Q08,做多,169,0.0013377457634031293,0.011277491069223933
修正前,2024-03-18,Q08,做多,206,0.0015264415541803352,0.012821147054399074
修正前,2024-03-19,Q08,做多,222,-0.000967064182462694,0.011841683999841868
修正前,2024-03-20,Q08,做多,348,0.001128368825866137,0.012983414612779187
修正前,2024-03-21,Q08,做多,264,-0.0019977348276618363,0.010959742365563407
修正前,2024-03-22,Q08,做多,144,-0.0023282943982710297,0.008605930460536149
修正前,2024-03-25,Q08,做多,164,-0.0005168953205545066,0.00808458677479762
修正前,2024-03-26,Q08,做多,168,-0.0011945562997598678,0.006880372980974991
修正前,2024-03-27,Q08,做多,86,-0.0033100819590228723,0.0035475164234763934
修正前,2024-03-28,Q08,做多,322,0.002988962463950319,0.006547082280856653
修正前,2024-03-29,Q08,做多,261,0.0015280571362061447,0.008085143732863509
修正前,2024-04-01,Q08,做多,271,0.00046452909365274456,0.008553428611006497
修正前,2024-04-02,Q08,做多,318,-0.00022666971733471095,0.008324820090426233
修正前,2024-04-03,Q08,做多,497,-0.0008014907113210133,0.007516657113129321
修正前,2024-04-08,Q08,做多,327,-0.0013977987087766578,0.006108351630745634
修正前,2024-04-09,Q08,做多,108,-0.0034113978218994344,0.002676115791397704
修正前,2024-04-10,Q08,做多,145,-0.0002114463311013894,0.002464103605430701
修正前,2024-04-11,Q08,做多,201,0.0012954735439007208,0.0037627693303616816
修正前,2024-04-12,Q08,做多,137,-0.002997819763815615,0.0007536694622807261
修正前,2024-04-15,Q08,做多,479,0.0010697057514259078,0.001824181418265125
修正前,2024-04-16,Q08,做多,372,-0.0019442648927095003,-0.0001236301663338768
修正前,2024-04-17,Q08,做多,273,0.0027405330763227644,0.0026165640974289417
修正前,2024-04-18,Q08,做多,272,-0.0007891052708092663,0.001825394082098919
修正前,2024-04-19,Q08,做多,404,-0.00036817980659666,0.001456542202262101
修正前,2024-04-22,Q08,做多,253,0.000033627519349055916,0.0014902187015122248
修正前,2024-04-23,Q08,做多,267,-0.0000823331052940583,0.0014077629018849347
修正前,2024-04-24,Q08,做多,201,0.0004078900486848257,0.0018162271630484117
修正前,2024-04-25,Q08,做多,128,0.0024344331304746447,0.004255081777101211
修正前,2024-04-26,Q08,做多,319,0.0007726464796078546,0.005031015930664573
修正前,2024-04-29,Q08,做多,464,0.0011839517335845123,0.006220924144281881
修正前,2024-04-30,Q08,做多,261,-0.001053130009234013,0.0051612426931464395
修正前,2024-05-06,Q08,做多,325,-0.0008402263695853225,0.004316679711350524
修正前,2024-05-07,Q08,做多,297,-0.00033179636163370896,0.0039834510910943255
修正前,2024-05-08,Q08,做多,478,-0.0008987662927344394,0.0030811046067904524
修正前,2024-05-09,Q08,做多,221,0.0002900800060670996,0.0033720783797004383
修正前,2024-05-10,Q08,做多,224,-0.0015136496922423248,0.0018533245420564448
修正前,2024-05-13,Q08,做多,549,-0.00019228230215136626,0.001660685878395407
修正前,2024-05-14,Q08,做多,246,-0.001825590448522523,-0.00016793630240463653
修正前,2024-05-15,Q08,做多,130,0.0005297700083666803,0.0003617447383457151
修正前,2024-05-16,Q08,做多,130,-0.0007075582613022282,-0.00034606947843462965
修正前,2024-05-17,Q08,做多,94,0.007968045763691213,0.007619218787815019
修正前,2024-05-20,Q08,做多,260,-0.0008289744716771215,0.006783928178268672
修正前,2024-05-21,Q08,做多,495,-0.00030217773245466456,0.006479700493779994
修正前,2024-05-22,Q08,做多,155,-0.004149066732967302,0.002303749051054238
修正前,2024-05-23,Q08,做多,63,-0.000863667384865472,0.001438091993270607
修正前,2024-05-24,Q08,做多,61,-0.0005812435823618664,0.000856012529166783
修正前,2024-05-27,Q08,做多,241,-0.0018563642257670447,-0.0010019407676362668
修正前,2024-05-28,Q08,做多,74,3.979488119020479e-6,-0.0009979652667285732
修正前,2024-05-29,Q08,做多,89,-0.0008006253335500669,-0.001797791604004062
修正前,2024-05-30,Q08,做多,378,0.00020274510331676408,-0.0015954109941317407
修正前,2024-05-31,Q08,做多,476,-0.0013302067648303917,-0.00292349553246507
修正前,2024-06-03,Q08,做多,732,-0.00038850476262343334,-0.0033108645031506567
修正前,2024-06-04,Q08,做多,266,0.0023417230957529954,-0.0009768945352716107
修正前,2024-06-05,Q08,做多,200,-0.0004923992443764292,-0.0014688127575169796
修正前,2024-06-06,Q08,做多,322,-0.0010067680476545913,-0.0024741020514192913
修正前,2024-06-07,Q08,做多,125,-0.0007236643719661515,-0.0031959760038782203
修正前,2024-06-11,Q08,做多,299,-0.00030193809471410437,-0.0034969491116869644
修正前,2024-06-12,Q08,做多,82,-0.00007044144593059971,-0.003567144227465846
修正前,2024-06-13,Q08,做多,335,-0.00040633991051599065,-0.00397203466491558
修正前,2024-06-14,Q08,做多,167,-0.0005440212311125555,-0.004513895024839676
修正前,2024-06-17,Q08,做多,274,0.0013662750653652338,-0.0031537871816946783
修正前,2024-06-18,Q08,做多,421,0.00011711648183081447,-0.0030370400603231262
修正前,2024-06-19,Q08,做多,292,-0.0003014362660681786,-0.003337560852375576
修正前,2024-06-20,Q08,做多,112,-0.0015674064807171817,-0.004899736018582956
修正前,2024-06-21,Q08,做多,48,-0.00035791129903373076,-0.0052558936467334005
修正前,2024-06-24,Q08,做多,93,-0.0011830345402588762,-0.006432710283268306
修正前,2024-06-25,Q08,做多,100,-0.00035145521447702775,-0.006781904688172968
修正前,2024-06-26,Q08,做多,165,-0.002165657369451682,-0.008932874775757882
修正前,2024-06-27,Q08,做多,228,0.0014871218787735224,-0.0074590371705036684
修正前,2024-06-28,Q08,做多,605,-0.00043256530933388055,-0.007888375959116511
修正前,2024-07-01,Q08,做多,713,0.00033825803423396064,-0.007552786231427855
修正前,2024-07-02,Q08,做多,173,-0.0005985184160809469,-0.008146784165856569
修正前,2024-07-03,Q08,做多,276,0.0013143647816779803,-0.006843127230370061
修正前,2024-07-04,Q08,做多,422,-0.0016498733440772559,-0.008481710281239785
修正前,2024-07-05,Q08,做多,267,-0.0015799602470099089,-0.01004826976317863
修正前,2024-07-08,Q08,做多,194,-0.000715969437318488,-0.01075704494644869
修正前,2024-07-09,Q08,做多,360,0.001082405508451403,-0.009686282922701905
修正前,2024-07-10,Q08,做多,199,0.0033336314131405167,-0.006384942006589123
修正前,2024-07-11,Q08,做多,378,-0.00009039900743075469,-0.00647476382160006
修正前,2024-07-12,Q08,做多,317,0.000017829872468561344,-0.006457049393344794
修正前,2024-07-15,Q08,做多,316,-0.00032410715003963926,-0.006779063767507809
修正前,2024-07-16,Q08,做多,75,0.0007720793287929458,-0.006012218413718462
修正前,2024-07-17,Q08,做多,59,-0.005066508981714941,-0.011048266436840204
修正前,2024-07-18,Q08,做多,221,-0.0003760308088339408,-0.011420142757109675
修正前,2024-07-19,Q08,做多,286,0.0010575686211376598,-0.010374651720600925
修正前,2024-07-22,Q08,做多,433,-0.000597242396932155,-0.010965697935672147
修正前,2024-07-23,Q08,做多,456,-0.0019213877709709074,-0.012866016348729303
修正前,2024-07-24,Q08,做多,321,-0.002465353513472787,-0.015299650583592284
修正前,2024-07-25,Q08,做多,188,-0.0007834479730901992,-0.01607111207644374
修正前,2024-07-26,Q08,做多,25,-0.0024285888229496778,-0.018460670776232257
修正前,2024-07-29,Q08,做多,233,-0.0007912582318001734,-0.019237321850316125
修正前,2024-07-30,Q08,做多,438,0.0004797996884855372,-0.018766752222861616
修正前,2024-07-31,Q08,做多,397,0.0031977463142483925,-0.01562901722136434
修正前,2024-08-01,Q08,做多,268,-0.00008225111926535715,-0.015709982836470293
修正前,2024-08-02,Q08,做多,309,-0.0005823552579550987,-0.01628318930331818
修正前,2024-08-05,Q08,做多,382,-0.000912395446536592,-0.017180728042079263
修正前,2024-08-06,Q08,做多,185,0.0004937781121879123,-0.016695433397350024
修正前,2024-08-07,Q08,做多,81,-0.0036841698277800595,-0.020318094413145915
修正前,2024-08-08,Q08,做多,149,-0.00020541312951780544,-0.020519333939304496
修正前,2024-08-09,Q08,做多,248,-0.0008875133393039212,-0.021388636096023705
修正前,2024-08-12,Q08,做多,861,-0.00001395907053153618,-0.02140229660107551
修正前,2024-08-13,Q08,做多,208,-0.0005669389999568991,-0.02195710180440058
修正前,2024-08-14,Q08,做多,32,0.0005093266017865972,-0.021458958538661088
修正前,2024-08-15,Q08,做多,142,0.0018686936561731076,-0.019630365102177194
修正前,2024-08-16,Q08,做多,33,0.004309936231011031,-0.015405034492947944
修正前,2024-08-19,Q08,做多,208,-0.0011162393747361841,-0.016504078161613922
修正前,2024-08-20,Q08,做多,370,-0.0011364538765298454,-0.017621775914538396
修正前,2024-08-21,Q08,做多,43,-0.0012214362110636674,-0.018821688250396762
修正前,2024-08-22,Q08,做多,61,0.002010605352373458,-0.016848925885160293
修正前,2024-08-23,Q08,做多,48,0.00038245248894478817,-0.016472917309856228
修正前,2024-08-26,Q08,做多,90,-0.001871091880376399,-0.018313186848407992
修正前,2024-08-27,Q08,做多,93,-0.00080591239595613,-0.019104340420073584
修正前,2024-08-28,Q08,做多,302,-0.0009638935287825344,-0.02004981939875361
修正前,2024-08-29,Q08,做多,456,0.00021890493445154565,-0.019835303468703214
修正前,2024-08-30,Q08,做多,349,0.0008058460145527604,-0.019045441654398143
修正前,2024-09-02,Q08,做多,321,-0.002746229914907907,-0.021739368407692083
修正前,2024-09-03,Q08,做多,343,0.000032856750811800446,-0.021707225941890784
修正前,2024-09-04,Q08,做多,318,0.0006211776932482366,-0.021099532293179846
修正前,2024-09-05,Q08,做多,41,-0.0006430229149395373,-0.02172898772536036
修正前,2024-09-06,Q08,做多,186,-0.0019301486353205906,-0.023617196184675948
修正前,2024-09-09,Q08,做多,433,-0.0008810280659844304,-0.02447741683798188
修正前,2024-09-10,Q08,做多,237,0.00035800503378730065,-0.02412817484263674
修正前,2024-09-11,Q08,做多,46,0.0030338874177845278,-0.021167489590921518
修正前,2024-09-12,Q08,做多,201,0.001584732168547685,-0.01961630222405608
修正前,2024-09-13,Q08,做多,178,-0.0003026539947967741,-0.01991301926662159
修正前,2024-09-18,Q08,做多,337,-0.000897123682155403,-0.020792278507609674
修正前,2024-09-19,Q08,做多,195,-0.0025779685254047552,-0.023316645193450336
修正前,2024-09-20,Q08,做多,187,0.0029637380777036443,-0.020422011544950824
修正前,2024-09-23,Q08,做多,124,0.0022625809157151735,-0.01820563708281786
修正前,2024-09-24,Q08,做多,368,0.011841904659120148,-0.0065793218422910416
修正前,2024-09-25,Q08,做多,244,-0.000644873991986373,-0.007219953000736412
修正前,2024-09-26,Q08,做多,127,0.015906562143203427,0.008571764511389857
修正前,2024-09-27,Q08,做多,142,0.021510414530266517,0.03026656124955207
修正前,2024-09-30,Q08,做多,162,0.01692301919818554,0.04770178204482689
修正前,2024-10-08,Q08,做多,354,-0.008425883844822525,0.03887396852530367
修正前,2024-10-09,Q08,做多,201,-0.0011026487062831146,0.03772845548791803
修正前,2024-10-10,Q08,做多,179,-0.0015109987251783134,0.036160449114594595
修正前,2024-10-11,Q08,做多,207,-0.0023874912644648734,0.033686625093749534
修正前,2024-10-14,Q08,做多,367,0.0036875509969375923,0.03749839723863513
修正前,2024-10-15,Q08,做多,87,0.001320329483902221,0.03886823696201058
修正前,2024-10-16,Q08,做多,239,0.0040984968988774795,0.043126035209541724
修正前,2024-10-17,Q08,做多,113,0.0012271272838095088,0.04440608362779952
修正前,2024-10-18,Q08,做多,122,0.004869261766081584,0.04949157023907125
修正前,2024-10-21,Q08,做多,137,0.0018359137074231598,0.05141834619869812
修正前,2024-10-22,Q08,做多,166,0.0030734673999242923,0.05464984620942204
修正前,2024-10-23,Q08,做多,76,-0.0046281719501406,0.049768745373975465
修正前,2024-10-24,Q08,做多,340,0.00012708694238801186,0.04990215727403946
修正前,2024-10-25,Q08,做多,200,-0.0006190711644740077,0.04925219312295215
修正前,2024-10-28,Q08,做多,194,0.00047243487920381667,0.04974789645606448
修正前,2024-10-29,Q08,做多,221,-0.0009874470068517928,0.04871132603775985
修正前,2024-10-30,Q08,做多,419,-0.0001265683047043333,0.04857859242309903
修正前,2024-10-31,Q08,做多,371,0.0004803776938361216,0.04908230618913301
修正前,2024-11-01,Q08,做多,546,-0.00036837298155547124,0.04869585261210507
修正前,2024-11-04,Q08,做多,679,0.0015322942470150382,0.050302763233931236
修正前,2024-11-05,Q08,做多,450,0.0032026024436021946,0.05366646542998654
修正前,2024-11-06,Q08,做多,148,-0.0014909822642260445,0.05209546741762061
修正前,2024-11-07,Q08,做多,182,0.002956771021862361,0.05520627280791368
修正前,2024-11-08,Q08,做多,313,-0.0030280794084197454,0.05201102442158878
修正前,2024-11-11,Q08,做多,491,0.001264702392494685,0.053341505281105706
修正前,2024-11-12,Q08,做多,374,-0.002179127622014525,0.051046139711533156
修正前,2024-11-13,Q08,做多,358,0.00012991491329349583,0.051182686279641176
修正前,2024-11-14,Q08,做多,242,-0.002274209769006842,0.04879207634549321
修正前,2024-11-15,Q08,做多,155,0.00028372389562953743,0.049089643719099296
修正前,2024-11-18,Q08,做多,454,-0.00273925804269976,0.04621591647502865
修正前,2024-11-19,Q08,做多,333,0.0030538538247035737,0.04941090695302175
修正前,2024-11-20,Q08,做多,128,-0.0014280788321343607,0.04791226545059124
修正前,2024-11-21,Q08,做多,44,-0.001095942676660012,0.046763813677488386
修正前,2024-11-22,Q08,做多,195,-0.004399460193310052,0.04215861794741693
修正前,2024-11-25,Q08,做多,415,-0.0010938191666398955,0.041018684876427125
修正前,2024-11-26,Q08,做多,41,-0.0017001547470189085,0.03924879201759901
修正前,2024-11-27,Q08,做多,408,0.00297706728334186,0.04234270559556719
修正前,2024-11-28,Q08,做多,275,0.00041276131534356283,0.04277294434176748
修正前,2024-11-29,Q08,做多,368,-0.0019698123249861014,0.040718877343841164
修正前,2024-12-02,Q08,做多,382,0.0004687734980083434,0.041206738772417095
修正前,2024-12-03,Q08,做多,376,0.0009813702529638559,0.042228548093034
修正前,2024-12-04,Q08,做多,304,-0.0007826689818318156,0.041412828136462077
修正前,2024-12-05,Q08,做多,160,-0.00045650560018657417,0.04093741734831169
修正前,2024-12-06,Q08,做多,443,0.00009969025048955225,0.04104118866019113
修正前,2024-12-09,Q08,做多,449,0.006077006065102869,0.047367602277701204
修正前,2024-12-10,Q08,做多,186,-0.0021936188544890273,0.04507007695776388
修正前,2024-12-11,Q08,做多,369,0.0001913802576890035,0.04527008273839517
修正前,2024-12-12,Q08,做多,262,-0.002040050175067176,0.04313767932311219
修正前,2024-12-13,Q08,做多,245,-0.0028753830943487073,0.040138258874908406
修正前,2024-12-16,Q08,做多,111,-0.0008911391186146673,0.039211350983657134
修正前,2024-12-17,Q08,做多,185,0.0002302352054480375,0.039450614022554786
修正前,2024-12-18,Q08,做多,58,-0.0025119143929573356,0.036839603064423354
修正前,2024-12-19,Q08,做多,282,-0.0003288726295313157,0.036498614897761295
修正前,2024-12-20,Q08,做多,191,0.001813333369249049,0.038378132423335876
修正前,2024-12-23,Q08,做多,273,-0.001383346185747418,0.0369416959944846
修正前,2024-12-24,Q08,做多,337,0.0017236286392300708,0.03872899839891253
修正前,2024-12-25,Q08,做多,226,0.0020140914986398386,0.040821093643978346
修正前,2024-12-26,Q08,做多,299,0.000646810640744868,0.041494307802458996
修正前,2024-12-27,Q08,做多,286,0.00021062305753654148,0.041713670517975254
修正前,2024-12-30,Q08,做多,499,-0.0003614312183403061,0.04133716267687815
修正前,2024-12-31,Q08,做多,495,-0.00297433185338065,0.038239880383819314
修正前,2025-01-02,Q08,做多,316,-0.0038975848760683337,0.03419325232830439
修正前,2025-01-03,Q08,做多,267,-0.00015589076167415943,0.03403203115448061
修正前,2025-01-06,Q08,做多,61,0.002206084693469046,0.03631319339096728
修正前,2025-01-07,Q08,做多,207,0.0016251510970474723,0.037997358914091395
修正前,2025-01-08,Q08,做多,359,-0.0023011560002679926,0.035608765063363856
修正前,2025-01-09,Q08,做多,107,0.0011775397456786378,0.036828235545198984
修正前,2025-01-10,Q08,做多,211,-0.002466838093496163,0.03427054815734376
修正前,2025-01-13,Q08,做多,312,-0.0013930333512129996,0.032829774789583155
修正前,2025-01-14,Q08,做多,302,0.0031057377992986567,0.0360374732613884
修正前,2025-01-15,Q08,做多,242,0.002230282733830227,0.03834812974960444
修正前,2025-01-16,Q08,做多,313,-0.001350133860718177,0.036946220780416095
修正前,2025-01-17,Q08,做多,134,0.00366401441921758,0.04074560668530869
修正前,2025-01-20,Q08,做多,363,-0.0005635186204147658,0.04015912715682668
修正前,2025-01-21,Q08,做多,386,0.0007495205495356482,0.040938747797417685
修正前,2025-01-22,Q08,做多,191,0.005459755029714013,0.04662201836132884
修正前,2025-01-23,Q08,做多,150,-0.0009894027371289364,0.045586487671622766
修正前,2025-01-24,Q08,做多,237,0.0005698797034987181,0.046182346189199475
修正前,2025-01-27,Q08,做多,194,-0.001993554871341516,0.04409672427664235
修正前,2025-02-05,Q08,做多,331,0.00027514002275346496,0.04438399707311658
修正前,2025-02-06,Q08,做多,177,0.0019008055679801993,0.04636916798986257
修正前,2025-02-07,Q08,做多,356,0.0009304861380493667,0.04734279999595947
修正前,2025-02-10,Q08,做多,535,-0.0001632001514752748,0.04717187349235363
修正前,2025-02-11,Q08,做多,464,-0.00010082083112734083,0.04706629675373497
修正前,2025-02-12,Q08,做多,316,0.0027998426538816384,0.04999791763282779
修正前,2025-02-13,Q08,做多,260,0.0006576740295153845,0.0506884739943001
修正前,2025-02-14,Q08,做多,390,0.0012580114805668694,0.052010252157084214
修正前,2025-02-17,Q08,做多,395,-0.0006866209805133322,0.05128791984623815
修正前,2025-02-18,Q08,做多,504,-0.0008727896559841091,0.05037036662433536
修正前,2025-02-19,Q08,做多,519,0.0014331164927516126,0.05187566972024227
修正前,2025-02-20,Q08,做多,307,0.001070383864521096,0.053001580464593134
修正前,2025-02-21,Q08,做多,417,0.00038199714465130723,0.0534038240616439
修正前,2025-02-24,Q08,做多,387,-0.0015384157608474968,0.05178325101617043
修正前,2025-02-25,Q08,做多,310,-0.0010455649768940226,0.0506835432856243
修正前,2025-02-26,Q08,做多,396,0.0010406026504558277,0.051776887365557744
修正前,2025-02-27,Q08,做多,351,0.0001942127762445941,0.051981155874842866
修正前,2025-02-28,Q08,做多,536,-0.0021063915056985746,0.04976527170395317
修正前,2025-03-03,Q08,做多,631,-0.0008220480874465559,0.04890231417008106
修正前,2025-03-04,Q08,做多,527,0.0011860958293393017,0.05014641283030241
修正前,2025-03-05,Q08,做多,53,0.0006485907393172691,0.050827528068591254
修正前,2025-03-06,Q08,做多,325,-0.0003118499282684822,0.05049982757934046
修正前,2025-03-07,Q08,做多,281,-0.0004281250546885003,0.05005008228320773
修正前,2025-03-10,Q08,做多,465,-0.0010849761363930664,0.04891080300191297
修正前,2025-03-11,Q08,做多,285,0.0029339537905782396,0.05198825882835889
修正前,2025-03-12,Q08,做多,75,-0.0028770997533380674,0.048961583668369224
修正前,2025-03-13,Q08,做多,290,0.0012893553333610881,0.05031406788076298
修正前,2025-03-14,Q08,做多,252,0.00266220038570787,0.05311021439738961
修正前,2025-03-17,Q08,做多,169,0.0009433565405877679,0.05410367280610129
修正前,2025-03-18,Q08,做多,215,0.0003452042137512255,0.05446755383568469
修正前,2025-03-19,Q08,做多,312,-0.001044291925282801,0.05336638188374132
修正前,2025-03-20,Q08,做多,156,-0.00062652501163449,0.05270642149907623
修正前,2025-03-21,Q08,做多,52,-0.0012748810897671948,0.051364345989230564
修正前,2025-03-24,Q08,做多,126,0.00023111384513276067,0.05160733084586755
修正前,2025-03-25,Q08,做多,41,0.002240583451611001,0.05396354482895371
修正前,2025-03-26,Q08,做多,23,-0.002111231386863991,0.05173838391250052
修正前,2025-03-27,Q08,做多,152,-0.0015125146307917404,0.05014761421906755
修正前,2025-03-28,Q08,做多,390,-0.0002872559339802814,0.04984595308532791
修正前,2025-03-31,Q08,做多,529,-0.0005197322610161612,0.04930031427441217
修正前,2025-04-01,Q08,做多,314,0.0007127240720237634,0.05004817586717758
修正前,2025-04-02,Q08,做多,317,-3.8058595478091072e-6,0.0500441795313018
修正前,2025-04-03,Q08,做多,544,-0.007078956368739936,0.042610962599150426
修正前,2025-04-07,Q08,做多,88,-0.0033259747208582917,0.03914326489385589
修正前,2025-04-08,Q08,做多,272,-0.0009959198045555026,0.038108361536577595
修正前,2025-04-09,Q08,做多,348,0.00490907343586953,0.04320451171775086
修正前,2025-04-10,Q08,做多,365,-0.0002022074642535363,0.042993567978738545
修正前,2025-04-11,Q08,做多,414,0.0025340335822510527,0.04563654870606837
修正前,2025-04-14,Q08,做多,165,0.000048734665302397454,0.04568750745329764
修正前,2025-04-15,Q08,做多,494,0.00010193715561657338,0.045794101863471104
修正前,2025-04-16,Q08,做多,128,0.0019370843962462914,0.047819893299877236
修正前,2025-04-17,Q08,做多,182,-0.0016104970112152573,0.04613238249342588
修正前,2025-04-18,Q08,做多,217,0.002093062754233597,0.04832200321922042
修正前,2025-04-21,Q08,做多,266,0.0006572848471163647,0.049011049386835204
修正前,2025-04-22,Q08,做多,206,-0.0002982665745310318,0.04869816445448949
修正前,2025-04-23,Q08,做多,143,0.0005999931178906024,0.049327376135906764
修正前,2025-04-24,Q08,做多,445,-0.000059776973346211646,0.049264650521311903
修正前,2025-04-25,Q08,做多,154,-0.001277161603039448,0.04792456999823935
修正前,2025-04-28,Q08,做多,622,-0.00034059874057274544,0.04756764820948267
修正前,2025-04-29,Q08,做多,459,0.0002058273769847512,0.0477832663107276
修正前,2025-04-30,Q08,做多,279,-0.0005835801772870278,0.047171800766415695
修正前,2025-05-06,Q08,做多,332,0.002351938216020518,0.04963468414337724
修正前,2025-05-07,Q08,做多,181,0.0010499907005481802,0.05073679080070059
修正前,2025-05-08,Q08,做多,295,-0.0012636685816934175,0.04940900773053625
修正前,2025-05-09,Q08,做多,570,5.509781942492465e-6,0.049414789745337195
修正前,2025-05-12,Q08,做多,284,-0.0008259266645145031,0.048548050088350614
修正前,2025-05-13,Q08,做多,126,0.0005931135056593958,0.0491699580981908
修正前,2025-05-14,Q08,做多,201,0.0006379010098059928,0.04983922467391988
修正前,2025-05-15,Q08,做多,240,-0.0011835218935175363,0.048596716966844866
修正前,2025-05-16,Q08,做多,115,-0.0017171970344940707,0.046796069794089235
修正前,2025-05-19,Q08,做多,216,0.0003523526742254843,0.04716491118864985
修正前,2025-05-20,Q08,做多,64,0.0008072494840689615,0.048010234522942064
修正前,2025-05-21,Q08,做多,60,-0.0015749933690434167,0.04635962535287885
修正前,2025-05-22,Q08,做多,307,0.000011047934888633035,0.04637118546588992
修正前,2025-05-23,Q08,做多,265,-0.0015460462872689054,0.044753447179495254
修正前,2025-05-26,Q08,做多,181,0.0003192613259057877,0.04508699655028647
修正前,2025-05-27,Q08,做多,264,-0.000659711557104994,0.044397540580482175
修正前,2025-05-28,Q08,做多,253,0.002474737537621241,0.04698215037835607
修正前,2025-05-29,Q08,做多,257,0.00008312400642434563,0.04706917972935032
修正前,2025-05-30,Q08,做多,724,0.00012877506654938227,0.04720401613265168
修正前,2025-06-03,Q08,做多,187,0.0018751861938128478,0.049167718645809044
修正前,2025-06-04,Q08,做多,192,0.0004226611981721362,0.0496111611308554
修正前,2025-06-05,Q08,做多,288,0.0013815191153096545,0.05106121901360017
修正前,2025-06-06,Q08,做多,553,0.0003333810006000701,0.05141162285448697
修正前,2025-06-09,Q08,做多,455,0.0005557300506932354,0.05199592388895535
修正前,2025-06-10,Q08,做多,703,0.00022815194464767893,0.05223593880475197
修正前,2025-06-11,Q08,做多,509,-0.0008125374819632242,0.05138095766460449
修正前,2025-06-12,Q08,做多,614,-0.0003516518813695384,0.05101123757280557
修正前,2025-06-13,Q08,做多,217,-0.002052848001465648,0.04885367125423623
修正前,2025-06-16,Q08,做多,66,-0.0002906964311312715,0.04854877323522366
修正前,2025-06-17,Q08,做多,159,0.0013653190797401676,0.049980376881360034
修正前,2025-06-18,Q08,做多,136,-0.00005622979003472959,0.04992133670522736
修正前,2025-06-19,Q08,做多,128,-0.0009660538414664188,0.04890705616466562
修正前,2025-06-20,Q08,做多,213,-0.00020082827380496544,0.04869640597119429
修正前,2025-06-23,Q08,做多,382,0.001118126641118217,0.049868981361155695
修正前,2025-06-24,Q08,做多,229,0.003254734282941033,0.05328602592738818
修正前,2025-06-25,Q08,做多,205,0.0016267049359157681,0.05499941150469545
修正前,2025-06-26,Q08,做多,161,0.000697050569475063,0.05573479944528059
修正前,2025-06-27,Q08,做多,289,-0.0010812867655869772,0.05459324737867077
修正前,2025-06-30,Q08,做多,517,-0.0001110704902739546,0.05447611318964496
修正前,2025-07-01,Q08,做多,366,-0.0002255803204907799,0.054238244130081714
修正前,2025-07-02,Q08,做多,246,0.0012936823037839865,0.05560209349048506
修正前,2025-07-03,Q08,做多,132,-0.001063149683266767,0.05447983045913496
修正前,2025-07-04,Q08,做多,618,0.000824415828071668,0.05534916032174775
修正前,2025-07-07,Q08,做多,763,0.0005144980080725703,0.05589213536255433
修正前,2025-07-08,Q08,做多,313,0.0010122251716759851,0.05696093596054297
修正前,2025-07-09,Q08,做多,108,0.0001224893456445123,0.05709040241396046
修正前,2025-07-10,Q08,做多,308,0.0006941682020435299,0.05782420095800167
修正前,2025-07-11,Q08,做多,478,0.0002812262161215475,0.058121688855358844
修正前,2025-07-14,Q08,做多,323,0.00009846016358718963,0.058225871689938646
修正前,2025-07-15,Q08,做多,146,0.0007317471728839175,0.05900022547982031
修正前,2025-07-16,Q08,做多,103,0.0016278081335275982,0.06072407466026397
修正前,2025-07-17,Q08,做多,144,0.002054384866546065,0.06290321014682698
修正前,2025-07-18,Q08,做多,293,-0.000506460540494369,0.06236489161252279
修正前,2025-07-21,Q08,做多,433,-0.00041015720274581685,0.06192915500028362
修正前,2025-07-22,Q08,做多,346,0.0025414677863141335,0.06462801373906446
修正前,2025-07-23,Q08,做多,185,-0.0007769920221550352,0.0638008062658264
修正前,2025-07-24,Q08,做多,339,0.00035209997004989374,0.0641753704978516
修正前,2025-07-25,Q08,做多,606,-0.00043115516805616183,0.06371654578714336
修正前,2025-07-28,Q08,做多,422,0.0012880712584468262,0.06508668849690613
修正前,2025-07-29,Q08,做多,214,0.001025227209453571,0.06617864435038001
修正前,2025-07-30,Q08,做多,204,0.00028126442357104535,0.06647852247220687
修正前,2025-07-31,Q08,做多,636,-0.0025392381153581498,0.0637704795587346
修正前,2025-08-01,Q08,做多,497,-0.0005805904949456945,0.06315286452949898
修正前,2025-08-04,Q08,做多,525,0.0017125518129233526,0.06497356889506345
修正前,2025-08-05,Q08,做多,241,0.0007442734575200863,0.06576620045535253
修正前,2025-08-06,Q08,做多,76,0.0004893698649922092,0.06628775431698264
修正前,2025-08-07,Q08,做多,402,-0.000032815208970392426,0.06625276386150225
修正前,2025-08-08,Q08,做多,616,0.00019510274620637125,0.06646079270388183
修正前,2025-08-11,Q08,做多,722,0.0007906823171964324,0.0673040243946561
修正前,2025-08-12,Q08,做多,508,0.0006160677649200434,0.06796155599945508
修正前,2025-08-13,Q08,做多,411,0.0011584476630721488,0.06919873356825357
修正前,2025-08-14,Q08,做多,356,-0.00012666145103343952,0.0690633073052167
修正前,2025-08-15,Q08,做多,376,0.0022307486252633136,0.07144811880830715
修正前,2025-08-18,Q08,做多,345,0.0006581945963473012,0.07215334017037334
修正前,2025-08-19,Q08,做多,378,-0.001010064801621844,0.07107039581952601
修正前,2025-08-20,Q08,做多,480,0.003924058166660416,0.07527333835330974
修正前,2025-08-21,Q08,做多,196,-0.0005686568146654968,0.07466187684182701
修正前,2025-08-22,Q08,做多,313,0.0022874474959219612,0.0771201094609717
修正前,2025-08-25,Q08,做多,278,-0.0001557434264233582,0.07695235508445486
修正前,2025-08-26,Q08,做多,162,0.0009208627917910179,0.07794408043678369
修正前,2025-08-27,Q08,做多,191,-0.0034630430377904004,0.07421111369389966
修正前,2025-08-28,Q08,做多,380,0.0006980972271872145,0.07496101749378314
修正前,2025-08-29,Q08,做多,308,0.00011576496257617549,0.07508546031574426
修正前,2025-09-01,Q08,做多,146,0.0009144155294974279,0.07606853515619383
修正前,2025-09-02,Q08,做多,453,-0.0007803295888529657,0.0752288470385778
修正前,2025-09-03,Q08,做多,444,-0.0027493282893726596,0.07227268995186509
修正前,2025-09-04,Q08,做多,344,-0.00349777286391843,0.0685221236342306
修正前,2025-09-05,Q08,做多,106,0.0040957064769793095,0.07289847661679505
修正前,2025-09-08,Q08,做多,200,-0.0009373865073030174,0.07189275606110845
修正前,2025-09-09,Q08,做多,503,-0.00024224796761411116,0.07163309221945235
修正前,2025-09-10,Q08,做多,276,0.00008496299587141434,0.07172414137744232
修正前,2025-09-11,Q08,做多,246,0.004232759862947486,0.07626049230721654
修正前,2025-09-12,Q08,做多,383,0.00010654877835902015,0.0763751665478678
修正前,2025-09-15,Q08,做多,224,0.0001269117833463237,0.07651177123980402
修正前,2025-09-16,Q08,做多,67,0.0031167010771485965,0.07986693663679034
修正前,2025-09-17,Q08,做多,87,-0.000276146477423528,0.07956873518615182
修正前,2025-09-18,Q08,做多,213,-0.0045542392324531365,0.07465212089823714
修正前,2025-09-19,Q08,做多,289,-0.00027099984181152816,0.07436089034347115
修正前,2025-09-22,Q08,做多,266,0.00134533712054991,0.07580626793011724
修正前,2025-09-23,Q08,做多,97,0.003373228889780801,0.07943520871290644
修正前,2025-09-24,Q08,做多,164,0.0013706164488500757,0.08091470036543624
修正前,2025-09-25,Q08,做多,49,-0.0009059204017756535,0.07993547768579612
修正前,2025-09-26,Q08,做多,455,-0.0004318115282160931,0.0794691490968018
修正前,2025-09-29,Q08,做多,286,0.004108407849891044,0.08390404862266632
修正前,2025-09-30,Q08,做多,204,0.0018324383379912628,0.08589023595606649
修正前,2025-10-09,Q08,做多,279,-0.0018597626144566746,0.08387073789183197
修正前,2025-10-10,Q08,做多,293,-0.0036929001459329283,0.07986811148569872
修正前,2025-10-13,Q08,做多,456,0.0017608551729848074,0.0817696028359498
修正前,2025-10-14,Q08,做多,201,-0.0027030039811543065,0.07884557529279257
修正前,2025-10-15,Q08,做多,150,0.001769082765094936,0.0807541424062419
修正前,2025-10-16,Q08,做多,99,-0.0017434100082027726,0.07886994481796417
修正前,2025-10-17,Q08,做多,186,0.0033097599157910188,0.08244074531567436
修正前,2025-10-20,Q08,做多,280,0.0010644302831938797,0.08359292802475138
修正前,2025-10-21,Q08,做多,194,0.0006626227410360463,0.08431094134088646
修正前,2025-10-22,Q08,做多,155,-0.0008811058214867502,0.08335554865816919
修正前,2025-10-23,Q08,做多,63,0.010490407679407369,0.0947203900253415
修正前,2025-10-24,Q08,做多,210,0.002735553549289415,0.09771505627375476
修正前,2025-10-27,Q08,做多,150,-0.000764532782874691,0.09687581712697835
修正前,2025-10-28,Q08,做多,266,0.0005469853162946691,0.0974757920927456
修正前,2025-10-29,Q08,做多,157,0.0016549938828013333,0.09929210781518183
修正前,2025-10-30,Q08,做多,212,0.0007577971778805219,0.10012514827215058
修正前,2025-10-31,Q08,做多,596,-0.0006665041211341767,0.09939191032706374
修正前,2025-11-03,Q08,做多,472,0.0013853856953188616,0.10091499215318
修正前,2025-11-04,Q08,做多,457,-0.0017818147419664384,0.09895336559050949
修正前,2025-11-05,Q08,做多,308,0.0018334420532034068,0.1009682329054924
修正前,2025-11-06,Q08,做多,141,-0.0016487443505176212,0.09915301775138996
修正前,2025-11-07,Q08,做多,486,0.0002592004334941888,0.09943791869006757
修正前,2025-11-10,Q08,做多,915,0.00007351416523684111,0.0995187429508897
修正前,2025-11-11,Q08,做多,507,-0.0007110253129600128,0.09873695729257759
修正前,2025-11-12,Q08,做多,397,0.00029497640656888095,0.09906105877200422
修正前,2025-11-13,Q08,做多,411,0.0008304990991383395,0.09997382799121235
修正前,2025-11-14,Q08,做多,291,-0.0016339891358084966,0.09817648270660095
修正前,2025-11-17,Q08,做多,382,-0.0008642951168544808,0.09722733413515328
修正前,2025-11-18,Q08,做多,289,0.0007891456082540909,0.09809320626714224
修正前,2025-11-19,Q08,做多,67,0.0015522160640320003,0.09979768418171453
修正前,2025-11-20,Q08,做多,32,-0.0034887694025655946,0.09596074367212881
修正前,2025-11-21,Q08,做多,313,-0.0033839996777212293,0.09225201286874718
修正前,2025-11-24,Q08,做多,255,0.0003491899140784631,0.09263341625527288
修正前,2025-11-25,Q08,做多,225,0.0013368639157609627,0.09409411844261917
修正前,2025-11-26,Q08,做多,55,0.00028240472192092884,0.09440309578789341
修正前,2025-11-27,Q08,做多,205,-0.002109942608796878,0.09209396806489134
修正前,2025-11-28,Q08,做多,699,0.000947644277434242,0.09312888466414848
修正前,2025-12-01,Q08,做多,281,-0.001216331378037269,0.09179927770149265
修正前,2025-12-02,Q08,做多,574,-0.00034042039903051964,0.09142760695571628
修正前,2025-12-03,Q08,做多,408,-0.0006378365145631987,0.09073145457499754
修正前,2025-12-04,Q08,做多,125,0.002445355448347982,0.09339868068012702
修正前,2025-12-05,Q08,做多,121,0.0047591563900725815,0.09860233599818291
修正前,2025-12-08,Q08,做多,355,-0.00011286845121349858,0.09847833845401932
修正前,2025-12-09,Q08,做多,64,-0.001483703090372046,0.09684852274854827
修正前,2025-12-10,Q08,做多,363,0.0008755123999335235,0.09780882723106332
修正前,2025-12-11,Q08,做多,309,-0.0005751420746424234,0.09717743118460898
修正前,2025-12-12,Q08,做多,326,-0.000306725625716599,0.09684089875050672
修正前,2025-12-15,Q08,做多,228,-0.00044414114831612864,0.09635374657421547
修正前,2025-12-16,Q08,做多,197,-0.0015217165800173729,0.09468540690048943
修正前,2025-12-17,Q08,做多,120,0.0011364935590487827,0.09592950981461645
修正前,2025-12-18,Q08,做多,174,0.0000568630100666457,0.09599182766536529
修正前,2025-12-19,Q08,做多,221,0.0029347961536006543,0.09920834026557523
修正前,2025-12-22,Q08,做多,354,0.00033261264505168674,0.09957395085909382
修正前,2025-12-23,Q08,做多,281,0.0009094448426713627,0.10057395271783842
修正前,2025-12-24,Q08,做多,169,0.00030398576592023554,0.10090851153380709
修正前,2025-12-25,Q08,做多,137,0.0006552340223440768,0.10162986424605225
修正前,2025-12-26,Q08,做多,300,0.000023774056717229542,0.10165605445692627
修正前,2025-12-29,Q08,做多,374,-0.00021781410190971248,0.10141609823281139
修正前,2025-12-30,Q08,做多,352,0.0003326966003772792,0.10178253562429429
修正前,2025-12-31,Q08,做多,419,-0.0004084458316772938,0.10133251714020375
修正前,2026-01-05,Q08,做多,518,0.003458596500605174,0.10514158192998746
修正前,2026-01-06,Q08,做多,432,0.0016900498560264371,0.10700932630141691
修正前,2026-01-07,Q08,做多,262,0.00006277141613399881,0.10707881484450255
修正前,2026-01-08,Q08,做多,285,-0.0006358607853032657,0.10637486683990294
修正前,2026-01-09,Q08,做多,464,0.0011739216134346547,0.1076736642086471
修正前,2026-01-12,Q08,做多,426,0.0015663350297105574,0.10940865227038499
修正前,2026-01-13,Q08,做多,307,-0.0006643502921187766,0.10867161630817002
修正前,2026-01-14,Q08,做多,234,-0.004183273507417334,0.10403373970724261
修正前,2026-01-15,Q08,做多,375,0.0011267064420195918,0.10527766163397767
修正前,2026-01-16,Q08,做多,125,0.0006981080770783592,0.10604926489697863
修正前,2026-01-19,Q08,做多,421,-0.00019746132697503585,0.10583086294143218
修正前,2026-01-20,Q08,做多,346,0.002084864370919467,0.10813637030784196
修正前,2026-01-21,Q08,做多,252,0.0008734728916106323,0.1091042973875136
修正前,2026-01-22,Q08,做多,168,0.00034079808505166077,0.10948227800818566
修正前,2026-01-23,Q08,做多,284,0.0006673760785495585,0.11022271994010313
修正前,2026-01-26,Q08,做多,423,-0.0018269698891471744,0.10819437646052554
修正前,2026-01-27,Q08,做多,477,0.00040385971279233737,0.10864193152312107
修正前,2026-01-28,Q08,做多,137,0.00010017345112516463,0.10875298801146394
修正前,2026-01-29,Q08,做多,160,-0.0024451222555399,0.10604195140458073
修正前,2026-01-30,Q08,做多,287,-0.004148988397340213,0.1014529961812316
修正前,2026-02-02,Q08,做多,396,-0.003864146689654327,0.0971968202322282
修正前,2026-02-03,Q08,做多,476,0.0005012676314046465,0.09774680948349079
修正前,2026-02-04,Q08,做多,101,-0.001715200358502092,0.09586395376232004
修正前,2026-02-05,Q08,做多,244,-0.002417799937843558,0.09321437396302845
修正前,2026-02-06,Q08,做多,324,0.0028931428276696407,0.09637719928816502
修正前,2026-02-09,Q08,做多,477,0.0012090869016638582,0.09770281459910723
修正前,2026-02-10,Q08,做多,498,0.0005846350549616027,0.09834457014445186
修正前,2026-02-11,Q08,做多,379,-0.00014294461960397326,0.09818756769767845
修正前,2026-02-12,Q08,做多,376,0.00007058669470620287,0.09826508512824961
修正前,2026-02-13,Q08,做多,444,-0.0005446697296679918,0.09766689338122903
修正前,2026-02-24,Q08,做多,134,0.0009386281837659728,0.09869719446374359
修正前,2026-02-25,Q08,做多,322,0.00012036060311035065,0.09882943432070501
修正前,2026-02-26,Q08,做多,524,-0.0002942337547585533,0.0985061216104055
修正前,2026-02-27,Q08,做多,274,0.001859177308296551,0.10054843926472845
修正前,2026-03-02,Q08,做多,657,-0.001379774491262978,0.09902993060183163
修正前,2026-03-03,Q08,做多,388,-0.0012203632503882283,0.09768871486344843
修正前,2026-03-04,Q08,做多,340,-0.0009986099408064654,0.0965925520008748
修正前,2026-03-05,Q08,做多,113,0.0004138789427893203,0.09704640856696756
修正前,2026-03-06,Q08,做多,301,-0.0035483774729157653,0.09315367380406525
修正前,2026-03-09,Q08,做多,109,0.005476641696995261,0.09914048479524418
修正前,2026-03-10,Q08,做多,147,0.00027149473490204574,0.09943889564978381
修正前,2026-03-11,Q08,做多,119,-0.0005251011069415982,0.09886157906866355
修正前,2026-03-12,Q08,做多,391,-0.0003812165871766322,0.0984426748077114
修正前,2026-03-13,Q08,做多,329,-0.0008526527759872765,0.09750608461177368
修正前,2026-03-16,Q08,做多,204,-0.0009449081053924816,0.09646904221670649
修正前,2026-03-17,Q08,做多,162,-0.0010687295529530757,0.09529721334739127
修正前,2026-03-18,Q08,做多,280,-0.001028070125643613,0.09417117100364814
修正前,2026-03-19,Q08,做多,121,0.00026741115246949455,0.09446376457748507
修正前,2026-03-20,Q08,做多,94,-0.0046508301011078616,0.08937359955661628
修正前,2026-03-23,Q08,做多,73,-0.0024126566909030336,0.08674531505275285
修正前,2026-03-24,Q08,做多,136,0.008915620950922269,0.09643432435195387
修正前,2026-03-25,Q08,做多,132,0.00011485500586290568,0.09656025532270562
修正前,2026-03-26,Q08,做多,308,-0.0020658287614790057,0.09429494960856522
修正前,2026-03-27,Q08,做多,298,-0.00329088429073532,0.09069375154946746
修正前,2026-03-30,Q08,做多,401,-0.00008033304688264674,0.09060613279718965
修正前,2026-03-31,Q08,做多,194,-0.0021879313199420236,0.08821996148152178
修正前,2026-04-01,Q08,做多,275,-0.0007550676903735042,0.08739828174858766
修正前,2026-04-02,Q08,做多,473,-0.0022563153499896805,0.08494476831392594
修正前,2026-04-03,Q08,做多,489,0.0007076081632093275,0.08571248408861609
修正前,2026-04-07,Q08,做多,234,0.0038216453072875906,0.08986169210849693
修正前,2026-04-08,Q08,做多,308,0.00046333746228232155,0.09036666585915709
修正前,2026-04-09,Q08,做多,222,-0.000025623173945581306,0.09033872720441338
修正前,2026-04-10,Q08,做多,429,-0.0013080043476874103,0.08891255940877807
修正前,2026-04-13,Q08,做多,388,0.0007443311546687499,0.08972307095145604
修正前,2026-04-14,Q08,做多,130,-0.001200092708019768,0.0884153022402463
修正前,2026-04-15,Q08,做多,242,-0.0007326011471542932,0.08761792794124479
修正前,2026-04-16,Q08,做多,383,0.0006860470713836454,0.0883640850354932
修正前,2026-04-17,Q08,做多,287,0.001181692841694202,0.08965019708393651
修正前,2026-04-20,Q08,做多,144,0.00014408482076709738,0.08980719913728197
修正前,2026-04-21,Q08,做多,212,0.002060803861841466,0.09205307802192664
修正前,2026-04-22,Q08,做多,258,0.000583901596796785,0.09269072955797042
修正前,2026-04-23,Q08,做多,545,-0.0002579913743796444,0.09240882477487977
修正前,2026-04-24,Q08,做多,290,0.00003520146305602574,0.09244727916376716
修正前,2026-04-27,Q08,做多,207,-0.0001364521316566464,0.09229821240380276
修正前,2026-04-28,Q08,做多,601,-0.0007940029706413213,0.09143092437832778
修正前,2026-04-29,Q08,做多,464,0.0013822092996868941,0.09293951035196946
修正前,2026-04-30,Q08,做多,319,0.0045948351451836605,0.09796138722569459
修正前,2026-05-06,Q08,做多,348,0.0005524213369447341,0.09856792452313945
修正前,2026-05-07,Q08,做多,267,0.0007874728506251129,0.09943301693826911
修正前,2026-05-08,Q08,做多,509,0.00041083193098061444,0.09988469912760167
修正前,2026-05-11,Q08,做多,221,0.0003469508952482649,0.10026630510863388
修正前,2026-05-12,Q08,做多,328,0.00011004280854538637,0.10038738150299586
修正前,2026-05-13,Q08,做多,297,0.0011700753063576528,0.10167491760552005
修正前,2026-05-14,Q08,做多,329,-0.0012791500033606476,0.10026571013096253
修正前,2026-05-15,Q08,做多,207,-0.0014295291282220548,0.09869284824954638
修正前,2026-05-18,Q08,做多,330,-0.00041433138941294713,0.09823762531519309
修正前,2026-05-19,Q08,做多,472,0.00012009565056498598,0.09836951887728018
修正前,2026-05-20,Q08,做多,57,-0.0016015856318725191,0.0966103860373595
修正前,2026-05-21,Q08,做多,181,-0.002825730320986602,0.0935116608192248
修正前,2026-05-22,Q08,做多,288,0.001856907890707286,0.09554221125078044
修正前,2026-05-25,Q08,做多,114,-0.0017681501541167229,0.0936051281211161
修正前,2026-05-26,Q08,做多,185,0.004659720504541592,0.09870102236049383
修正前,2026-05-27,Q08,做多,229,-0.0012177677385390312,0.09736305970116343
修正前,2026-05-28,Q08,做多,642,0.00035654984954630337,0.09775432433499764
修正前,2026-05-29,Q08,做多,219,0.00047479226901221195,0.09827552960146657
修正前,2026-06-01,Q08,做多,598,-0.0009203884309983343,0.09726468950997291
修正前,2026-06-02,Q08,做多,554,0.0018883839706183808,0.09933674656116898
修正前,2026-06-03,Q08,做多,333,-0.0021498622456430907,0.09697332399448899
修正前,2026-06-04,Q08,做多,554,-0.00041012831917421354,0.09652342416894011
修正前,2026-06-05,Q08,做多,436,-0.0037812172685076435,0.09237723086214933
修正前,2026-06-08,Q08,做多,256,-0.0020261383251067855,0.09016392348922553
修正前,2026-06-09,Q08,做多,144,-0.0002038142382237614,0.08994173255962057
修正前,2026-06-10,Q08,做多,225,-0.0014171889604363565,0.08839707916871808
修正前,2026-06-11,Q08,做多,177,0.001646642613668313,0.09018928017986938
修正前,2026-06-12,Q08,做多,327,0.003574081241833694,0.0940857052362083
修正前,2026-06-15,Q08,做多,137,0.0003290935557849287,0.09444576179127795
修正前,2026-06-16,Q08,做多,285,-0.00008189026206341703,0.09435613734103065
修正前,2026-06-17,Q08,做多,267,0.0027159200003024557,0.09732832106188893
修正前,2026-06-18,Q08,做多,241,0.00025597856897906413,0.09760921359521446
修正前,2026-06-22,Q08,做多,299,0.002367374801001476,0.10020766598882691
修正前,2026-06-23,Q08,做多,436,-0.002885221515631919,0.09703332315925284
修正前,2026-06-24,Q08,做多,360,0.002084638711666129,0.09932024129269834
修正前,2026-06-25,Q08,做多,113,-0.0027355396670779466,0.09631300716582047
修正前,2026-06-26,Q08,做多,75,-0.0002105399799377968,0.0960821894472863
修正前,2026-06-29,Q08,做多,485,0.0006529751386851691,0.09679790386695108
修正前,2026-06-30,Q08,做多,481,0.0022396489662308127,0.09925434615851092
修正前,2024-02-01,Q09,做多,340,0.002317815384391425,0.002317815384391464
修正前,2024-02-02,Q09,做多,533,-0.003479772251332834,-0.0011700223365996854
修正前,2024-02-05,Q09,做多,329,-0.005673040974425933,-0.006836425726369
修正前,2024-02-06,Q09,做多,453,0.0030848818127353467,-0.0037726334790210148
修正前,2024-02-07,Q09,做多,319,0.009846208234886722,0.00603642862103726
修正前,2024-02-08,Q09,做多,374,-0.00010847578908683779,0.005927298025592442
修正前,2024-02-19,Q09,做多,485,0.00028284161955300605,0.006211816131718617
修正前,2024-02-20,Q09,做多,245,0.0008585227247118494,0.007075671841741293
修正前,2024-02-21,Q09,做多,450,0.0008210014659481305,0.007902482444644088
修正前,2024-02-22,Q09,做多,89,0.002132005622156561,0.010051336203801498
修正前,2024-02-23,Q09,做多,242,0.0006991758529077118,0.010757539708272423
修正前,2024-02-26,Q09,做多,517,-0.002691507185640996,0.008037078527206809
修正前,2024-02-27,Q09,做多,414,0.0035570957622180666,0.011622762947394616
修正前,2024-02-28,Q09,做多,252,-0.004583914121429275,0.006985571078760744
修正前,2024-02-29,Q09,做多,840,0.0019849351202537945,0.008984372104383853
修正前,2024-03-01,Q09,做多,626,0.001072194662162965,0.010066199762360117
修正前,2024-03-04,Q09,做多,311,0.0012284386895210116,0.011307004161125622
修正前,2024-03-05,Q09,做多,289,-0.00015646890376289261,0.011148766062816895
修正前,2024-03-06,Q09,做多,258,-0.0014989090706608683,0.009633146005577853
修正前,2024-03-07,Q09,做多,454,-0.00032193910481566194,0.009308105614360462
修正前,2024-03-08,Q09,做多,176,0.0026748251470549308,0.01200782831638425
修正前,2024-03-11,Q09,做多,284,0.00397947779987282,0.016035091002466695
修正前,2024-03-12,Q09,做多,361,-0.0006583503040664383,0.015366183991363025
修正前,2024-03-13,Q09,做多,366,-0.00005528409979649682,0.015310050385917151
修正前,2024-03-14,Q09,做多,291,0.00016468298148963507,0.015477254672151108
修正前,2024-03-15,Q09,做多,82,0.003826806504260209,0.019363289635258685
修正前,2024-03-18,Q09,做多,280,0.0007997557335459402,0.020178531270710787
修正前,2024-03-19,Q09,做多,292,-0.0005453801491369146,0.019622146151180075
修正前,2024-03-20,Q09,做多,298,0.0021663046867273954,0.021830958385078425
修正前,2024-03-21,Q09,做多,198,-0.0008680357459708849,0.020943972586860538
修正前,2024-03-22,Q09,做多,53,-0.0042791701405735265,0.016575179624168213
修正前,2024-03-25,Q09,做多,227,-0.0007732085302854951,0.015789155023606227
修正前,2024-03-26,Q09,做多,50,-0.0025260317118954846,0.013223239405417031
修正前,2024-03-27,Q09,做多,89,-0.005360781592745308,0.007791570914270629
修正前,2024-03-28,Q09,做多,240,-0.0011668038396843864,0.0066156758397262205
修正前,2024-03-29,Q09,做多,199,0.004465651013172523,0.011110870152415186
修正前,2024-04-01,Q09,做多,398,0.0011519339640284642,0.012275603105142086
修正前,2024-04-02,Q09,做多,506,0.0002782931605187956,0.012557312482046168
修正前,2024-04-03,Q09,做多,547,-0.00016493702478295234,0.012390304291503229
修正前,2024-04-08,Q09,做多,311,-0.001444957321196689,0.010927443509408663
修正前,2024-04-09,Q09,做多,63,-0.004932713215234727,0.005940828349166427
修正前,2024-04-10,Q09,做多,133,0.00011626596168021468,0.006057785026967855
修正前,2024-04-11,Q09,做多,173,-0.00042605184214516013,0.005629152254352565
修正前,2024-04-12,Q09,做多,108,0.0025967988271818118,0.008240568857506458
修正前,2024-04-15,Q09,做多,363,0.0011096857401866117,0.009359399039445382
修正前,2024-04-16,Q09,做多,320,-0.0013010066330593872,0.008046215766154274
修正前,2024-04-17,Q09,做多,392,0.0018491600170985906,0.009910254523736617
修正前,2024-04-18,Q09,做多,302,-0.0014736170494943025,0.008422033554211339
修正前,2024-04-19,Q09,做多,389,-0.00046970621705485284,0.007948371455635872
修正前,2024-04-22,Q09,做多,276,0.0004274042196719666,0.008379172842807536
修正前,2024-04-23,Q09,做多,104,-0.0003516431757956385,0.008024583188062984
修正前,2024-04-24,Q09,做多,140,-0.001886039683605694,0.006123408822120258
修正前,2024-04-25,Q09,做多,152,0.006774030911880178,0.012938919894647682
修正前,2024-04-26,Q09,做多,287,0.0017676595370166566,0.014729451036814778
修正前,2024-04-29,Q09,做多,534,0.0006437464811899551,0.01538267955027961
修正前,2024-04-30,Q09,做多,397,-0.0008128011690434954,0.014557375321314625
修正前,2024-05-06,Q09,做多,230,-0.0009424539128541137,0.013601201753128178
修正前,2024-05-07,Q09,做多,345,-0.0006647837873627567,0.012927376107351174
修正前,2024-05-08,Q09,做多,586,-0.0003296298488000934,0.01259348500951929
修正前,2024-05-09,Q09,做多,125,0.0005761655553942546,0.01317690649719827
修正前,2024-05-10,Q09,做多,152,-0.006014343244810573,0.007083312813808806
修正前,2024-05-13,Q09,做多,466,0.00008587324297639677,0.007169794323827583
修正前,2024-05-14,Q09,做多,111,-0.004727438395986594,0.0024084611668633293
修正前,2024-05-15,Q09,做多,108,0.001986613004932965,0.004399858852072169
修正前,2024-05-16,Q09,做多,120,0.002753791702343733,0.007165766849214217
修正前,2024-05-17,Q09,做多,67,0.008119321643694569,0.015343269658781189
修正前,2024-05-20,Q09,做多,340,-0.0005224585181863136,0.014812794918664718
修正前,2024-05-21,Q09,做多,308,-0.00016548569933488638,0.014644857913603593
修正前,2024-05-22,Q09,做多,92,-0.004847827972179916,0.009726034189581512
修正前,2024-05-23,Q09,做多,21,0.00018767229076253162,0.009915531787460408
修正前,2024-05-24,Q09,做多,80,-0.0024129983802595235,0.007478607245058333
修正前,2024-05-27,Q09,做多,132,-0.0024743812712062427,0.0049857210481500935
修正前,2024-05-28,Q09,做多,87,0.0037165992229577453,0.008720850198081331
修正前,2024-05-29,Q09,做多,99,0.000382798819272365,0.009106987348512563
修正前,2024-05-30,Q09,做多,238,0.003161281395455071,0.012297058493641266
修正前,2024-05-31,Q09,做多,458,-0.0012712782038217254,0.011010147307385365
修正前,2024-06-03,Q09,做多,789,-0.00013889478458344956,0.01086972327076352
修正前,2024-06-04,Q09,做多,193,0.0011454281179488328,0.0120276018753811
修正前,2024-06-05,Q09,做多,130,0.001796141302335085,0.013845346450212626
修正前,2024-06-06,Q09,做多,211,0.0033024729827655615,0.017193543315566995
修正前,2024-06-07,Q09,做多,133,0.0010115409413697478,0.018222476229927675
修正前,2024-06-11,Q09,做多,227,-0.0002079334058000097,0.018010753762583098
修正前,2024-06-12,Q09,做多,34,-0.00014465608931940924,0.017863492308058726
修正前,2024-06-13,Q09,做多,274,-0.0006647639261743684,0.017186853376602418
修正前,2024-06-14,Q09,做多,83,-0.0011893883318582785,0.01597702320187655
修正前,2024-06-17,Q09,做多,335,0.0017111849612313143,0.017715547804936005
修正前,2024-06-18,Q09,做多,268,0.000480703779308598,0.018204767515026976
修正前,2024-06-19,Q09,做多,164,-0.0011368375493386739,0.017047234102400166
修正前,2024-06-20,Q09,做多,136,-0.00010930441767948865,0.016936066346723955
修正前,2024-06-21,Q09,做多,20,0.0033086875511799006,0.02030079004979113
修正前,2024-06-24,Q09,做多,84,-0.0016903380270551203,0.018576136825335654
修正前,2024-06-25,Q09,做多,65,0.0004665927679385417,0.01905139708437309
修正前,2024-06-26,Q09,做多,159,-0.003367997897399367,0.015619234121651004
修正前,2024-06-27,Q09,做多,198,0.0028480160624233327,0.018511734013735515
修正前,2024-06-28,Q09,做多,538,-0.00026510880595490943,0.018241717584080108
修正前,2024-07-01,Q09,做多,758,0.00020170728971474893,0.018447104361208444
修正前,2024-07-02,Q09,做多,259,-0.0006503126578290657,0.017784795317912883
修正前,2024-07-03,Q09,做多,203,0.0016999753332066607,0.019515004364466293
修正前,2024-07-04,Q09,做多,400,-0.0018788879371732037,0.017599449920998822
修正前,2024-07-05,Q09,做多,142,-0.0005965654718879,0.016992385224963824
修正前,2024-07-08,Q09,做多,273,0.0005829351189360364,0.01758522580200217
修正前,2024-07-09,Q09,做多,432,0.0008232097391437828,0.018422911870291214
修正前,2024-07-10,Q09,做多,190,0.004370803979097553,0.022874238785898005
修正前,2024-07-11,Q09,做多,507,-0.00024059316280818704,0.02262814223763354
修正前,2024-07-12,Q09,做多,365,0.00011253370320359053,0.022743222369479676
修正前,2024-07-15,Q09,做多,271,-0.0003042982916063732,0.022432003354160734
修正前,2024-07-16,Q09,做多,14,0.0008456750074401498,0.02329664854620428
修正前,2024-07-17,Q09,做多,84,-0.006049204046749288,0.01710651831879373
修正前,2024-07-18,Q09,做多,170,-0.0007377511426485024,0.016356146822708695
修正前,2024-07-19,Q09,做多,240,0.001171163631215677,0.01754646617823008
修正前,2024-07-22,Q09,做多,383,-0.0014192587977270542,0.016102304404010503
修正前,2024-07-23,Q09,做多,202,-0.0009806750658033635,0.015105838209776179
修正前,2024-07-24,Q09,做多,371,-0.0009414649816606328,0.014150151610422546
修正前,2024-07-25,Q09,做多,262,0.0010845820919476372,0.015250080703405278
修正前,2024-07-26,Q09,做多,6,-0.0030274911938856044,0.012176420024484047
修正前,2024-07-29,Q09,做多,207,-0.0032035504045604068,0.008933861844627966
修正前,2024-07-30,Q09,做多,366,0.0009093620632822044,0.00985134802295029
修正前,2024-07-31,Q09,做多,612,0.0032688729258487097,0.013152423753634457
修正前,2024-08-01,Q09,做多,401,-0.00018675420299194755,0.01296321328022687
修正前,2024-08-02,Q09,做多,537,-0.0018145952959979293,0.01112509499838965
修正前,2024-08-05,Q09,做多,358,0.00014851641113718312,0.011275263668709679
修正前,2024-08-06,Q09,做多,99,-0.0001581878311087782,0.01111529222809593
修正前,2024-08-07,Q09,做多,78,-0.004170779880578033,0.0068981529103262496
修正前,2024-08-08,Q09,做多,84,-0.0005441078728403053,0.006350291698179467
修正前,2024-08-09,Q09,做多,101,-0.0006408713700216365,0.0057053506080171346
修正前,2024-08-12,Q09,做多,597,-0.0002463682016899491,0.005457576789357876
修正前,2024-08-13,Q09,做多,72,-0.0008266224036156523,0.00462644303049875
修正前,2024-08-14,Q09,做多,41,0.000909913334109616,0.005540566026811522
修正前,2024-08-15,Q09,做多,133,-0.0008077868668553314,0.004728303563484859
修正前,2024-08-16,Q09,做多,17,0.008784007664550753,0.013553844682777427
修正前,2024-08-19,Q09,做多,146,-0.0033669088975267648,0.01014130122499246
修正前,2024-08-20,Q09,做多,228,-0.0006241983752867478,0.00951077266595779
修正前,2024-08-21,Q09,做多,57,-0.0007096345374552664,0.008794388955740917
修正前,2024-08-22,Q09,做多,60,0.0021141309970213722,0.010927112443053444
修正前,2024-08-23,Q09,做多,53,-0.0008143316171865665,0.010103882532719988
修正前,2024-08-26,Q09,做多,31,-0.0037039270692114388,0.006362531419491502
修正前,2024-08-27,Q09,做多,63,-0.0014790741386980423,0.004874046625114259
修正前,2024-08-28,Q09,做多,142,-0.0008393720544146663,0.004030583432170554
修正前,2024-08-29,Q09,做多,427,0.0002847232380397296,0.0043164542709761555
修正前,2024-08-30,Q09,做多,415,-0.00005270532536262882,0.004263521445486695
修正前,2024-09-02,Q09,做多,460,-0.00250571611514992,0.0017471221559435257
修正前,2024-09-03,Q09,做多,626,0.00026493236415123326,0.002012517389297974
修正前,2024-09-04,Q09,做多,226,0.0013110932612477955,0.0033262492485330863
修正前,2024-09-05,Q09,做多,28,-0.001291421025598538,0.0020305326347185293
修正前,2024-09-06,Q09,做多,269,-0.0018304295590902343,0.0001963863286731371
修正前,2024-09-09,Q09,做多,349,-0.0015254593543113906,-0.001329372605000323
修正前,2024-09-10,Q09,做多,215,0.0032767353570941553,0.0019430067498762416
修正前,2024-09-11,Q09,做多,64,0.0028212573861310375,0.004769745858151708
修正前,2024-09-12,Q09,做多,52,0.0018928746721940115,0.006671649061473328
修正前,2024-09-13,Q09,做多,60,-0.00038736183996661565,0.006281702879250783
修正前,2024-09-18,Q09,做多,206,-0.0013665508585229,0.004906567754265234
修正前,2024-09-19,Q09,做多,253,-0.0032999512026525117,0.0015904251174512218
修正前,2024-09-20,Q09,做多,83,0.005623307307699628,0.007222675874336115
修正前,2024-09-23,Q09,做多,38,0.008207152719382736,0.015489106197662084
修正前,2024-09-24,Q09,做多,387,0.009068281964658148,0.024697847744701074
修正前,2024-09-25,Q09,做多,178,0.0009946765504343163,0.02571709066513317
修正前,2024-09-26,Q09,做多,254,0.015405806296644366,0.04151908947907801
修正前,2024-09-27,Q09,做多,64,0.0295794793019013,0.07232668182885948
修正前,2024-09-30,Q09,做多,257,0.018686263235525958,0.0923644604799918
修正前,2024-10-08,Q09,做多,484,-0.0003597954411275131,0.09197143272706132
修正前,2024-10-09,Q09,做多,322,0.0013586272460382116,0.09345501486745977
修正前,2024-10-10,Q09,做多,273,-0.00396441282059924,0.0891201077877708
修正前,2024-10-11,Q09,做多,245,-0.0013965305616563586,0.08759911827193068
修正前,2024-10-14,Q09,做多,326,0.0005655111193611748,0.08821416766672097
修正前,2024-10-15,Q09,做多,86,0.0002888106471293086,0.08852845550470012
修正前,2024-10-16,Q09,做多,128,0.005535172322197468,0.09455364808353406
修正前,2024-10-17,Q09,做多,136,0.0006440162000324242,0.09525855836470454
修正前,2024-10-18,Q09,做多,214,0.0026843877877522192,0.09819865706320985
修正前,2024-10-21,Q09,做多,97,0.0030298113621760533,0.10152599183230637
修正前,2024-10-22,Q09,做多,171,0.0044374537510999575,0.10641396247669688
修正前,2024-10-23,Q09,做多,167,-0.004821168164547301,0.10107975470399366
修正前,2024-10-24,Q09,做多,472,0.0007931767637212218,0.1019531055804288
修正前,2024-10-25,Q09,做多,168,-0.0014014769422516676,0.10040874371151531
修正前,2024-10-28,Q09,做多,122,0.0010037451060658194,0.1015132736026878
修正前,2024-10-29,Q09,做多,275,-0.0007342158626653889,0.10070452508427219
修正前,2024-10-30,Q09,做多,417,-0.00015640636726205206,0.10053236788807474
修正前,2024-10-31,Q09,做多,172,0.00162790466814375,0.10232392966720316
修正前,2024-11-01,Q09,做多,496,-0.0004671836588474229,0.10180894194050616
修正前,2024-11-04,Q09,做多,511,0.0014698366150461592,0.10342842106615557
修正前,2024-11-05,Q09,做多,850,0.003212777296344832,0.10697349084549845
修正前,2024-11-06,Q09,做多,208,-0.002752438912746304,0.10392661393391656
修正前,2024-11-07,Q09,做多,279,0.004057245845041667,0.10840551560153089
修正前,2024-11-08,Q09,做多,403,-0.0020048890850822604,0.10618328548145639
修正前,2024-11-11,Q09,做多,1043,0.0017611402754090298,0.10813142941750198
修正前,2024-11-12,Q09,做多,511,-0.0014221896174883332,0.10655545640377184
修正前,2024-11-13,Q09,做多,468,0.00033803226091176603,0.10692950784652422
修正前,2024-11-14,Q09,做多,238,-0.001836742056031592,0.10489636386640022
修正前,2024-11-15,Q09,做多,108,-0.0018500480450206345,0.10285225250847874
修正前,2024-11-18,Q09,做多,313,-0.0022865930897966267,0.10033047816882612
修正前,2024-11-19,Q09,做多,182,0.0044071757042779556,0.10517982791888847
修正前,2024-11-20,Q09,做多,100,-0.0004770606196689187,0.1046525901453359
修正前,2024-11-21,Q09,做多,63,-0.001582102852620347,0.10290491613131247
修正前,2024-11-22,Q09,做多,181,-0.003659619785787715,0.09886870347839594
修正前,2024-11-25,Q09,做多,406,-0.0010161697130843543,0.09775206638326495
修正前,2024-11-26,Q09,做多,88,-0.00634396579235644,0.09078796482564089
修正前,2024-11-27,Q09,做多,246,0.0020984501511187906,0.09307692899526776
修正前,2024-11-28,Q09,做多,276,-0.0007551222278235018,0.09225152230946243
修正前,2024-11-29,Q09,做多,509,-0.0018613198072565944,0.09021849291648176
修正前,2024-12-02,Q09,做多,586,-0.00001637676936415749,0.09020063865966677
修正前,2024-12-03,Q09,做多,473,0.0013537739665003472,0.09167652390254633
修正前,2024-12-04,Q09,做多,292,-0.001167606679987392,0.0904018751008524
修正前,2024-12-05,Q09,做多,156,0.0003258095527995372,0.09075713844815092
修正前,2024-12-06,Q09,做多,421,-0.00018738314006365604,0.0905527489505018
修正前,2024-12-09,Q09,做多,566,0.0023255391656788267,0.09308887208042504
修正前,2024-12-10,Q09,做多,305,-0.0017872324872157941,0.09113526813682893
修正前,2024-12-11,Q09,做多,494,-0.0002968646131267607,0.09081134868758456
修正前,2024-12-12,Q09,做多,271,0.0010805732100980564,0.09199005020824735
修正前,2024-12-13,Q09,做多,334,-0.003688491035107203,0.08796225469762797
修正前,2024-12-16,Q09,做多,159,-0.0016770975609528159,0.08613763585386591
修正前,2024-12-17,Q09,做多,147,0.001750062693379262,0.08803844481024892
修正前,2024-12-18,Q09,做多,74,-0.0012583604929622615,0.08666930021647556
修正前,2024-12-19,Q09,做多,110,-0.0007813789629753129,0.0858201996855752
修正前,2024-12-20,Q09,做多,141,0.002093834228326933,0.08809372718548558
修正前,2024-12-23,Q09,做多,247,0.001143234403217626,0.08933767336832932
修正前,2024-12-24,Q09,做多,218,0.00331746416947155,0.0929515120681843
修正前,2024-12-25,Q09,做多,203,0.002047231762306971,0.0951890371183517
修正前,2024-12-26,Q09,做多,203,0.0001140766109681397,0.09531397257207574
修正前,2024-12-27,Q09,做多,188,-0.0001029050545571892,0.09520125922797096
修正前,2024-12-30,Q09,做多,468,-0.00007637483914495689,0.0951176134079661
修正前,2024-12-31,Q09,做多,663,-0.0032587684442329646,0.0915488786866685
修正前,2025-01-02,Q09,做多,456,-0.003849593202231884,0.0873468595433724
修正前,2025-01-03,Q09,做多,404,-0.0009016275410494297,0.08636647766813454
修正前,2025-01-06,Q09,做多,33,0.00022843980365326968,0.08661464701298849
修正前,2025-01-07,Q09,做多,195,0.0032958367077905375,0.09019595145383663
修正前,2025-01-08,Q09,做多,293,-0.002512850655196016,0.08745645184293371
修正前,2025-01-09,Q09,做多,82,0.0002551267215294945,0.08773389104229845
修正前,2025-01-10,Q09,做多,156,-0.0031509915485609477,0.0843064507445408
修正前,2025-01-13,Q09,做多,403,0.00043186464182793906,0.08477472436152333
修正前,2025-01-14,Q09,做多,546,0.002248646439501509,0.08721399918312
修正前,2025-01-15,Q09,做多,240,0.005103194069427748,0.09276226321595016
修正前,2025-01-16,Q09,做多,446,-0.0016245790713681001,0.09098698451314857
修正前,2025-01-17,Q09,做多,195,0.007864521880774425,0.0995670755244924
修正前,2025-01-20,Q09,做多,213,-0.00021664981209077794,0.09932885452419882
修正前,2025-01-21,Q09,做多,171,0.0007580218963930587,0.10016216986726478
修正前,2025-01-22,Q09,做多,114,0.006684647302838704,0.10751636594875325
修正前,2025-01-23,Q09,做多,55,0.0007913793077353727,0.10839283148374346
修正前,2025-01-24,Q09,做多,252,0.00021198150636972434,0.10862779026581082
修正前,2025-01-27,Q09,做多,99,-0.0018374528290866757,0.10659073899618288
修正前,2025-02-05,Q09,做多,230,0.0010156927999481053,0.10771469524227051
修正前,2025-02-06,Q09,做多,252,0.0017048411252564245,0.10960317280977039
修正前,2025-02-07,Q09,做多,608,-0.0008047202531758414,0.10871025266362233
修正前,2025-02-10,Q09,做多,721,0.00030375119930241566,0.1090470247325479
修正前,2025-02-11,Q09,做多,899,0.00003085998602601736,0.1090812499082332
修正前,2025-02-12,Q09,做多,385,0.002575906696948586,0.11193813972733202
修正前,2025-02-13,Q09,做多,163,0.0006012085588549306,0.11260664645385332
修正前,2025-02-14,Q09,做多,187,0.002499659566886046,0.11538778430184271
修正前,2025-02-17,Q09,做多,135,0.0007515864138743685,0.11622609460672528
修正前,2025-02-18,Q09,做多,107,0.0010059478472527683,0.11734895984364235
修正前,2025-02-19,Q09,做多,622,0.0006571435665444024,0.11808321852418868
修正前,2025-02-20,Q09,做多,176,0.0018077065871115008,0.1201043849232537
修正前,2025-02-21,Q09,做多,504,-0.00019208011569086617,0.11988923514341177
修正前,2025-02-24,Q09,做多,500,-0.0005989042028668336,0.11921852877373906
修正前,2025-02-25,Q09,做多,161,0.00039936026458585813,0.11966550018151945
修正前,2025-02-26,Q09,做多,314,0.0015984024422862019,0.12145517625155322
修正前,2025-02-27,Q09,做多,275,-0.0013349059734371787,0.11995813903783303
修正前,2025-02-28,Q09,做多,822,-0.0028465490012358203,0.116770123315729
修正前,2025-03-03,Q09,做多,670,-0.0008406959842880076,0.11583125915768466
修正前,2025-03-04,Q09,做多,486,0.0006984402886921815,0.1166106006644625
修正前,2025-03-05,Q09,做多,7,-0.0002168978815981453,0.1163684101906084
修正前,2025-03-06,Q09,做多,339,-0.00010636851039262157,0.11624966374576706
修正前,2025-03-07,Q09,做多,370,-0.0006367112357504477,0.11553893504295742
修正前,2025-03-10,Q09,做多,548,-0.001234816883806805,0.11416144873142264
修正前,2025-03-11,Q09,做多,169,0.0032173473775950288,0.11774609314671602
修正前,2025-03-12,Q09,做多,44,-0.004421876531110188,0.11280355792969043
修正前,2025-03-13,Q09,做多,208,0.0011878608574639098,0.11412541371820151
修正前,2025-03-14,Q09,做多,442,0.0015135990186914833,0.11581175285110445
修正前,2025-03-17,Q09,做多,251,0.000628999737015994,0.11651359815020701
修正前,2025-03-18,Q09,做多,183,0.0003519695411774055,0.11690657692906625
修正前,2025-03-19,Q09,做多,219,-0.0017433986619490502,0.11495936349732605
修正前,2025-03-20,Q09,做多,52,-0.0011980290505212347,0.11362360978970565
修正前,2025-03-21,Q09,做多,7,-0.0019095268071396276,0.11149711565374854
修正前,2025-03-24,Q09,做多,167,0.0006685636171769256,0.1122402221858716
修正前,2025-03-25,Q09,做多,21,0.007963649726228877,0.12109771372678302
修正前,2025-03-26,Q09,做多,84,0.0002462057105038271,0.12137373438593535
修正前,2025-03-27,Q09,做多,115,-0.0010285504035456815,0.12022034497890721
修正前,2025-03-28,Q09,做多,121,-0.000023662547767547167,0.12019383771148395
修正前,2025-03-31,Q09,做多,831,2.7490372365162956e-6,0.12019691716605596
修正前,2025-04-01,Q09,做多,371,0.0007782611968812396,0.12106872295955218
修正前,2025-04-02,Q09,做多,272,-0.0002831951638012577,0.12075124171892115
修正前,2025-04-03,Q09,做多,866,-0.0021445695565195525,0.11834771272549927
修正前,2025-04-07,Q09,做多,214,0.000382818686979182,0.11877583712847106
修正前,2025-04-08,Q09,做多,313,-0.002872211362516802,0.11556247645696138
修正前,2025-04-09,Q09,做多,403,0.006488285836529044,0.12280056467272016
修正前,2025-04-10,Q09,做多,614,-0.00020726988053812754,0.12256784193381232
修正前,2025-04-11,Q09,做多,575,0.0025152588831437953,0.12539139067016802
修正前,2025-04-14,Q09,做多,215,0.0000582019081521985,0.12545689059652299
修正前,2025-04-15,Q09,做多,554,-0.00040801527396624906,0.12499768699496894
修正前,2025-04-16,Q09,做多,89,0.0033253591487725693,0.12873870834576562
修正前,2025-04-17,Q09,做多,95,-0.0008321051473965206,0.12779947905648537
修正前,2025-04-18,Q09,做多,123,0.004249762378789663,0.13259235885339815
修正前,2025-04-21,Q09,做多,318,0.0007535425624063802,0.13344581540165046
修正前,2025-04-22,Q09,做多,167,-0.00020267693664840963,0.13321609207592777
修正前,2025-04-23,Q09,做多,121,0.00129576463202156,0.13468447340847733
修正前,2025-04-24,Q09,做多,504,0.0005298982325242947,0.13528574070540933
修正前,2025-04-25,Q09,做多,93,-0.004929114805480655,0.12968978695244715
修正前,2025-04-28,Q09,做多,1018,0.00021434275896480804,0.12993192777815676
修正前,2025-04-29,Q09,做多,430,0.0008036349064600789,0.1308399805172431
修正前,2025-04-30,Q09,做多,277,0.00001944460429499995,0.13086196925318516
修正前,2025-05-06,Q09,做多,204,0.0016890665329614707,0.13277207035884953
修正前,2025-05-07,Q09,做多,182,0.00048548728603406573,0.1333220167969833
修正前,2025-05-08,Q09,做多,206,-0.0014369725951166525,0.13169346411740368
修正前,2025-05-09,Q09,做多,713,-0.00013776373169675527,0.13153755780265008
修正前,2025-05-12,Q09,做多,110,-0.0012286082170744935,0.13014734146120532
修正前,2025-05-13,Q09,做多,48,0.00135192263587669,0.13167521323400266
修正前,2025-05-14,Q09,做多,164,-0.0020802167443723257,0.12932108350624216
修正前,2025-05-15,Q09,做多,186,0.00037983141632022094,0.12975003513287064
修正前,2025-05-16,Q09,做多,49,-0.002117457342638791,0.12735783762563213
修正前,2025-05-19,Q09,做多,193,0.0004589898177224134,0.12787528339403198
修正前,2025-05-20,Q09,做多,12,0.00028833293860467773,0.12820048698887265
修正前,2025-05-21,Q09,做多,55,-0.0014316498378651556,0.1265852989445957
修正前,2025-05-22,Q09,做多,143,0.00018975804854486417,0.1267990775724428
修正前,2025-05-23,Q09,做多,246,-0.003756955759122431,0.12256574328858316
修正前,2025-05-26,Q09,做多,121,-0.0010168546793789003,0.12142425705960957
修正前,2025-05-27,Q09,做多,89,-0.00015527049352263175,0.12125013296176768
修正前,2025-05-28,Q09,做多,185,0.003347772969927236,0.1250038238494242
修正前,2025-05-29,Q09,做多,249,-0.0010930800107815004,0.12377410465752181
修正前,2025-05-30,Q09,做多,522,-0.00031299627502365225,0.12342236754879599
修正前,2025-06-03,Q09,做多,121,0.003620232659399756,0.12748941789409618
修正前,2025-06-04,Q09,做多,90,-0.0007157569723252285,0.1266824094820156
修正前,2025-06-05,Q09,做多,193,0.0015954045423365638,0.1284799237158738
修正前,2025-06-06,Q09,做多,575,0.0005365565009971919,0.12908541695518827
修正前,2025-06-09,Q09,做多,532,0.0006357295704602668,0.12980320994232208
修正前,2025-06-10,Q09,做多,762,-0.00003992904667721773,0.12975809797721616
修正前,2025-06-11,Q09,做多,278,-0.0011192597377767473,0.12849360522472297
修正前,2025-06-12,Q09,做多,612,-0.0002576230415774131,0.12820287926974427
修正前,2025-06-13,Q09,做多,47,-0.002638513042759943,0.12522610125791167
修正前,2025-06-16,Q09,做多,38,0.00020159637202404586,0.12545294275763208
修正前,2025-06-17,Q09,做多,28,0.0019148042630539358,0.12760796485029102
修正前,2025-06-18,Q09,做多,11,-0.00042094254538162863,0.12713330668337441
修正前,2025-06-19,Q09,做多,17,0.002312138915037983,0.12973939546419255
修正前,2025-06-20,Q09,做多,58,-0.0024374342949535087,0.12698572991732804
修正前,2025-06-23,Q09,做多,377,0.0014371471788522056,0.12860537427968532
修正前,2025-06-24,Q09,做多,259,0.002062290611766318,0.13093288654745128
修正前,2025-06-25,Q09,做多,171,0.00036826724243045335,0.13134937208295416
修正前,2025-06-26,Q09,做多,193,0.0006257655960688648,0.13205733159713784
修正前,2025-06-27,Q09,做多,684,-0.0016466727280863003,0.13019320366256681
修正前,2025-06-30,Q09,做多,571,0.00011899672607431921,0.1303276929536341
修正前,2025-07-01,Q09,做多,308,-0.00019748526440932214,0.13010446989032198
修正前,2025-07-02,Q09,做多,125,0.0014582742344064173,0.13175247212095065
修正前,2025-07-03,Q09,做多,70,-0.0014051595859720172,0.13016217928580232
修正前,2025-07-04,Q09,做多,714,-0.0013401814369744108,0.12864755691235286
修正前,2025-07-07,Q09,做多,658,0.0009844833609507306,0.12975869165251064
修正前,2025-07-08,Q09,做多,205,0.0007979203142983862,0.1306601490628354
修正前,2025-07-09,Q09,做多,231,-0.0006128848115591034,0.12996718463043977
修正前,2025-07-10,Q09,做多,377,-0.0001809821705250823,0.12976268071674313
修正前,2025-07-11,Q09,做多,821,0.00036327672086761164,0.13017309719875247
修正前,2025-07-14,Q09,做多,245,0.0002483461773538563,0.13045377136719005
修正前,2025-07-15,Q09,做多,70,0.0016874149614263193,0.13236131597419587
修正前,2025-07-16,Q09,做多,23,0.0035047743180969164,0.1363299868332286
修正前,2025-07-17,Q09,做多,136,0.0032454494633330955,0.14001788837916584
修正前,2025-07-18,Q09,做多,169,0.0004345462934342048,0.14051327892700982
修正前,2025-07-21,Q09,做多,477,-0.000297332846720845,0.14017416686706352
修正前,2025-07-22,Q09,做多,184,0.00365831995286894,0.14434528877145913
修正前,2025-07-23,Q09,做多,148,0.0008620391030293635,0.14533175915774765
修正前,2025-07-24,Q09,做多,404,0.0006488118533840438,0.14607486397914649
修正前,2025-07-25,Q09,做多,487,0.00043934149410661326,0.14657838222224506
修正前,2025-07-28,Q09,做多,240,0.0008806084071162938,0.1475880687850477
修正前,2025-07-29,Q09,做多,222,0.0012502579407196576,0.14902284988072134
修正前,2025-07-30,Q09,做多,213,-0.0012240131151495708,0.1476164308428609
修正前,2025-07-31,Q09,做多,496,-0.0020513757144359963,0.14526223836714203
修正前,2025-08-01,Q09,做多,731,-0.00010650554457108462,0.14514026158876803
修正前,2025-08-04,Q09,做多,303,0.0021057435107482143,0.14755163326350496
修正前,2025-08-05,Q09,做多,43,0.0004257029603502096,0.14804014939094
修正前,2025-08-06,Q09,做多,74,0.0009726470668553973,0.14915678727487736
修正前,2025-08-07,Q09,做多,355,0.0006129347117807106,0.14986114535907658
修正前,2025-08-08,Q09,做多,775,0.0005126969924059531,0.1504506757099866
修正前,2025-08-11,Q09,做多,748,0.0006698680518920956,0.15122132586292247
修正前,2025-08-12,Q09,做多,449,0.0011342845274402396,0.15252713840050802
修正前,2025-08-13,Q09,做多,232,0.0018115417107984631,0.15461498938454765
修正前,2025-08-14,Q09,做多,417,0.0001391033041142977,0.15477560014455083
修正前,2025-08-15,Q09,做多,367,0.0013805800887425916,0.15636986034507605
修正前,2025-08-18,Q09,做多,477,0.0016306521945319502,0.15825549739553835
修正前,2025-08-19,Q09,做多,333,-0.0010625493517430434,0.1570247937676279
修正前,2025-08-20,Q09,做多,411,0.0042187107316424164,0.16190594668187175
修正前,2025-08-21,Q09,做多,120,-0.0023504542192919566,0.159174939947073
修正前,2025-08-22,Q09,做多,325,0.005041618538827886,0.16501905781405468
修正前,2025-08-25,Q09,做多,372,-0.0004598009570722214,0.16448338093626447
修正前,2025-08-26,Q09,做多,106,0.0030703252603690896,0.16805872367603292
修正前,2025-08-27,Q09,做多,297,-0.005113070289195149,0.1620863573199698
修正前,2025-08-28,Q09,做多,511,0.0008450347659928855,0.16306836069299124
修正前,2025-08-29,Q09,做多,270,-0.00041308955595822125,0.16258790930032352
修正前,2025-09-01,Q09,做多,55,0.000053748429160226475,0.1626503965742092
修正前,2025-09-02,Q09,做多,444,-0.00034574049406220584,0.16224842125167593
修正前,2025-09-03,Q09,做多,623,-0.0006766574218267325,0.16146197723142963
修正前,2025-09-04,Q09,做多,528,-0.002006558512052283,0.15913143581459077
修正前,2025-09-05,Q09,做多,116,0.004189902520387289,0.16398808353897043
修正前,2025-09-08,Q09,做多,114,-0.003343806133591243,0.16009593304580583
修正前,2025-09-09,Q09,做多,520,-0.0007761702155011545,0.15919550113545178
修正前,2025-09-10,Q09,做多,193,0.0019178406040680624,0.16141865333558236
修正前,2025-09-11,Q09,做多,402,0.003393578563227312,0.16536001878047424
修正前,2025-09-12,Q09,做多,437,-0.00014239257310675105,0.16519408016880432
修正前,2025-09-15,Q09,做多,247,0.0008846647864784281,0.1662248863409428
修正前,2025-09-16,Q09,做多,49,0.004268801520826242,0.17120326890938053
修正前,2025-09-17,Q09,做多,55,0.0018376515523414127,0.17335553241459922
修正前,2025-09-18,Q09,做多,235,-0.00390498839960275,0.1687735926719105
修正前,2025-09-19,Q09,做多,296,-0.0015143302293807027,0.16700368348922545
修正前,2025-09-22,Q09,做多,150,0.00015475744449455913,0.16718428599699808
修正前,2025-09-23,Q09,做多,56,0.0049402519902547026,0.17295047048888867
修正前,2025-09-24,Q09,做多,173,0.0010276988334247219,0.17415591031907507
修正前,2025-09-25,Q09,做多,84,-0.002457497464222667,0.17127042514686397
修正前,2025-09-26,Q09,做多,417,-0.00034203841197514505,0.17086980567065324
修正前,2025-09-29,Q09,做多,356,0.0032506265130670337,0.17467586610431574
修正前,2025-09-30,Q09,做多,163,0.001368025476787885,0.1762828526161142
修正前,2025-10-09,Q09,做多,263,-0.0024821461272036866,0.1733631466889971
修正前,2025-10-10,Q09,做多,626,-0.003053727953004428,0.16978001484892769
修正前,2025-10-13,Q09,做多,787,0.0032611812682783294,0.17359487952135932
修正前,2025-10-14,Q09,做多,241,0.0006152188606585348,0.17431689722601318
修正前,2025-10-15,Q09,做多,142,0.0016043571900091836,0.1762009209834272
修正前,2025-10-16,Q09,做多,20,-0.0036285522903199306,0.17193301443771647
修正前,2025-10-17,Q09,做多,148,0.007440705078683882,0.18065302237012038
修正前,2025-10-20,Q09,做多,189,0.004928436436645425,0.18647179574460493
修正前,2025-10-21,Q09,做多,111,-0.00011240019865671218,0.18633843607906275
修正前,2025-10-22,Q09,做多,126,-0.004158520018545604,0.18140502394385805
修正前,2025-10-23,Q09,做多,82,0.010057427057224075,0.1932869187972115
修正前,2025-10-24,Q09,做多,130,0.0010344425018187255,0.1945213055028796
修正前,2025-10-27,Q09,做多,206,-0.0020528156218664025,0.19206917350629094
修正前,2025-10-28,Q09,做多,315,0.0011370323293372095,0.19342459469537387
修正前,2025-10-29,Q09,做多,77,0.000895146673428826,0.19449288475130366
修正前,2025-10-30,Q09,做多,256,0.00236688055198897,0.1973201067297108
修正前,2025-10-31,Q09,做多,583,-0.0014131461242709558,0.19562811846137418
修正前,2025-11-03,Q09,做多,735,-0.0002977537751014884,0.19527211567548486
修正前,2025-11-04,Q09,做多,704,-0.0014110932377284578,0.19358547527580972
修正前,2025-11-05,Q09,做多,199,0.002307567569069171,0.19633975440946805
修正前,2025-11-06,Q09,做多,69,-0.0016107993740107581,0.19441269108196102
修正前,2025-11-07,Q09,做多,586,0.0007549427825445588,0.19531440432247305
修正前,2025-11-10,Q09,做多,769,-0.00011149963069522768,0.19518112720782632
修正前,2025-11-11,Q09,做多,223,-0.0008345544335779247,0.19418368349918635
修正前,2025-11-12,Q09,做多,366,0.0008290002740610024,0.19517366210008635
修正前,2025-11-13,Q09,做多,143,-0.0005903309081388813,0.19446811414675524
修正前,2025-11-14,Q09,做多,174,-0.003866408430722317,0.18984981255998923
修正前,2025-11-17,Q09,做多,129,-0.002862125854638483,0.1864443126483244
修正前,2025-11-18,Q09,做多,117,0.001228577493188473,0.18790195142776556
修正前,2025-11-19,Q09,做多,63,0.0024104397631913702,0.1907653175262598
修正前,2025-11-20,Q09,做多,4,-0.005030580912716687,0.18477507624838707
修正前,2025-11-21,Q09,做多,157,-0.0019253758182226396,0.18249393896654564
修正前,2025-11-24,Q09,做多,323,0.0007705092127588088,0.1834050614405507
修正前,2025-11-25,Q09,做多,275,0.0010547606575710233,0.18465327054132863
修正前,2025-11-26,Q09,做多,83,0.005782583303621925,0.19150362676414212
修正前,2025-11-27,Q09,做多,327,-0.002076581059285094,0.18902937290073418
修正前,2025-11-28,Q09,做多,643,0.0017075432809222741,0.19105969201725026
修正前,2025-12-01,Q09,做多,248,-0.000697996793127048,0.19022833617179935
修正前,2025-12-02,Q09,做多,384,0.00003898393205759021,0.19027473595238975
修正前,2025-12-03,Q09,做多,360,0.0014062425833395132,0.19194855097195918
修正前,2025-12-04,Q09,做多,141,-0.002914309812914448,0.18847484361337252
修正前,2025-12-05,Q09,做多,130,0.0034020334778548343,0.19251807481893346
修正前,2025-12-08,Q09,做多,440,-0.0003076184505971469,0.19215123425644864
修正前,2025-12-09,Q09,做多,430,-0.0015604821931256717,0.19029090348387867
修正前,2025-12-10,Q09,做多,251,0.00040193844466716926,0.1907693271583264
修正前,2025-12-11,Q09,做多,125,-0.0006426334854040761,0.19000409891530246
修正前,2025-12-12,Q09,做多,372,-0.0006314722796005103,0.1892526443142264
修正前,2025-12-15,Q09,做多,158,-0.001509503894201863,0.18745746281644426
修正前,2025-12-16,Q09,做多,118,0.00023484161368487856,0.18773632724319422
修正前,2025-12-17,Q09,做多,181,-0.00011600050527312361,0.1875985492291028
修正前,2025-12-18,Q09,做多,116,0.0010114384805751013,0.18879973210126821
修正前,2025-12-19,Q09,做多,176,0.006533688899563375,0.19656697971470205
修正前,2025-12-22,Q09,做多,195,0.00027730215722560666,0.19689879031944169
修正前,2025-12-23,Q09,做多,370,0.000668164046756165,0.19769851505873892
修正前,2025-12-24,Q09,做多,240,0.0004600280826631812,0.19824949001023007
修正前,2025-12-25,Q09,做多,215,0.0013159339394363532,0.19982630718204697
修正前,2025-12-26,Q09,做多,287,0.0003075354320429329,0.20019529628380273
修正前,2025-12-29,Q09,做多,511,-0.00008690209424440064,0.2000909967990534
修正前,2025-12-30,Q09,做多,403,0.0002727832406822525,0.20041836151027392
修正前,2025-12-31,Q09,做多,353,0.000523965603572578,0.20104733944160214
修正前,2026-01-05,Q09,做多,814,0.002352478365910719,0.20387277732407316
修正前,2026-01-06,Q09,做多,683,0.0010009179515976323,0.2050777551983367
修正前,2026-01-07,Q09,做多,253,-0.00042124064786455375,0.20457012746400993
修正前,2026-01-08,Q09,做多,483,-0.000586303029906602,0.20386388434854275
修正前,2026-01-09,Q09,做多,517,0.0007073208448400868,0.20471540236829266
修正前,2026-01-12,Q09,做多,493,0.001173522247101562,0.20612916269439796
修正前,2026-01-13,Q09,做多,430,0.00019543561834008108,0.2063648832931071
修正前,2026-01-14,Q09,做多,338,-0.005050226730778786,0.2002724671124274
修正前,2026-01-15,Q09,做多,421,0.0030810693444216415,0.20397058981580085
修正前,2026-01-16,Q09,做多,41,0.002430267152149321,0.206896559992384
修正前,2026-01-19,Q09,做多,317,-0.0003520833630284092,0.20647163179271444
修正前,2026-01-20,Q09,做多,156,0.004385122179370135,0.21176215730406933
修正前,2026-01-21,Q09,做多,229,0.0015526148566782883,0.21364355723226014
修正前,2026-01-22,Q09,做多,55,0.001396078339629722,0.21533789871454312
修正前,2026-01-23,Q09,做多,231,0.00012319911930516557,0.21548762727332282
修正前,2026-01-26,Q09,做多,493,-0.0021427574199241817,0.21288313214115684
修正前,2026-01-27,Q09,做多,397,-0.0006998385632816339,0.2120343097525308
修正前,2026-01-28,Q09,做多,155,0.00013353580664355127,0.21219615973176342
修正前,2026-01-29,Q09,做多,125,-0.0019197368981549517,0.20986906203612454
修正前,2026-01-30,Q09,做多,375,-0.005319211697070083,0.20343351236941887
修正前,2026-02-02,Q09,做多,485,-0.00407623139944542,0.1985280388991537
修正前,2026-02-03,Q09,做多,420,0.0003920277394562228,0.19899789513691823
修正前,2026-02-04,Q09,做多,88,-0.004323137349977266,0.19381446255390777
修正前,2026-02-05,Q09,做多,157,-0.0023067678236315444,0.1910606097643024
修正前,2026-02-06,Q09,做多,248,0.006062531398759846,0.19828145210882453
修正前,2026-02-09,Q09,做多,750,0.0012041021232143975,0.19972430534951702
修正前,2026-02-10,Q09,做多,475,0.0008708049376927145,0.20076903119848533
修正前,2026-02-11,Q09,做多,344,0.00013269578199089115,0.20092836818407078
修正前,2026-02-12,Q09,做多,586,-0.0003703483209746154,0.20048360637930296
修正前,2026-02-13,Q09,做多,386,-0.0005913938402106721,0.19977364776921624
修正前,2026-02-24,Q09,做多,130,0.0029339725885970088,0.20329375076429224
修正前,2026-02-25,Q09,做多,356,-0.00006333291293833937,0.20321754266593572
修正前,2026-02-26,Q09,做多,508,-0.0004849940569114351,0.20263398930857113
修正前,2026-02-27,Q09,做多,365,0.001474570616358518,0.2044073580514396
修正前,2026-03-02,Q09,做多,574,-0.00036142486606411517,0.20397205528336926
修正前,2026-03-03,Q09,做多,347,-0.0027145047848634485,0.2007038673784607
修正前,2026-03-04,Q09,做多,381,0.0003782996704141619,0.20115809325575507
修正前,2026-03-05,Q09,做多,90,0.0036313057762324915,0.2055198655779631
修正前,2026-03-06,Q09,做多,195,-0.011270414759788905,0.1919331566917346
修正前,2026-03-09,Q09,做多,156,0.004237025468309861,0.19698340783316048
修正前,2026-03-10,Q09,做多,107,-0.0005734619536550246,0.19629698338961177
修正前,2026-03-11,Q09,做多,186,-0.0003679357658315454,0.19585682294286633
修正前,2026-03-12,Q09,做多,521,-0.0012695571947884173,0.1943386143093624
修正前,2026-03-13,Q09,做多,338,-0.0004851048177808813,0.1937592348934991
修正前,2026-03-16,Q09,做多,77,-0.0011647894501144842,0.1923687567307184
修正前,2026-03-17,Q09,做多,127,-0.0009290516392193097,0.19126098458272378
修正前,2026-03-18,Q09,做多,236,-0.004721239201159224,0.18563675652350042
修正前,2026-03-19,Q09,做多,88,0.006268046196716817,0.19306838248591518
修正前,2026-03-20,Q09,做多,67,-0.018521234726727898,0.1709712829288561
修正前,2026-03-23,Q09,做多,130,0.005767747295333091,0.17772514937888162
修正前,2026-03-24,Q09,做多,126,0.011098283065953255,0.19079587646058038
修正前,2026-03-25,Q09,做多,167,-0.0019319006171712545,0.1884953771719211
修正前,2026-03-26,Q09,做多,266,-0.0025925421699648176,0.1854141527877946
修正前,2026-03-27,Q09,做多,283,-0.005005262769087051,0.17948084346289694
修正前,2026-03-30,Q09,做多,392,0.0009969855498044979,0.18065676882010062
修正前,2026-03-31,Q09,做多,270,-0.003057741399384718,0.1770466257396155
修正前,2026-04-01,Q09,做多,208,-0.0025210249134838356,0.1740792618717939
修正前,2026-04-02,Q09,做多,712,-0.001604218146726095,0.17219578261420443
修正前,2026-04-03,Q09,做多,914,-0.0006625680125859021,0.1714191231841562
修正前,2026-04-07,Q09,做多,205,0.009410097465457156,0.18244229130621958
修正前,2026-04-08,Q09,做多,478,0.0007911903104975247,0.1833778281898235
修正前,2026-04-09,Q09,做多,357,-0.00020817726592814383,0.18313147582899103
修正前,2026-04-10,Q09,做多,514,-0.0013533896563088512,0.18153023792755074
修正前,2026-04-13,Q09,做多,496,0.0018303799254006721,0.18369288715630727
修正前,2026-04-14,Q09,做多,25,-0.0010905370506225154,0.18240202620630486
修正前,2026-04-15,Q09,做多,273,-0.00003002432384117781,0.18236652538495957
修正前,2026-04-16,Q09,做多,392,0.00022081568019474414,0.18262761045350207
修正前,2026-04-17,Q09,做多,219,0.0008050600340393596,0.1835796966778298
修正前,2026-04-20,Q09,做多,30,0.001234897111620133,0.18504129582662943
修正前,2026-04-21,Q09,做多,132,0.001443048383600509,0.18675136775307188
修正前,2026-04-22,Q09,做多,219,0.000904771870716922,0.18782510700814958
修正前,2026-04-23,Q09,做多,426,-0.0007947418951841252,0.18688109263145858
修正前,2026-04-24,Q09,做多,280,-0.0015972435148017081,0.18498535450341214
修正前,2026-04-27,Q09,做多,136,-0.0007452596518145155,0.18410223273070958
修正前,2026-04-28,Q09,做多,565,-0.00003643138132295551,0.18405909425074363
修正前,2026-04-29,Q09,做多,452,0.00107611181414766,0.18533327423071566
修正前,2026-04-30,Q09,做多,204,0.005402085542318316,0.19173654597426615
修正前,2026-05-06,Q09,做多,397,0.0010970652895568758,0.19304395877315073
修正前,2026-05-07,Q09,做多,350,0.000593397076824788,0.1937519075708103
修正前,2026-05-08,Q09,做多,723,0.00009720461386670378,0.19386794576403843
修正前,2026-05-11,Q09,做多,239,-0.0014126058665158278,0.19218148090000686
修正前,2026-05-12,Q09,做多,387,0.00113064465638094,0.19352941452082284
修正前,2026-05-13,Q09,做多,345,-0.00041801744971409156,0.19303049839880626
修正前,2026-05-14,Q09,做多,335,-0.0036713404531865173,0.18865047726814943
修正前,2026-05-15,Q09,做多,275,-0.0008243291156197136,0.18767063807144213
修正前,2026-05-18,Q09,做多,318,0.0020458752025100373,0.1901004639786219
修正前,2026-05-19,Q09,做多,216,0.00021697040065865386,0.19035868055311544
修正前,2026-05-20,Q09,做多,34,-0.0015350114515647018,0.18853146634699702
修正前,2026-05-21,Q09,做多,119,-0.002218216740547781,0.18589504595167838
修正前,2026-05-22,Q09,做多,233,0.0021130155571397894,0.18840086063290928
修正前,2026-05-25,Q09,做多,198,-0.001186017797472875,0.1869913960616667
修正前,2026-05-26,Q09,做多,163,0.005201241196062847,0.1931652246102349
修正前,2026-05-27,Q09,做多,167,-0.001288900306953039,0.19162735358598915
修正前,2026-05-28,Q09,做多,663,0.00047376908724590275,0.19219190978963474
修正前,2026-05-29,Q09,做多,105,0.0014519689887362932,0.19392293547127148
修正前,2026-06-01,Q09,做多,642,0.0009914675097249283,0.19510667127090664
修正前,2026-06-02,Q09,做多,596,0.0013707690697824333,0.19674488653097533
修正前,2026-06-03,Q09,做多,234,-0.0018959885216886466,0.1944758719627231
修正前,2026-06-04,Q09,做多,716,-0.0005478990211669149,0.19382141980166723
修正前,2026-06-05,Q09,做多,318,-0.00444600725709479,0.1885136811055539
修正前,2026-06-08,Q09,做多,216,-0.0006089510762750353,0.18778993442027714
修正前,2026-06-09,Q09,做多,142,-0.0009799186013430738,0.1866259969690507
修正前,2026-06-10,Q09,做多,255,-0.0003220326577837684,0.1862438646454514
修正前,2026-06-11,Q09,做多,78,0.002021503379439356,0.18864186062667132
修正前,2026-06-12,Q09,做多,516,0.0030830863232942872,0.1923065460904645
修正前,2026-06-15,Q09,做多,203,-0.0005544530903637952,0.19164546804132354
修正前,2026-06-16,Q09,做多,262,0.00011140654959219582,0.1917782251512552
修正前,2026-06-17,Q09,做多,304,0.003468589276604019,0.195912014323105
修正前,2026-06-18,Q09,做多,239,0.001960726372976656,0.19825687054934793
修正前,2026-06-22,Q09,做多,410,0.0025110936562558026,0.20126580577554942
修正前,2026-06-23,Q09,做多,713,-0.001420804929396774,0.19955904139718772
修正前,2026-06-24,Q09,做多,353,0.002510648350781148,0.202570712326136
修正前,2026-06-25,Q09,做多,100,-0.003970035428792471,0.1977964639925731
修正前,2026-06-26,Q09,做多,37,0.0033716777044803066,0.20183504762472215
修正前,2026-06-29,Q09,做多,423,0.00041352219345506576,0.2023320330897871
修正前,2026-06-30,Q09,做多,536,0.0030561665700330576,0.20600656005539597
修正前,2024-02-01,Q10,做多,850,0.004090014322385233,0.004090014322385205
修正前,2024-02-02,Q10,做多,855,-0.01028426900204429,-0.006236317487172682
修正前,2024-02-05,Q10,做多,316,0.00667025680441735,0.00039234147809130704
修正前,2024-02-06,Q10,做多,927,0.009607910435956366,0.010004021495829463
修正前,2024-02-07,Q10,做多,442,0.01608335211751503,0.026248271813652968
修正前,2024-02-08,Q10,做多,318,-0.0008219087768973726,0.025404789351773482
修正前,2024-02-19,Q10,做多,490,-0.00003909137570245752,0.025364704867905763
修正前,2024-02-20,Q10,做多,59,8.512834152127853e-6,0.025373433627583708
修正前,2024-02-21,Q10,做多,1121,0.0018493651809158588,0.0272697235531707
修正前,2024-02-22,Q10,做多,339,0.0023556899401566333,0.029689652506772468
修正前,2024-02-23,Q10,做多,169,0.0006639813229046589,0.030373347204424972
修正前,2024-02-26,Q10,做多,333,-0.004283389795424561,0.025959856523532165
修正前,2024-02-27,Q10,做多,389,0.007362026663817008,0.03351300034326421
修正前,2024-02-28,Q10,做多,899,-0.0014184362295374287,0.03204702805987947
修正前,2024-02-29,Q10,做多,767,0.0021426349733854465,0.03425832811637908
修正前,2024-03-01,Q10,做多,626,0.0008748410111290407,0.03516313971791707
修正前,2024-03-04,Q10,做多,271,0.0013491844649815836,0.036559765744746064
修正前,2024-03-05,Q10,做多,225,-0.0008168544457455735,0.03571304729181657
修正前,2024-03-06,Q10,做多,360,0.0027269328215273466,0.03853736719416068
修正前,2024-03-07,Q10,做多,229,0.0008765151517061053,0.039447660932119266
修正前,2024-03-08,Q10,做多,97,0.00014579145871036802,0.039599203522859616
修正前,2024-03-11,Q10,做多,263,0.007347299766942802,0.04723745050861705
修正前,2024-03-12,Q10,做多,360,-0.0017436533195602049,0.04541143145167004
修正前,2024-03-13,Q10,做多,280,0.002890344163798935,0.04843303028133494
修正前,2024-03-14,Q10,做多,123,0.0001930576583869354,0.04863543830713657
修正前,2024-03-15,Q10,做多,172,0.005295104246807717,0.05418807226986977
修正前,2024-03-18,Q10,做多,245,0.0005233252163393166,0.054739755470852636
修正前,2024-03-19,Q10,做多,160,0.0014602685743511756,0.056279958789885676
修正前,2024-03-20,Q10,做多,180,0.003798931596490244,0.060292694100071875
修正前,2024-03-21,Q10,做多,83,0.0011611076778239929,0.06152380808793212
修正前,2024-03-22,Q10,做多,5,-0.004717101203277707,0.05651649285549265
修正前,2024-03-25,Q10,做多,438,0.00008942506359096725,0.056610971910051155
修正前,2024-03-26,Q10,做多,177,-0.008938942284791567,0.04716598741466971
修正前,2024-03-27,Q10,做多,264,-0.0008983566646927075,0.04622525887083628
修正前,2024-03-28,Q10,做多,521,0.002313603744475661,0.048645809547325
修正前,2024-03-29,Q10,做多,249,0.010296073854403794,0.05944274424953533
修正前,2024-04-01,Q10,做多,907,0.0016282320134104907,0.061167762842097906
修正前,2024-04-02,Q10,做多,673,0.000026635528249506263,0.061196027606022385
修正前,2024-04-03,Q10,做多,241,-0.00046725335559436737,0.060700180201179954
修正前,2024-04-08,Q10,做多,298,-0.00045808739130294977,0.060214286822677154
修正前,2024-04-09,Q10,做多,67,-0.0037751281359224274,0.05621184203838592
修正前,2024-04-10,Q10,做多,258,-0.0017213847452010726,0.054393695085800164
修正前,2024-04-11,Q10,做多,300,-0.00043124802331779693,0.0539389898889957
修正前,2024-04-12,Q10,做多,48,0.0022368092189329523,0.05629645033777231
修正前,2024-04-15,Q10,做多,379,-0.00265398016662136,0.05349306050850333
修正前,2024-04-16,Q10,做多,420,0.006436307259394068,0.06027366554157543
修正前,2024-04-17,Q10,做多,508,0.0007633157072088193,0.061082989084423334
修正前,2024-04-18,Q10,做多,399,-0.0021127512824424322,0.05884118463845733
修正前,2024-04-19,Q10,做多,66,-0.0010570254305617489,0.05772196257936835
修正前,2024-04-22,Q10,做多,164,0.0017348811557650794,0.059556984480286124
修正前,2024-04-23,Q10,做多,276,-0.0006605252499576782,0.058857120338267954
修正前,2024-04-24,Q10,做多,40,-0.0019875519399647603,0.056752586814594164
修正前,2024-04-25,Q10,做多,128,0.007063906999974279,0.06421738880983474
修正前,2024-04-26,Q10,做多,335,0.004884385858417433,0.06941543717401921
修正前,2024-04-29,Q10,做多,391,0.0005419005104035432,0.06999495394525712
修正前,2024-04-30,Q10,做多,1400,0.003516079391145987,0.07375714115145415
修正前,2024-05-06,Q10,做多,85,-0.0008275035859910798,0.07286860326666789
修正前,2024-05-07,Q10,做多,363,0.000018838194316203676,0.07288881417389192
修正前,2024-05-08,Q10,做多,612,0.0035066445207596986,0.0766510538554992
修正前,2024-05-09,Q10,做多,38,-0.00018671980978979263,0.0764500217755133
修正前,2024-05-10,Q10,做多,22,-0.01150849604957991,0.06406170095233965
修正前,2024-05-13,Q10,做多,431,0.003471352629056765,0.0677554343354192
修正前,2024-05-14,Q10,做多,25,-0.0026453820941969752,0.06493081322844674
修正前,2024-05-15,Q10,做多,267,0.0037552103803432913,0.06892985247262962
修正前,2024-05-16,Q10,做多,248,0.004556680273649803,0.07380062404530707
修正前,2024-05-17,Q10,做多,113,0.009378753023518793,0.08387153489472832
修正前,2024-05-20,Q10,做多,582,-0.0015142912206417421,0.08223023774513383
修正前,2024-05-21,Q10,做多,161,0.001879305451597168,0.08426407893081156
修正前,2024-05-22,Q10,做多,11,-0.007362753322178667,0.07628090998154469
修正前,2024-05-23,Q10,做多,328,0.003409497704302428,0.07995048727331122
修正前,2024-05-24,Q10,做多,50,-0.0029802373491111213,0.0767319784959486
修正前,2024-05-27,Q10,做多,74,-0.0032517042469604545,0.0732307645486352
修正前,2024-05-28,Q10,做多,263,0.00609855176641928,0.07977591792354888
修正前,2024-05-29,Q10,做多,239,-0.00009491914776034525,0.0796734265136474
修正前,2024-05-30,Q10,做多,275,0.0055765131684231825,0.08569423959419731
修正前,2024-05-31,Q10,做多,285,-0.0022938157251286484,0.08320385707473443
修正前,2024-06-03,Q10,做多,373,0.0006981030190988518,0.08396004495765785
修正前,2024-06-04,Q10,做多,70,0.0010441041255294945,0.08509181211250727
修正前,2024-06-05,Q10,做多,95,0.0024082080312119183,0.08770493892903897
修正前,2024-06-06,Q10,做多,158,0.00391245641477798,0.0919605370947374
修正前,2024-06-07,Q10,做多,41,0.004130739542632931,0.09647114166430937
修正前,2024-06-11,Q10,做多,149,-0.0005276236866640658,0.09589261751822376
修正前,2024-06-13,Q10,做多,99,-0.0029206833895648633,0.09269186215349157
修正前,2024-06-14,Q10,做多,42,-0.002309647360691867,0.0901681292780192
修正前,2024-06-17,Q10,做多,178,0.0012110080107059944,0.09148833161559122
修正前,2024-06-18,Q10,做多,91,0.0010643211815197272,0.09265002576631143
修正前,2024-06-19,Q10,做多,120,-0.0005907125761950738,0.09200458365471142
修正前,2024-06-20,Q10,做多,35,0.0009949342958861962,0.09309105646625437
修正前,2024-06-21,Q10,做多,25,0.007755815237760544,0.10156886873825521
修正前,2024-06-24,Q10,做多,359,-0.0009395489243088934,0.10053389089257991
修正前,2024-06-25,Q10,做多,322,-0.0014346159583985118,0.09895504740994698
修正前,2024-06-26,Q10,做多,63,-0.004883869418076107,0.09358789446206117
修正前,2024-06-27,Q10,做多,224,-0.001047270073611019,0.09244261258732767
修正前,2024-06-28,Q10,做多,230,0.0005921191377084419,0.09308946876508895
修正前,2024-07-01,Q10,做多,336,0.0003428267401063966,0.0934642090643103
修正前,2024-07-02,Q10,做多,316,0.0001317406283271362,0.09360826272626577
修正前,2024-07-03,Q10,做多,67,0.0016900054312705534,0.09545646662995555
修正前,2024-07-04,Q10,做多,191,-0.002656452242325088,0.09254643884280678
修正前,2024-07-05,Q10,做多,44,0.002722013743054545,0.09552036526426222
修正前,2024-07-08,Q10,做多,265,0.003537641935073002,0.09939592404914754
修正前,2024-07-09,Q10,做多,303,-0.0007357787228234169,0.09858701192027342
修正前,2024-07-10,Q10,做多,79,0.0048032957886248425,0.103863850288068
修正前,2024-07-11,Q10,做多,183,0.0006081469842793211,0.1045351617596757
修正前,2024-07-12,Q10,做多,301,0.0014230658736077418,0.10610698805457552
修正前,2024-07-15,Q10,做多,236,0.00017624059289072787,0.10630192900595081
修正前,2024-07-16,Q10,做多,3,0.0007700705318711698,0.10715385952083056
修正前,2024-07-17,Q10,做多,104,-0.010886696884811569,0.09510061104737799
修正前,2024-07-18,Q10,做多,260,-0.0025588028820633414,0.09229846444768053
修正前,2024-07-19,Q10,做多,244,-0.001144707188583108,0.09104810254334894
修正前,2024-07-22,Q10,做多,118,-0.0028577891531868017,0.08793011711029552
修正前,2024-07-23,Q10,做多,212,-0.0027025372573401874,0.0849899454354226
修正前,2024-07-24,Q10,做多,353,-0.0020103048488040814,0.08280878488721011
修正前,2024-07-25,Q10,做多,294,0.007833836700129866,0.09129133208548246
修正前,2024-07-29,Q10,做多,179,-0.00693038894011842,0.08372825870715017
修正前,2024-07-30,Q10,做多,115,0.001953875761050174,0.08584572908340316
修正前,2024-07-31,Q10,做多,351,0.004534585176887236,0.09076958903089105
修正前,2024-08-01,Q10,做多,351,-0.00009373985275075946,0.09066734045023028
修正前,2024-08-02,Q10,做多,981,0.00015422356760548357,0.09083554705854535
修正前,2024-08-05,Q10,做多,447,0.002705560812381017,0.09378686896741906
修正前,2024-08-06,Q10,做多,23,-0.002524114603622128,0.09102602555820827
修正前,2024-08-07,Q10,做多,61,-0.005930912829782875,0.08455524530559799
修正前,2024-08-08,Q10,做多,5,-0.004332438297569752,0.07985647662500583
修正前,2024-08-09,Q10,做多,2,-0.0005328928236849606,0.07928102885800259
修正前,2024-08-12,Q10,做多,387,-0.000019348451572299504,0.07926014644128299
修正前,2024-08-13,Q10,做多,29,0.0017027581664573017,0.0810978654693677
修正前,2024-08-14,Q10,做多,148,0.0016160972419940565,0.08284502474807853
修正前,2024-08-15,Q10,做多,107,-0.0008682105382882651,0.08190488728625933
修正前,2024-08-19,Q10,做多,41,-0.005552198022331406,0.0758979371107178
修正前,2024-08-20,Q10,做多,206,0.0004360956846866632,0.07636713155825503
修正前,2024-08-21,Q10,做多,122,-0.0007327210254605562,0.0755784547298477
修正前,2024-08-22,Q10,做多,55,0.0009357492711305068,0.076584926484905
修正前,2024-08-23,Q10,做多,18,-0.0014008487729976575,0.07507679381161081
修正前,2024-08-26,Q10,做多,1,-0.004756998736411333,0.0699626548619039
修正前,2024-08-27,Q10,做多,205,-0.00022573926879686484,0.06972112227455551
修正前,2024-08-28,Q10,做多,113,0.0007504906986782892,0.07052393802700241
修正前,2024-08-29,Q10,做多,370,0.004189222515147727,0.07500860101118967
修正前,2024-08-30,Q10,做多,627,-0.005169967602924906,0.06945084137109614
修正前,2024-09-02,Q10,做多,818,-0.0010945169365708873,0.06828030931238538
修正前,2024-09-03,Q10,做多,509,-0.00027037815667348294,0.0679914696515429
修正前,2024-09-04,Q10,做多,375,0.002804584365260477,0.07098674182955911
修正前,2024-09-05,Q10,做多,6,0.0003077302632542948,0.07131631686156426
修正前,2024-09-06,Q10,做多,147,-0.0014006045825548192,0.06981582631880223
修正前,2024-09-09,Q10,做多,233,-0.001235262855106481,0.06849432256674559
修正前,2024-09-10,Q10,做多,53,0.0033452837038258055,0.07206873921165835
修正前,2024-09-11,Q10,做多,46,0.0016527630568421243,0.07384061481822268
修正前,2024-09-12,Q10,做多,1,0.0026245545595884323,0.07665896810011508
修正前,2024-09-18,Q10,做多,12,-0.0007200132901440762,0.07588375933413016
修正前,2024-09-19,Q10,做多,126,-0.0034155503059688876,0.0722090242307496
修正前,2024-09-20,Q10,做多,15,0.007216253768031796,0.07994635664197247
修正前,2024-09-23,Q10,做多,7,0.011976934570286955,0.09288080349489314
修正前,2024-09-24,Q10,做多,355,0.002623944523595487,0.09574846209416599
修正前,2024-09-25,Q10,做多,183,0.004557794609304761,0.1007426585278528
修正前,2024-09-26,Q10,做多,581,0.012629785252576325,0.11464480192340942
修正前,2024-09-27,Q10,做多,292,0.031290575205540426,0.14952267892545845
修正前,2024-09-30,Q10,做多,406,0.038616107979430526,0.1939127708196482
修正前,2024-10-08,Q10,做多,441,0.008837241177215696,0.20446366591993925
修正前,2024-10-09,Q10,做多,1475,-0.0032507155664359866,0.2005482971319268
修正前,2024-10-10,Q10,做多,885,-0.006396357935266622,0.19286916050489622
修正前,2024-10-11,Q10,做多,986,0.0007501492242747198,0.19376399038031034
修正前,2024-10-14,Q10,做多,461,-0.002944067305623384,0.19024946884560112
修正前,2024-10-15,Q10,做多,323,-0.0022546566354155707,0.18756586498286842
修正前,2024-10-16,Q10,做多,352,0.007582597221533599,0.19657069861107557
修正前,2024-10-17,Q10,做多,71,0.00033761258021859506,0.19697467593204765
修正前,2024-10-18,Q10,做多,773,0.0018534748367006262,0.19919323837405578
修正前,2024-10-21,Q10,做多,54,0.00464953840667106,0.20476893339289637
修正前,2024-10-22,Q10,做多,185,0.002245676723828797,0.2074744549442089
修正前,2024-10-23,Q10,做多,287,-0.0054811783363508835,0.20085607212007162
修正前,2024-10-24,Q10,做多,412,0.002557491087280194,0.20392725082162477
修正前,2024-10-25,Q10,做多,243,-0.0021629105020694603,0.201323263927095
修正前,2024-10-28,Q10,做多,131,0.006944943482468602,0.20966638609924337
修正前,2024-10-29,Q10,做多,448,0.0007763048364332852,0.21060545596524305
修正前,2024-10-30,Q10,做多,423,-0.0017618461332693156,0.20847255542373588
修正前,2024-10-31,Q10,做多,358,-0.0014390176228562522,0.20673354211974293
修正前,2024-11-01,Q10,做多,211,0.00005484542555492415,0.2067997259343919
修正前,2024-11-04,Q10,做多,156,0.0071605490699697,0.21544107458957118
修正前,2024-11-05,Q10,做多,817,0.003472617570822695,0.21966183662149041
修正前,2024-11-06,Q10,做多,1019,0.0009793283194751065,0.22085628599827678
修正前,2024-11-07,Q10,做多,863,0.007485438060588546,0.2299949301079971
修正前,2024-11-08,Q10,做多,452,0.0006288885625162464,0.23076845985149497
修正前,2024-11-11,Q10,做多,809,0.0017950061533499146,0.23297769681027725
修正前,2024-11-12,Q10,做多,551,-0.00021043669955927275,0.23271823305313033
修正前,2024-11-13,Q10,做多,440,0.0006426064050091637,0.23351038568526183
修正前,2024-11-14,Q10,做多,122,-0.000840725679750665,0.23247334182777712
修正前,2024-11-15,Q10,做多,262,-0.0034424287143948965,0.22823064020614292
修正前,2024-11-18,Q10,做多,380,0.006637207357370675,0.23638266164786725
修正前,2024-11-19,Q10,做多,262,0.0013338367104017573,0.23803179423007736
修正前,2024-11-20,Q10,做多,38,-0.000808028606307313,0.23703142912482145
修正前,2024-11-21,Q10,做多,32,0.00032930309998846496,0.23743878740921542
修正前,2024-11-22,Q10,做多,216,-0.0036259751851267304,0.2329518650729563
修正前,2024-11-25,Q10,做多,415,0.0013642289222646588,0.2346338936670489
修正前,2024-11-26,Q10,做多,277,-0.0044699994179235045,0.22911508088100851
修正前,2024-11-27,Q10,做多,256,0.005166844163227324,0.23546572696259327
修正前,2024-11-28,Q10,做多,363,-0.0014944858120450656,0.23361934096237968
修正前,2024-11-29,Q10,做多,692,0.0015298527526604268,0.23550659690688613
修正前,2024-12-02,Q10,做多,427,-0.0001847321125909095,0.23527835916311957
修正前,2024-12-03,Q10,做多,359,0.0020950059069819622,0.23786627462233323
修正前,2024-12-04,Q10,做多,500,0.0015890923037295578,0.23983335839238196
修正前,2024-12-05,Q10,做多,147,0.0021320558307026385,0.24247675233324184
修正前,2024-12-06,Q10,做多,504,-0.0016395672732941752,0.24043962811228736
修正前,2024-12-09,Q10,做多,177,-0.0009958439666784755,0.2392043437926028
修正前,2024-12-10,Q10,做多,592,0.001521219670400348,0.24108944581602576
修正前,2024-12-11,Q10,做多,552,-0.0006663413997307214,0.24026245653750955
修正前,2024-12-12,Q10,做多,149,0.0022695292138096863,0.24307726841541277
修正前,2024-12-13,Q10,做多,283,-0.0015935133227164954,0.24109640822702683
修正前,2024-12-16,Q10,做多,372,-0.00038579516023028485,0.24061759923935355
修正前,2024-12-17,Q10,做多,332,0.004186582652327632,0.24581154735850141
修正前,2024-12-18,Q10,做多,141,-0.003987716697486685,0.24084360384917813
修正前,2024-12-19,Q10,做多,72,-0.002663215183323094,0.23753897032327753
修正前,2024-12-20,Q10,做多,42,0.002770015002516586,0.24096697183727178
修正前,2024-12-23,Q10,做多,158,0.003342700305945038,0.24511515251369986
修正前,2024-12-24,Q10,做多,79,0.0035239769487724272,0.24950290960972543
修正前,2024-12-25,Q10,做多,151,0.0034737158632486063,0.2538433276880119
修正前,2024-12-26,Q10,做多,144,-0.001825170430998292,0.25155484992121124
修正前,2024-12-27,Q10,做多,290,0.0012185621244811798,0.25307994725803584
修正前,2024-12-30,Q10,做多,363,-0.0019846963280269595,0.2505929640879885
修正前,2024-12-31,Q10,做多,994,-0.0039114503482160145,0.24570133180313003
修正前,2025-01-02,Q10,做多,1335,-0.002962004190315414,0.24201155923844753
修正前,2025-01-03,Q10,做多,979,-0.00218079031579799,0.23930299245795106
修正前,2025-01-06,Q10,做多,351,0.004459094411548906,0.24482916150583622
修正前,2025-01-07,Q10,做多,57,0.0043110430227610965,0.2501956735770754
修正前,2025-01-08,Q10,做多,37,-0.004009962663985789,0.24518243560335473
修正前,2025-01-09,Q10,做多,36,-0.0004972628266841639,0.24456325266568912
修正前,2025-01-10,Q10,做多,37,-0.002678236619898156,0.24123001778662023
修正前,2025-01-13,Q10,做多,405,0.006207113681874169,0.24893447361237664
修正前,2025-01-14,Q10,做多,1132,0.0016426948072940533,0.2509860917868303
修正前,2025-01-15,Q10,做多,156,0.013991269088784555,0.26848897482334655
修正前,2025-01-16,Q10,做多,404,-0.0018299662312916318,0.2661676828346542
修正前,2025-01-17,Q10,做多,161,0.008760547958117742,0.2772600055431458
修正前,2025-01-20,Q10,做多,61,0.0007167338275781939,0.2781754609957312
修正前,2025-01-21,Q10,做多,177,-0.006618138995362113,0.26971631813440045
修正前,2025-01-22,Q10,做多,90,0.018465448326120775,0.2931621991957436
修正前,2025-01-23,Q10,做多,3,-0.0012555353653927643,0.2915385883214643
修正前,2025-01-24,Q10,做多,44,0.000853178162701211,0.2926405008413062
修正前,2025-01-27,Q10,做多,23,-0.0009839617806669,0.2913685919923361
修正前,2025-02-05,Q10,做多,237,0.0016449641946944867,0.29349284708831647
修正前,2025-02-06,Q10,做多,817,0.0017659306046692242,0.29577706569391027
修正前,2025-02-07,Q10,做多,979,0.0004908433514975979,0.29641308925162924
修正前,2025-02-10,Q10,做多,530,0.0008975668504031349,0.2975767066649704
修正前,2025-02-11,Q10,做多,902,0.00034837833783298136,0.2980287542812492
修正前,2025-02-12,Q10,做多,280,-0.0003002917698852668,0.2976389669292643
修正前,2025-02-13,Q10,做多,99,0.00011894125302465322,0.29779330973396445
修正前,2025-02-14,Q10,做多,373,0.0028246295088374656,0.3014590950130107
修正前,2025-02-17,Q10,做多,2,0.0025586510309949517,0.30478907466826355
修正前,2025-02-18,Q10,做多,333,0.002741718168306887,0.30836643858008994
修正前,2025-02-19,Q10,做多,492,-0.00027703682481968107,0.3080039728962449
修正前,2025-02-20,Q10,做多,69,0.0027504348594434764,0.3116015526195892
修正前,2025-02-21,Q10,做多,269,-0.00010840729741595139,0.3114593654399833
修正前,2025-02-24,Q10,做多,365,-0.0006017500191985961,0.3106701947416517
修正前,2025-02-25,Q10,做多,433,0.0024985328775712404,0.31394494731486655
修正前,2025-02-26,Q10,做多,151,0.0007476694813252207,0.3149273438521154
修正前,2025-02-27,Q10,做多,56,-0.0027222446610072177,0.31134778991070156
修正前,2025-02-28,Q10,做多,535,0.0024649895048998384,0.314580248450105
修正前,2025-03-03,Q10,做多,535,-0.0003969125573960716,0.3140584750417903
修正前,2025-03-04,Q10,做多,168,0.001563718638754792,0.3161132927716268
修正前,2025-03-06,Q10,做多,217,4.819533970069638e-6,0.3161196358243499
修正前,2025-03-07,Q10,做多,556,-0.0012818475851018912,0.31443257104746336
修正前,2025-03-10,Q10,做多,272,-0.0009474642021065366,0.31318719324031297
修正前,2025-03-11,Q10,做多,23,0.004823861243810667,0.31952182604765356
修正前,2025-03-12,Q10,做多,10,-0.008147365553304553,0.3087711993752793
修正前,2025-03-13,Q10,做多,148,0.0005366947921789393,0.3094736100621378
修正前,2025-03-14,Q10,做多,1079,0.001288025754276146,0.31116024579644286
修正前,2025-03-17,Q10,做多,141,0.0012726888254285685,0.3128289447896142
修正前,2025-03-18,Q10,做多,94,0.0009455666020469235,0.3140703119940078
修正前,2025-03-19,Q10,做多,107,-0.0037700251942564666,0.3091162338107658
修正前,2025-03-20,Q10,做多,336,-0.0019338596198990455,0.3065845867884449
修正前,2025-03-21,Q10,做多,1,-0.0002211003447882831,0.3062957004858109
修正前,2025-03-24,Q10,做多,271,0.0016965853247204728,0.30851194260100057
修正前,2025-03-25,Q10,做多,35,0.010528077477855342,0.32228805771340285
修正前,2025-03-26,Q10,做多,92,-0.001039744276844747,0.32091321627305525
修正前,2025-03-27,Q10,做多,265,-0.0011455748217863487,0.31940001135072804
修正前,2025-03-31,Q10,做多,783,0.000859707200574746,0.3205343090409247
修正前,2025-04-01,Q10,做多,215,0.0009577331379892542,0.321799028508545
修正前,2025-04-02,Q10,做多,178,-0.000226586939063279,0.32149952611261834
修正前,2025-04-03,Q10,做多,590,-0.007242667587336855,0.3119283443281615
修正前,2025-04-07,Q10,做多,460,0.007993419751706508,0.32241513826853785
修正前,2025-04-08,Q10,做多,433,-0.009635451900514378,0.3096730708112392
修正前,2025-04-09,Q10,做多,671,0.01965002470635075,0.33540817900992215
修正前,2025-04-10,Q10,做多,535,-0.00035289014458017657,0.3349369266245579
修正前,2025-04-11,Q10,做多,809,0.0020983960264304045,0.3377381529669221
修正前,2025-04-14,Q10,做多,67,0.0006491746193639857,0.3386065786231831
修正前,2025-04-15,Q10,做多,187,-0.0012340822875480115,0.3369546279545088
修正前,2025-04-16,Q10,做多,122,0.0101517080625168,0.35052700103033385
修正前,2025-04-17,Q10,做多,22,-0.0008972613825542132,0.3493152253062126
修正前,2025-04-18,Q10,做多,13,0.0032939611622938313,0.353759817254063
修正前,2025-04-21,Q10,做多,123,-0.0001482785228290595,0.3535590837480953
修正前,2025-04-22,Q10,做多,66,-0.0007058336426174113,0.35260369620951537
修正前,2025-04-23,Q10,做多,62,0.0025903382107982553,0.3561073972478739
修正前,2025-04-24,Q10,做多,155,0.0015089148881088476,0.3581536478894558
修正前,2025-04-25,Q10,做多,46,-0.006844983474128758,0.34885710861432484
修正前,2025-04-28,Q10,做多,578,0.00004611916270814586,0.34891931677478705
修正前,2025-04-29,Q10,做多,323,0.003052584554683529,0.35303700704668817
修正前,2025-04-30,Q10,做多,347,0.006851174413549958,0.36230689956995277
修正前,2025-05-06,Q10,做多,190,0.0006416062561536244,0.36318096419951806
修正前,2025-05-07,Q10,做多,304,0.0013277182400112284,0.36499088443012195
修正前,2025-05-08,Q10,做多,125,-0.002025735861108842,0.36222577344544504
修正前,2025-05-09,Q10,做多,418,0.0002242348440997297,0.3625312319293823
修正前,2025-05-12,Q10,做多,2,-0.0011084942379966378,0.36102087390969806
修正前,2025-05-13,Q10,做多,4,0.002431594970403239,0.3643303254213106
修正前,2025-05-14,Q10,做多,170,-0.0030387180904012092,0.36018451018016995
修正前,2025-05-15,Q10,做多,69,0.0033613643875772445,0.3647565859532236
修正前,2025-05-16,Q10,做多,1,0.002267340896651149,0.3678509543745294
修正前,2025-05-19,Q10,做多,275,-0.00040823887900015424,0.3672925444342763
修正前,2025-05-21,Q10,做多,29,-0.0008928572828279294,0.3660717473282218
修正前,2025-05-22,Q10,做多,152,0.001374742119615372,0.3679497436976904
修正前,2025-05-23,Q10,做多,178,-0.00027238690671857626,0.367577132098458
修正前,2025-05-26,Q10,做多,316,-0.0027228163106411568,0.3638534707771204
修正前,2025-05-27,Q10,做多,137,0.0005018483154251781,0.3645379183439166
修正前,2025-05-28,Q10,做多,45,0.0030605629037988064,0.36871417247762683
修正前,2025-05-29,Q10,做多,381,-0.0023027624813416604,0.36556234883356487
修正前,2025-05-30,Q10,做多,235,0.0006847508246403564,0.36649741877802655
修正前,2025-06-03,Q10,做多,17,0.004251914389897138,0.3723076488166861
修正前,2025-06-04,Q10,做多,26,-0.0013043134542665659,0.3705177294869417
修正前,2025-06-05,Q10,做多,194,-0.0005869578446961276,0.36971329335432435
修正前,2025-06-06,Q10,做多,241,0.0005940695328751958,0.37052699829068025
修正前,2025-06-09,Q10,做多,297,-0.0001426089309504403,0.37033154890061537
修正前,2025-06-10,Q10,做多,388,-0.002450972257168725,0.36697290429113694
修正前,2025-06-11,Q10,做多,34,-0.002264692554222968,0.36387713093296425
修正前,2025-06-12,Q10,做多,209,-0.001279229927238781,0.3621324184899981
修正前,2025-06-16,Q10,做多,43,-0.0005826688067700584,0.36133874641905384
修正前,2025-06-19,Q10,做多,3,0.005066284987454613,0.3682356764728769
修正前,2025-06-20,Q10,做多,24,-0.0068510181766517535,0.35886186898341776
修正前,2025-06-23,Q10,做多,518,0.005054898042463898,0.36573077718492075
修正前,2025-06-24,Q10,做多,590,0.0007070869133142771,0.36669646754457874
修正前,2025-06-25,Q10,做多,253,-0.0010908909379621957,0.3652055507531893
修正前,2025-06-26,Q10,做多,141,0.0007274493131365921,0.3661986685933749
修正前,2025-06-27,Q10,做多,627,-0.0003871283359510714,0.36566977437622383
修正前,2025-06-30,Q10,做多,252,0.0009185754347888019,0.3669242450829995
修正前,2025-07-01,Q10,做多,162,0.0027903293165662843,0.3707384138775798
修正前,2025-07-02,Q10,做多,7,0.001444546557779956,0.3727185093349634
修正前,2025-07-03,Q10,做多,58,-0.0016758645491289168,0.3704180190492359
修正前,2025-07-04,Q10,做多,416,-0.001491595911173905,0.368373909135423
修正前,2025-07-07,Q10,做多,237,0.001774587680727886,0.37080220861720403
修正前,2025-07-08,Q10,做多,84,0.00039737157069231175,0.37134692644395084
修正前,2025-07-09,Q10,做多,441,-0.0001552615691075506,0.37113400896836035
修正前,2025-07-10,Q10,做多,304,0.00098622336438319,0.3724862533637052
修正前,2025-07-11,Q10,做多,659,-0.0007137224535222266,0.371506679107529
修正前,2025-07-14,Q10,做多,259,0.001790956147463451,0.3739629874257637
修正前,2025-07-15,Q10,做多,26,0.0018218641483914466,0.3764661613337714
修正前,2025-07-16,Q10,做多,1,0.004536931402981281,0.3827110938862677
修正前,2025-07-17,Q10,做多,45,0.006416004461546739,0.39158257443367206
修正前,2025-07-18,Q10,做多,57,0.0021295070634407332,0.3945459593552898
修正前,2025-07-21,Q10,做多,100,-0.000331730997604609,0.39408334523298727
修正前,2025-07-22,Q10,做多,27,0.004155179421003494,0.3998760116602631
修正前,2025-07-23,Q10,做多,187,0.001990291078982409,0.402662172397952
修正前,2025-07-24,Q10,做多,370,-0.001025086956252454,0.4012243217009981
修正前,2025-07-25,Q10,做多,118,0.00116264890037478,0.40285345361780234
修正前,2025-07-28,Q10,做多,238,0.000532963005615547,0.40360112261088044
修正前,2025-07-29,Q10,做多,22,0.0005326057378790045,0.4043486886224763
修正前,2025-07-30,Q10,做多,277,-0.004064377859781794,0.3986408849050256
修正前,2025-07-31,Q10,做多,451,0.003090677700510304,0.4029636330990236
修正前,2025-08-01,Q10,做多,500,-0.0003168929601597483,0.4025190438003343
修正前,2025-08-04,Q10,做多,176,0.0026673726246041374,0.40626008470325314
修正前,2025-08-06,Q10,做多,96,0.00037460958935753297,0.40678688321611367
修正前,2025-08-07,Q10,做多,267,0.0024668809237005603,0.4102572589420317
修正前,2025-08-08,Q10,做多,568,0.0025922181167887587,0.41391295335799416
修正前,2025-08-11,Q10,做多,314,0.001284115997805202,0.4157285816009051
修正前,2025-08-12,Q10,做多,115,0.00281771347255689,0.4197176990987659
修正前,2025-08-13,Q10,做多,170,0.0051397065319821085,0.4270146314303944
修正前,2025-08-14,Q10,做多,405,-0.0004994091321327968,0.42630196729177094
修正前,2025-08-15,Q10,做多,745,0.002030778418148297,0.4291984705447096
修正前,2025-08-18,Q10,做多,512,0.0019099137040541336,0.4319281162894162
修正前,2025-08-19,Q10,做多,396,-0.0026298368930847667,0.428162378900953
修正前,2025-08-20,Q10,做多,193,0.0031478469443029164,0.43265801548134464
修正前,2025-08-21,Q10,做多,9,-0.00886791070095367,0.4199533321350506
修正前,2025-08-22,Q10,做多,587,0.006908902076954138,0.4297636506606164
修正前,2025-08-25,Q10,做多,442,0.000105943311572697,0.4299151245565336
修正前,2025-08-26,Q10,做多,138,0.0024112423923435163,0.43336299652231736
修正前,2025-08-27,Q10,做多,525,-0.0036993305333834583,0.4280605130238604
修正前,2025-08-28,Q10,做多,594,0.003077173914489352,0.43245490358284955
修正前,2025-08-29,Q10,做多,128,0.0024822969897257963,0.43601068207793126
修正前,2025-09-01,Q10,做多,4,-0.004971776113961823,0.42887115846938206
修正前,2025-09-02,Q10,做多,363,0.0023948083032660516,0.4322930309839821
修正前,2025-09-03,Q10,做多,583,0.0027219071572862504,0.43619159963634857
修正前,2025-09-04,Q10,做多,1159,0.000867432024392754,0.43743739822303684
修正前,2025-09-05,Q10,做多,366,0.005020159550152184,0.44465356330547223
修正前,2025-09-08,Q10,做多,21,-0.0027663070262254528,0.4406572080028386
修正前,2025-09-09,Q10,做多,426,-0.0010296564386506344,0.43917382603273003
修正前,2025-09-10,Q10,做多,70,0.0029713104462384113,0.44345005825597394
修正前,2025-09-11,Q10,做多,1136,0.0030921414554605166,0.4479134100199942
修正前,2025-09-12,Q10,做多,317,-0.00039367120349794414,0.4473434082053107
修正前,2025-09-15,Q10,做多,410,0.003609075753127222,0.45256698020631303
修正前,2025-09-16,Q10,做多,5,0.0056287688203155994,0.46074314393391824
修正前,2025-09-17,Q10,做多,10,0.0025039701373316347,0.4644008011446408
修正前,2025-09-18,Q10,做多,221,0.001458305864768973,0.4665363454213225
修正前,2025-09-19,Q10,做多,201,-0.0019355623972385286,0.46369777281694136
修正前,2025-09-22,Q10,做多,46,-0.0015496336166150918,0.4614295775436197
修正前,2025-09-23,Q10,做多,55,0.01129115090536123,0.47793079944122296
修正前,2025-09-24,Q10,做多,43,0.00048069275379570767,0.4786412300671259
修正前,2025-09-25,Q10,做多,30,-0.0022743715924055624,0.4752782504581017
修正前,2025-09-26,Q10,做多,283,-0.0004979929160808012,0.47454357234012545
修正前,2025-09-29,Q10,做多,371,-0.0003233759099690713,0.4740667404706309
修正前,2025-09-30,Q10,做多,70,0.0018675120998523198,0.47681957794444974
修正前,2025-10-09,Q10,做多,133,-0.005820277278044364,0.46822407851116865
修正前,2025-10-10,Q10,做多,1340,-0.0016352236097001008,0.46582320383365694
修正前,2025-10-13,Q10,做多,899,0.003963795680959916,0.4716334275180636
修正前,2025-10-14,Q10,做多,171,0.0028017079889943158,0.4757565146488121
修正前,2025-10-15,Q10,做多,109,-0.0006801781202922789,0.4747527373566691
修正前,2025-10-17,Q10,做多,28,0.012119146779046528,0.4926254822434952
修正前,2025-10-20,Q10,做多,223,0.008317788520195175,0.505040825344651
修正前,2025-10-21,Q10,做多,9,0.0003509876340912241,0.5055690760631495
修正前,2025-10-22,Q10,做多,191,-0.008769389569237633,0.49236615431175457
修正前,2025-10-23,Q10,做多,133,0.00919352468327248,0.5060862593879001
修正前,2025-10-24,Q10,做多,231,-0.002094135024646313,0.5029323114019775
修正前,2025-10-27,Q10,做多,153,-0.004059295636906861,0.496831464827737
修正前,2025-10-28,Q10,做多,350,0.0028052992232707246,0.5010305249733855
修正前,2025-10-30,Q10,做多,409,0.00022940606252839084,0.5013748704758545
修正前,2025-10-31,Q10,做多,416,-0.004461737283014176,0.49467613024047186
修正前,2025-11-03,Q10,做多,606,-0.0012856496874705608,0.4927545003407585
修正前,2025-11-04,Q10,做多,529,-0.002323296015681591,0.489286389757726
修正前,2025-11-05,Q10,做多,56,0.005421244347547015,0.4973601751800787
修正前,2025-11-06,Q10,做多,58,-0.0014404830795558218,0.49520325318373115
修正前,2025-11-07,Q10,做多,403,0.0007038139124786485,0.49625559803530517
修正前,2025-11-10,Q10,做多,115,-0.00015650219979959176,0.4960214307427502
修正前,2025-11-11,Q10,做多,70,0.0005282898911640846,0.4968117637415763
修正前,2025-11-12,Q10,做多,93,0.003885582992092735,0.5026277500731349
修正前,2025-11-13,Q10,做多,49,-0.002893641138477821,0.49827968459970484
修正前,2025-11-14,Q10,做多,121,-0.005508287812149357,0.49002672887383314
修正前,2025-11-17,Q10,做多,233,-0.0029871106692557345,0.48557585413453785
修正前,2025-11-18,Q10,做多,317,0.002935930151005855,0.4899374010762978
修正前,2025-11-19,Q10,做多,81,0.0015330204056046995,0.4922215055152215
修正前,2025-11-20,Q10,做多,20,-0.00812199735082686,0.48010168640058004
修正前,2025-11-21,Q10,做多,88,0.0011050625555733197,0.4817372913526623
修正前,2025-11-24,Q10,做多,271,0.0069364834692240245,0.4920153375798628
修正前,2025-11-25,Q10,做多,193,0.0014231046920163025,0.49413863160733307
修正前,2025-11-26,Q10,做多,193,0.006187707905047163,0.5033839250293661
修正前,2025-11-27,Q10,做多,198,-0.0017064433986061804,0.5008184854549291
修正前,2025-11-28,Q10,做多,411,0.0039700092800872425,0.5067767487699115
修正前,2025-12-01,Q10,做多,91,0.0005144732052400826,0.5075519450334323
修正前,2025-12-02,Q10,做多,403,0.0002151015231773782,0.5078762217530779
修正前,2025-12-03,Q10,做多,106,0.0023259096666357814,0.5113834056333435
修正前,2025-12-04,Q10,做多,198,-0.001055896726452053,0.5097875408429213
修正前,2025-12-05,Q10,做多,585,0.001857719016623331,0.5125923018686063
修正前,2025-12-08,Q10,做多,337,0.00047227491627071464,0.5133066612713229
修正前,2025-12-09,Q10,做多,2146,-0.0014658680496814351,0.5110883533871953
修正前,2025-12-10,Q10,做多,270,0.0006576033766274729,0.512082050190765
修正前,2025-12-11,Q10,做多,1,-0.0014485198771581054,0.5098917692851697
修正前,2025-12-12,Q10,做多,108,0.0001245133118775104,0.5100797709099398
修正前,2025-12-15,Q10,做多,337,-0.008957190839045209,0.49655369821971784
修正前,2025-12-16,Q10,做多,210,0.0020693059497023654,0.49965052569149293
修正前,2025-12-17,Q10,做多,304,-0.0015323413398391494,0.4973525491956643
修正前,2025-12-18,Q10,做多,33,0.0076007226792474585,0.5087335106751647
修正前,2025-12-19,Q10,做多,82,0.007172668778632835,0.5195551564224616
修正前,2025-12-22,Q10,做多,29,-0.00064300199602289,0.5185780794238153
修正前,2025-12-23,Q10,做多,495,0.0006898370572830894,0.5196256508573796
修正前,2025-12-24,Q10,做多,268,0.0006836481253339482,0.5206645400847978
修正前,2025-12-25,Q10,做多,351,0.002847959224364861,0.5249953306888968
修正前,2025-12-26,Q10,做多,402,0.0003466125490195732,0.5255239132077096
修正前,2025-12-29,Q10,做多,723,0.00027215957044550367,0.5259390991406327
修正前,2025-12-30,Q10,做多,178,-0.000349445107050915,0.5254058671887805
修正前,2025-12-31,Q10,做多,523,0.009019120738640815,0.5391636868803871
修正前,2026-01-05,Q10,做多,843,0.0021536106532377103,0.542478446193529
修正前,2026-01-06,Q10,做多,382,0.0016733204649702807,0.5450595069443203
修正前,2026-01-07,Q10,做多,744,0.00012174460253131705,0.5452476095998804
修正前,2026-01-08,Q10,做多,1239,0.0013177332668912979,0.5472838337806343
修正前,2026-01-09,Q10,做多,406,0.002801936056667849,0.5516192241444033
修正前,2026-01-12,Q10,做多,520,0.001459301520736307,0.553883504437801
修正前,2026-01-13,Q10,做多,816,0.0036933934485298726,0.5596226075928703
修正前,2026-01-14,Q10,做多,794,-0.0010322594616465873,0.5580126723995846
修正前,2026-01-15,Q10,做多,390,0.004297481613362974,0.5647082032126083
修正前,2026-01-19,Q10,做多,256,0.00039480513530065764,0.5653259580464838
修正前,2026-01-20,Q10,做多,55,0.005829008945941247,0.5744502570592507
修正前,2026-01-21,Q10,做多,201,0.002494398135412716,0.5783775628447592
修正前,2026-01-22,Q10,做多,1,0.00026556255761533976,0.5787967208272309
修正前,2026-01-23,Q10,做多,51,0.00233697824210942,0.5824863344125177
修正前,2026-01-26,Q10,做多,407,-0.0025370180048827936,0.5784715380896321
修正前,2026-01-27,Q10,做多,198,-0.00035131021350668626,0.5779170049165716
修正前,2026-01-28,Q10,做多,171,0.0017369870174821188,0.580657826268776
修正前,2026-01-29,Q10,做多,257,-0.005640024445134039,0.5717428774892277
修正前,2026-01-30,Q10,做多,219,-0.005290558998240158,0.5634274790658071
修正前,2026-02-02,Q10,做多,990,0.003238087119759505,0.5684899934484482
修正前,2026-02-03,Q10,做多,505,0.0004561885740871064,0.5692055206620292
修正前,2026-02-04,Q10,做多,70,-0.011888295184637953,0.5505503422270355
修正前,2026-02-05,Q10,做多,24,-0.00467513417849356,0.543301311326615
修正前,2026-02-06,Q10,做多,356,0.009795911943645355,0.5584193550748828
修正前,2026-02-09,Q10,做多,514,0.0006378362763702001,0.5594133714733469
修正前,2026-02-10,Q10,做多,305,0.0006301371794998871,0.5603960158169214
修正前,2026-02-11,Q10,做多,235,0.0015626124354407402,0.5628343100354489
修正前,2026-02-12,Q10,做多,442,-0.0037466634919475664,0.556978895782076
修正前,2026-02-13,Q10,做多,223,0.004794257340908119,0.5644434532828182
修正前,2026-02-24,Q10,做多,162,0.008473182395122151,0.5776992680093382
修正前,2026-02-25,Q10,做多,475,-0.001784246565075591,0.5748842635096703
修正前,2026-02-26,Q10,做多,475,-0.00015860519382649248,0.574634478685802
修正前,2026-02-27,Q10,做多,651,-0.0009496962068829641,0.5731390542941668
修正前,2026-03-02,Q10,做多,315,-0.002902981124105512,0.5685722613139577
修正前,2026-03-03,Q10,做多,603,-0.0022056841048026196,0.5651124864099433
修正前,2026-03-04,Q10,做多,777,0.004080419257406387,0.5714988015394977
修正前,2026-03-05,Q10,做多,45,0.005578786874603894,0.5802658584269822
修正前,2026-03-06,Q10,做多,38,-0.02092141317859243,0.5472044634708082
修正前,2026-03-09,Q10,做多,248,0.006043305003400277,0.5565546919461846
修正前,2026-03-10,Q10,做多,31,-0.0018786883034232643,0.5536304108527865
修正前,2026-03-11,Q10,做多,285,-0.0006960838268768336,0.5525489538508479
修正前,2026-03-12,Q10,做多,527,-0.0020259327792540287,0.5494035940338449
修正前,2026-03-13,Q10,做多,241,-0.0007378270309353228,0.5482604021803383
修正前,2026-03-16,Q10,做多,336,0.0012738645419696176,0.5502326762084115
修正前,2026-03-17,Q10,做多,331,-0.00008669048300230301,0.5500982857889452
修正前,2026-03-18,Q10,做多,167,-0.008571554740321332,0.536811533479427
修正前,2026-03-19,Q10,做多,257,0.007670499601591979,0.5485996457347029
修正前,2026-03-20,Q10,做多,59,-0.020374163527483658,0.5170482233139007
修正前,2026-03-23,Q10,做多,407,0.006965224510174604,0.5276148047820435
修正前,2026-03-24,Q10,做多,386,0.016900710481083426,0.5534325803242817
修正前,2026-03-25,Q10,做多,46,-0.004313507448861618,0.5467318373177485
修正前,2026-03-26,Q10,做多,84,-0.004086438787735027,0.5404112123435085
修正前,2026-03-27,Q10,做多,140,-0.005617354319734399,0.5317581767656834
修正前,2026-03-30,Q10,做多,406,0.0019581008005986984,0.5347575136779319
修正前,2026-03-31,Q10,做多,520,0.008812662875957007,0.5482828142423175
修正前,2026-04-01,Q10,做多,187,-0.004443963627218279,0.5414023017311773
修正前,2026-04-02,Q10,做多,1069,0.0003744650721452167,0.5419795030552996
修正前,2026-04-03,Q10,做多,572,0.00022713925757550108,0.5423297471348201
修正前,2026-04-07,Q10,做多,60,0.009437901134757946,0.5568861028054746
修正前,2026-04-08,Q10,做多,505,0.0011526257008107237,0.5586806097408032
修正前,2026-04-09,Q10,做多,940,0.005025606531396872,0.5665139251934783
修正前,2026-04-10,Q10,做多,716,-0.0008943781430028459,0.5651128693780756
修正前,2026-04-13,Q10,做多,437,0.003134394084833399,0.5700185498979509
修正前,2026-04-15,Q10,做多,203,0.0015029593469797126,0.5723782239524515
修正前,2026-04-16,Q10,做多,264,-0.0011774506614611628,0.5705268261725915
修正前,2026-04-17,Q10,做多,102,-0.0011183257070917856,0.5687704656492054
修正前,2026-04-20,Q10,做多,1,0.004548489581793547,0.5759060017684363
修正前,2026-04-21,Q10,做多,20,0.0019176522820998799,0.5789280415091025
修正前,2026-04-22,Q10,做多,77,0.0001761885102862468,0.5792062304885852
修正前,2026-04-23,Q10,做多,70,-0.004690154780317763,0.5717995088375516
修正前,2026-04-24,Q10,做多,164,-0.001991382326262438,0.5686694550752245
修正前,2026-04-27,Q10,做多,32,-0.002984844160891953,0.5639872212118737
修正前,2026-04-28,Q10,做多,425,0.0030870429449115526,0.5688153169290475
修正前,2026-04-29,Q10,做多,364,0.0010266650352095494,0.5704259647616396
修正前,2026-04-30,Q10,做多,19,0.0029295036679525908,0.575026533385657
修正前,2026-05-06,Q10,做多,560,0.0008654096657470031,0.5763895765714568
修正前,2026-05-07,Q10,做多,363,0.0003950862860908096,0.5770123864746968
修正前,2026-05-08,Q10,做多,763,0.0011970419314680245,0.5789001364277513
修正前,2026-05-11,Q10,做多,192,-0.0026592134652977015,0.5747015039246022
修正前,2026-05-12,Q10,做多,197,0.0021871631895199356,0.5781456330884676
修正前,2026-05-13,Q10,做多,311,0.0005411855811921362,0.5789997027501164
修正前,2026-05-14,Q10,做多,93,-0.007499494020619319,0.5671580039207822
修正前,2026-05-15,Q10,做多,243,0.001418943510143136,0.5693817125998144
修正前,2026-05-18,Q10,做多,366,0.0005746246869088172,0.5702835180750574
修正前,2026-05-19,Q10,做多,29,-0.005272956181654771,0.562003481891473
修正前,2026-05-20,Q10,做多,4,-0.003006895596627146,0.5573067004998573
修正前,2026-05-21,Q10,做多,93,-0.004244031904387959,0.5506974411780188
修正前,2026-05-22,Q10,做多,58,0.00020865514244209845,0.5510210021734923
修正前,2026-05-25,Q10,做多,216,-0.0011010447332982611,0.549313258667814
修正前,2026-05-26,Q10,做多,46,0.0047255098521102054,0.5566345537356536
修正前,2026-05-27,Q10,做多,32,-0.0019692420955834677,0.5535691634449975
修正前,2026-05-28,Q10,做多,248,0.0006284821233748517,0.5545455538916491
修正前,2026-05-29,Q10,做多,98,0.0063739045076452346,0.5644540788049388
修正前,2026-06-01,Q10,做多,522,0.00020835588145517151,0.5647800420135243
修正前,2026-06-02,Q10,做多,337,0.0007073828713008574,0.5658869406125981
修正前,2026-06-03,Q10,做多,411,-0.00010492669277821063,0.5657226372746551
修正前,2026-06-04,Q10,做多,406,-0.0045706078179970295,0.5585663331479127
修正前,2026-06-05,Q10,做多,349,-0.01047721770443596,0.5422368943687175
修正前,2026-06-08,Q10,做多,405,0.002388005392671919,0.5459197643892475
修正前,2026-06-09,Q10,做多,51,-0.001037648789397459,0.5443156426172233
修正前,2026-06-10,Q10,做多,105,0.000018471447332385218,0.5443441683622805
修正前,2026-06-11,Q10,做多,2,0.00012194574810564518,0.5445324945672241
修正前,2026-06-12,Q10,做多,858,-0.000201810958446224,0.5442207909841441
修正前,2026-06-15,Q10,做多,722,-0.0013577265060582182,0.5421241614850187
修正前,2026-06-16,Q10,做多,273,0.000716382968049725,0.5432289129689245
修正前,2026-06-17,Q10,做多,177,0.0039556747712497465,0.5493334246462187
修正前,2026-06-18,Q10,做多,269,0.002652390623883832,0.55344286209502
修正前,2026-06-22,Q10,做多,566,0.0021552114660551673,0.5567908599632689
修正前,2026-06-23,Q10,做多,638,0.00010767355079537835,0.5569584851630072
修正前,2026-06-24,Q10,做多,411,0.0013295097439109057,0.5590284766398963
修正前,2026-06-25,Q10,做多,41,-0.006944031604578457,0.5482025336256711
修正前,2026-06-26,Q10,做多,12,0.0030478444144440195,0.55292121407021
修正前,2026-06-29,Q10,做多,251,0.0008669059181295913,0.5542674506610765
修正前,2026-06-30,Q10,做多,219,0.003902614231755081,0.5603331569339802
时序加减修正后,2024-02-01,Q01,做空,87,0.002278746892872063,0.0022787468928719967
时序加减修正后,2024-02-02,Q01,做空,170,0.007487812927352292,0.009783622650666901
时序加减修正后,2024-02-05,Q01,做空,827,-0.0031135315234584794,0.006639629509672007
时序加减修正后,2024-02-06,Q01,做空,449,-0.012769926756839885,-0.0062150848296989025
时序加减修正后,2024-02-07,Q01,做空,808,0.0007435565277080626,-0.005476149568886202
时序加减修正后,2024-02-08,Q01,做空,366,-0.0005461764224099448,-0.006019335047516061
时序加减修正后,2024-02-19,Q01,做空,381,0.005670438387370552,-0.0003830289286654853
时序加减修正后,2024-02-20,Q01,做空,266,-0.00014215220520905257,-0.0005251266854676695
时序加减修正后,2024-02-21,Q01,做空,79,-0.010405352915330684,-0.01092501547231084
时序加减修正后,2024-02-22,Q01,做空,1367,0.0005468335665906603,-0.010384156070896045
时序加减修正后,2024-02-23,Q01,做空,226,0.0018009228173855062,-0.008601934317117976
时序加减修正后,2024-02-26,Q01,做空,21,-0.00284302922331595,-0.011420507989793327
时序加减修正后,2024-02-27,Q01,做空,78,0.00102836660209085,-0.010403885856698047
时序加减修正后,2024-02-28,Q01,做空,290,-0.0006733587039293368,-0.011070239013531102
时序加减修正后,2024-02-29,Q01,做空,4,-0.00043744420690927655,-0.011502840608514808
时序加减修正后,2024-03-01,Q01,做空,120,-0.0007066331564904734,-0.012201345476437475
时序加减修正后,2024-03-04,Q01,做空,404,0.003240889026024474,-0.008999999657070323
时序加减修正后,2024-03-05,Q01,做空,376,0.0008956070605853847,-0.008112453059722968
时序加减修正后,2024-03-06,Q01,做空,241,-0.001716204368635187,-0.009814734800976721
时序加减修正后,2024-03-07,Q01,做空,633,0.0019096904712370807,-0.007923787435266894
时序加减修正后,2024-03-08,Q01,做空,160,-0.0021190657033685056,-0.010026062112440504
时序加减修正后,2024-03-11,Q01,做空,13,-0.0008572078950237483,-0.010874675587865479
时序加减修正后,2024-03-12,Q01,做空,238,0.0010108097679321184,-0.00987485804824062
时序加减修正后,2024-03-13,Q01,做空,163,0.0003237284600002294,-0.00955432636082909
时序加减修正后,2024-03-14,Q01,做空,116,0.004148695521068695,-0.0054452688307402575
时序加减修正后,2024-03-15,Q01,做空,240,-0.0015092327138366576,-0.006946283366721873
时序加减修正后,2024-03-18,Q01,做空,218,-0.0010794269007394612,-0.008018212262335123
时序加减修正后,2024-03-19,Q01,做空,253,0.0009277884585215994,-0.007097863008608374
时序加减修正后,2024-03-20,Q01,做空,32,-0.0015973101490089903,-0.008683835668997442
时序加减修正后,2024-03-21,Q01,做空,165,0.0016214392100774796,-0.007076476770567552
时序加减修正后,2024-03-22,Q01,做空,374,-0.0017483525013003746,-0.008812457096005644
时序加减修正后,2024-03-25,Q01,做空,124,0.0025207319878034233,-0.006313938950695319
时序加减修正后,2024-03-26,Q01,做空,11,0.003037477568299933,-0.0032956398303256584
时序加减修正后,2024-03-27,Q01,做空,392,0.0020629396381824632,-0.0012394988981824229
时序加减修正后,2024-03-29,Q01,做空,25,0.00018743177002761513,-0.0010522994496271476
时序加减修正后,2024-04-01,Q01,做空,45,-0.001117207683596967,-0.002168331496193554
时序加减修正后,2024-04-02,Q01,做空,199,0.0024657369346765042,0.0002920589034263177
时序加减修正后,2024-04-03,Q01,做空,203,0.003740279581932537,0.0040334308673120045
时序加减修正后,2024-04-08,Q01,做空,336,0.0009215579634006385,0.004958705871048075
时序加减修正后,2024-04-09,Q01,做空,1004,-0.0001591774425289614,0.00479873911440043
时序加减修正后,2024-04-10,Q01,做空,75,0.0004986050205964906,0.005299736810411737
时序加减修正后,2024-04-11,Q01,做空,5,-0.00014412049131351523,0.00515485251842529
时序加减修正后,2024-04-12,Q01,做空,89,-0.0037352675992244687,0.0014003301656100309
时序加减修正后,2024-04-15,Q01,做空,2,0.0058054052060469985,0.007213864855690755
时序加减修正后,2024-04-16,Q01,做空,238,0.002524321212768584,0.009756396180540694
时序加减修正后,2024-04-17,Q01,做空,293,0.0005149887975542918,0.010276409412832255
时序加减修正后,2024-04-18,Q01,做空,189,-0.0005749861914231799,0.009695514427899399
时序加减修正后,2024-04-19,Q01,做空,94,0.005041938953930165,0.014786337573702069
时序加减修正后,2024-04-22,Q01,做空,482,0.0011708829243914625,0.01597453356827283
时序加减修正后,2024-04-23,Q01,做空,10,0.003070810344070196,0.019094398675266078
时序加减修正后,2024-04-24,Q01,做空,664,-0.0011373527895721712,0.017935328818095453
时序加减修正后,2024-04-25,Q01,做空,187,-0.0017166261231345572,0.016187914440984663
时序加减修正后,2024-04-26,Q01,做空,9,-0.00655731719194187,0.009524447959377236
时序加减修正后,2024-04-29,Q01,做空,49,0.0027081238543044546,0.012258365198399623
时序加减修正后,2024-04-30,Q01,做空,170,0.00165322053088697,0.013931851510307736
时序加减修正后,2024-05-06,Q01,做空,969,-0.0009860388006015367,0.012932075363552897
时序加减修正后,2024-05-07,Q01,做空,618,0.0014692650712898147,0.014420341081473609
时序加减修正后,2024-05-08,Q01,做空,30,0.0016065841021675926,0.01605009267437052
时序加减修正后,2024-05-09,Q01,做空,1217,-0.0014428472939519077,0.014584087547635738
时序加减修正后,2024-05-10,Q01,做空,206,0.006066058227111833,0.020738613699000874
时序加减修正后,2024-05-13,Q01,做空,3,-0.0008278036839328706,0.01989364251424841
时序加减修正后,2024-05-14,Q01,做空,275,0.0008108458788774442,0.020720619071174395
时序加减修正后,2024-05-15,Q01,做空,78,0.0013142195540030326,0.022062070067931705
时序加减修正后,2024-05-16,Q01,做空,67,-0.0010357412490941613,0.021003478222827887
时序加减修正后,2024-05-17,Q01,做空,44,-0.0014457465569483413,0.019527365959554954
时序加减修正后,2024-05-20,Q01,做空,196,0.0026579694575938986,0.022237238559456696
时序加减修正后,2024-05-21,Q01,做空,2,0.001730025454889983,0.024005735003101103
时序加减修正后,2024-05-22,Q01,做空,556,0.0021741526140019018,0.02623207974861108
时序加减修正后,2024-05-23,Q01,做空,241,0.0005940193344887947,0.026841681445654464
时序加减修正后,2024-05-24,Q01,做空,115,0.003678580302537581,0.030619001028845183
时序加减修正后,2024-05-27,Q01,做空,15,-0.0035686094333262494,0.02694112433960827
时序加减修正后,2024-05-28,Q01,做空,117,0.0013134623464778003,0.028289972838478006
时序加减修正后,2024-05-29,Q01,做空,2,0.0006780334806535393,0.028987187867882902
时序加减修正后,2024-05-30,Q01,做空,3,0.004066659642073016,0.03317172853699546
时序加减修正后,2024-05-31,Q01,做空,5,-0.00014760871999897063,0.03301922338060703
时序加减修正后,2024-06-04,Q01,做空,215,0.000633160294362528,0.033673290136164935
时序加减修正后,2024-06-05,Q01,做空,169,0.0009496691454626956,0.034654937766296134
时序加减修正后,2024-06-06,Q01,做空,109,0.0015671670094021348,0.03627641485087851
时序加减修正后,2024-06-07,Q01,做空,456,0.004396529861687189,0.040832435053732574
时序加减修正后,2024-06-11,Q01,做空,14,-0.0018434877129038796,0.03891367324851913
时序加减修正后,2024-06-12,Q01,做空,150,0.0010164965119717332,0.03996972537361598
时序加减修正后,2024-06-13,Q01,做空,4,0.006025957118254155,0.0462365383429999
时序加减修正后,2024-06-14,Q01,做空,61,-0.0008582379652848505,0.045338618425125654
时序加减修正后,2024-06-17,Q01,做空,49,0.0019110990297678877,0.04733636404457697
时序加减修正后,2024-06-18,Q01,做空,28,0.0028074939205648014,0.05027675451941871
时序加减修正后,2024-06-19,Q01,做空,49,0.006766265687623004,0.057383206086031535
时序加减修正后,2024-06-20,Q01,做空,66,-0.00004268467245944493,0.05733807203021568
时序加减修正后,2024-06-21,Q01,做空,160,-0.00024350792327823,0.057080601832092626
时序加减修正后,2024-06-24,Q01,做空,346,0.00101886576029719,0.05815762506317368
时序加减修正后,2024-06-25,Q01,做空,59,0.005313721088834612,0.06378037955078297
时序加减修正后,2024-06-26,Q01,做空,306,-0.0033903199052349687,0.060173823755193645
时序加减修正后,2024-06-27,Q01,做空,110,0.0017764826760950118,0.06205720418674421
时序加减修正后,2024-07-02,Q01,做空,644,0.000423215216994,0.06250668295687412
时序加减修正后,2024-07-03,Q01,做空,181,0.00197445798453599,0.0646045577606611
时序加减修正后,2024-07-05,Q01,做空,523,-0.0021419202589232256,0.06232425969065147
时序加减修正后,2024-07-08,Q01,做空,282,0.002077927107178934,0.06453169206647646
时序加减修正后,2024-07-09,Q01,做空,54,-0.002020124833237518,0.06238120515956469
时序加减修正后,2024-07-10,Q01,做空,438,0.0018917469254091008,0.0643909615380378
时序加减修正后,2024-07-11,Q01,做空,114,-0.004710018262637293,0.05937766067060757
时序加减修正后,2024-07-12,Q01,做空,259,0.0030329236208436953,0.06259067220104964
时序加减修正后,2024-07-15,Q01,做空,27,0.0018731596985027729,0.06458107422422166
时序加减修正后,2024-07-16,Q01,做空,634,-0.0005663117818106171,0.06397818941919575
时序加减修正后,2024-07-17,Q01,做空,549,-0.00022794707257710718,0.06373565870563169
时序加减修正后,2024-07-18,Q01,做空,37,-0.006351123271333809,0.05697974240907877
时序加减修正后,2024-07-19,Q01,做空,139,-0.0022428620757885603,0.054609082629952566
时序加减修正后,2024-07-22,Q01,做空,30,0.002498359118787145,0.05724387484829685
时序加减修正后,2024-07-23,Q01,做空,4,0.0025813585380092263,0.05997300035139452
时序加减修正后,2024-07-24,Q01,做空,66,0.0020560538644283292,0.06215236193495666
时序加减修正后,2024-07-25,Q01,做空,926,0.00023220119251468325,0.06239899498003032
时序加减修正后,2024-07-26,Q01,做空,712,-0.0017835281616161605,0.060504176453610725
时序加减修正后,2024-07-29,Q01,做空,31,-0.0007134516840338737,0.05974755796299491
时序加减修正后,2024-07-30,Q01,做空,18,-0.0038393102537762993,0.05567885829729313
时序加减修正后,2024-07-31,Q01,做空,17,-0.0010712187247597339,0.05454799533695209
时序加减修正后,2024-08-01,Q01,做空,651,0.0026428251732709,0.057334981325450896
时序加减修正后,2024-08-02,Q01,做空,102,0.000811964091125821,0.05819349936257834
时序加减修正后,2024-08-05,Q01,做空,275,0.007838861783119766,0.0664885319438775
时序加减修正后,2024-08-06,Q01,做空,415,0.0014043750430398384,0.06798628182182775
时序加减修正后,2024-08-07,Q01,做空,1201,0.000554607831055136,0.06857859537718558
时序加减修正后,2024-08-08,Q01,做空,157,-0.00019117867516907626,0.06837430593700744
时序加减修正后,2024-08-09,Q01,做空,394,0.0009525767622717514,0.06939201447425125
时序加减修正后,2024-08-13,Q01,做空,135,0.0017635678574421305,0.07127795985798335
时序加减修正后,2024-08-14,Q01,做空,418,0.0014359474291233457,0.07281625869031805
时序加减修正后,2024-08-15,Q01,做空,186,-0.00440693190275167,0.06808843049410496
时序加减修正后,2024-08-16,Q01,做空,566,-0.0005635069446918363,0.06748655524597647
时序加减修正后,2024-08-19,Q01,做空,3,0.0008842083285950745,0.06843043574878838
时序加减修正后,2024-08-20,Q01,做空,4,0.006115610129199922,0.07496453974399908
时序加减修正后,2024-08-21,Q01,做空,570,0.0012425970177821256,0.07630028747530648
时序加减修正后,2024-08-22,Q01,做空,106,0.002428100701986553,0.07891365295887365
时序加减修正后,2024-08-23,Q01,做空,298,0.0008278802459537607,0.07980686425924821
时序加减修正后,2024-08-26,Q01,做空,19,0.00171978145571254,0.08166389608015234
时序加减修正后,2024-08-27,Q01,做空,6,-0.0005394349670192847,0.08108040875204447
时序加减修正后,2024-08-28,Q01,做空,156,0.0021256893980581737,0.08337844991537713
时序加减修正后,2024-08-29,Q01,做空,25,-0.006257191466866061,0.0765995435231801
时序加减修正后,2024-08-30,Q01,做空,109,-0.006610296542730627,0.06948290128272339
时序加减修正后,2024-09-02,Q01,做空,227,0.001032920928174755,0.07058759255378333
时序加减修正后,2024-09-03,Q01,做空,511,0.0010041744745291593,0.07166264928697341
时序加减修正后,2024-09-04,Q01,做空,454,0.001676752128292671,0.07345956191497716
时序加减修正后,2024-09-05,Q01,做空,1360,-0.0002650863361502749,0.07317500245270359
时序加减修正后,2024-09-06,Q01,做空,72,0.0023622830056713915,0.07571014552310884
时序加减修正后,2024-09-09,Q01,做空,41,-0.0005652680446496006,0.07510208095253912
时序加减修正后,2024-09-10,Q01,做空,272,0.0020360259295825124,0.07729101666630656
时序加减修正后,2024-09-11,Q01,做空,587,-0.0007801681234430601,0.07645054855543187
时序加减修正后,2024-09-12,Q01,做空,119,0.003358804392374019,0.0800661353860932
时序加减修正后,2024-09-13,Q01,做空,2,-0.001975676161237061,0.0779322744698514
时序加减修正后,2024-09-18,Q01,做空,58,8.758537472297983e-8,0.07793236888095367
时序加减修正后,2024-09-19,Q01,做空,363,-0.002869274281141715,0.07483948525811335
时序加减修正后,2024-09-20,Q01,做空,79,0.0022747433734055657,0.07728446925467902
时序加减修正后,2024-09-23,Q01,做空,190,-0.0010877160801962753,0.076112689614525
时序加减修正后,2024-09-24,Q01,做空,51,0.004740987477513651,0.08121452640038118
时序加减修正后,2024-09-25,Q01,做空,550,0.003588010719937632,0.08509393571165802
时序加减修正后,2024-09-26,Q01,做空,715,-0.0033926614635744886,0.08141257933161072
时序加减修正后,2024-09-27,Q01,做空,367,0.002503926765201588,0.08412035723322475
时序加减修正后,2024-09-30,Q01,做空,199,-0.003360957602839262,0.08047667467618891
时序加减修正后,2024-10-08,Q01,做空,83,0.023487867290961993,0.1058547674219632
时序加减修正后,2024-10-09,Q01,做空,148,0.015865561890186165,0.12339977467605379
时序加减修正后,2024-10-10,Q01,做空,943,0.0016053317048802822,0.12520320395159668
时序加减修正后,2024-10-11,Q01,做空,617,0.0052627703023934245,0.13112488995751126
时序加减修正后,2024-10-14,Q01,做空,400,0.0016998917804266966,0.1330476798605862
时序加减修正后,2024-10-15,Q01,做空,1505,0.003308949603756582,0.13679687753189818
时序加减修正后,2024-10-16,Q01,做空,453,0.002687264524994389,0.1398517514530142
时序加减修正后,2024-10-17,Q01,做空,486,0.0012526259930389853,0.1412795593850953
时序加减修正后,2024-10-18,Q01,做空,159,-0.009012405540568626,0.13099388516075527
时序加减修正后,2024-10-21,Q01,做空,987,-0.00014537699119591984,0.13082946467266976
时序加减修正后,2024-10-22,Q01,做空,133,0.0027821835667013956,0.1339756398260239
时序加减修正后,2024-10-23,Q01,做空,839,-0.002961666229216478,0.13061718246879694
时序加减修正后,2024-10-24,Q01,做空,1,0.001773723983205855,0.13262258528116644
时序加减修正后,2024-10-25,Q01,做空,327,-0.0041200184859694995,0.1279561592921814
时序加减修正后,2024-10-28,Q01,做空,63,-0.005006193299777806,0.12230939272508978
时序加减修正后,2024-10-29,Q01,做空,408,0.001304879628213373,0.12377387138820928
时序加减修正后,2024-10-30,Q01,做空,172,0.002109952357196287,0.12614498071710045
时序加减修正后,2024-10-31,Q01,做空,203,-0.00450171990904457,0.12107539143693558
时序加减修正后,2024-11-01,Q01,做空,41,0.0020553459376614915,0.12337958918853786
时序加减修正后,2024-11-04,Q01,做空,7,-0.0008710417064971157,0.12240107871412698
时序加减修正后,2024-11-05,Q01,做空,38,-0.0001682356654016889,0.12221225082180198
时序加减修正后,2024-11-06,Q01,做空,919,0.0008924895860708265,0.12321381356902172
时序加减修正后,2024-11-07,Q01,做空,663,-0.0015583210690380714,0.12146348581830257
时序加减修正后,2024-11-08,Q01,做空,704,0.0028792861131498944,0.1246925000594239
时序加减修正后,2024-11-11,Q01,做空,8,-0.004302845482015982,0.11985312201688592
时序加减修正后,2024-11-12,Q01,做空,554,0.0021127495776835322,0.12221909122749475
时序加减修正后,2024-11-13,Q01,做空,385,0.002601616522626099,0.12513867495723874
时序加减修正后,2024-11-14,Q01,做空,906,0.002288059521743783,0.12771305921575693
时序加减修正后,2024-11-15,Q01,做空,344,0.003554052981662396,0.1317210111763223
时序加减修正后,2024-11-18,Q01,做空,12,-0.0035415223780243346,0.1277129958895611
时序加减修正后,2024-11-19,Q01,做空,34,0.003399014936910723,0.13154610920713816
时序加减修正后,2024-11-20,Q01,做空,1147,-0.0016552679679995074,0.12967309717825315
时序加减修正后,2024-11-21,Q01,做空,580,0.0007696619918439457,0.13054256362436
时序加减修正后,2024-11-22,Q01,做空,4,0.010441219434142113,0.14234680661079957
时序加减修正后,2024-11-25,Q01,做空,14,0.0011713073784319153,0.1436848458541109
时序加减修正后,2024-11-26,Q01,做空,1007,0.0012413458559359678,0.14510455429800873
时序加减修正后,2024-11-27,Q01,做空,2,0.0007586168067064136,0.14597324985833526
时序加减修正后,2024-11-28,Q01,做空,112,0.0037982776869154933,0.15032597448307405
时序加减修正后,2024-11-29,Q01,做空,94,-0.00854464166893214,0.14049685122865108
时序加减修正后,2024-12-02,Q01,做空,154,-0.003253554784339042,0.13678618224181238
时序加减修正后,2024-12-03,Q01,做空,152,0.0035310164038444207,0.14080019289897194
时序加减修正后,2024-12-04,Q01,做空,308,0.0010788234693519642,0.1420309149209127
时序加减修正后,2024-12-05,Q01,做空,539,0.0002771541830800765,0.14234743356618984
时序加减修正后,2024-12-06,Q01,做空,141,-0.012631071192717695,0.12791836180599692
时序加减修正后,2024-12-09,Q01,做空,150,0.002724565908453466,0.1309914497220921
时序加减修正后,2024-12-10,Q01,做空,879,0.0025511817916641297,0.133876814515151
时序加减修正后,2024-12-11,Q01,做空,62,0.000191167458157701,0.1340935748636456
时序加减修正后,2024-12-12,Q01,做空,708,-0.00010347206495223122,0.1339762278596055
时序加减修正后,2024-12-13,Q01,做空,384,0.0015266400774294198,0.1357074014159083
时序加减修正后,2024-12-16,Q01,做空,784,0.0007056564906763794,0.13650882071522674
时序加减修正后,2024-12-17,Q01,做空,143,-0.0016274696841414276,0.13465918706375346
时序加减修正后,2024-12-18,Q01,做空,645,0.0003026589374134656,0.13500260180763668
时序加减修正后,2024-12-19,Q01,做空,5,-0.004999175388365984,0.1293285247349485
时序加减修正后,2024-12-20,Q01,做空,110,-0.0006488306599997238,0.12859578176288822
时序加减修正后,2024-12-23,Q01,做空,21,0.00450916463575725,0.13368480595007837
时序加减修正后,2024-12-24,Q01,做空,38,-0.0005267639717203565,0.1330876216390171
时序加减修正后,2024-12-25,Q01,做空,135,-0.0002769455278111208,0.1327738180895861
时序加减修正后,2024-12-26,Q01,做空,314,0.0007418469484697303,0.13361416288984218
时序加减修正后,2024-12-27,Q01,做空,41,-0.0009533723959310275,0.13253340643930644
时序加减修正后,2024-12-30,Q01,做空,64,-0.00023622206890649977,0.13226587705493165
时序加减修正后,2024-12-31,Q01,做空,8,0.0029554128414019942,0.13561219016786108
时序加减修正后,2025-01-02,Q01,做空,97,0.0036919951281683115,0.13980486484144916
时序加减修正后,2025-01-03,Q01,做空,794,0.0031129679070364554,0.14335304080598466
时序加减修正后,2025-01-06,Q01,做空,1825,0.0009356955597986474,0.144422871169549
时序加减修正后,2025-01-07,Q01,做空,575,0.0024765299320089348,0.14725706866487598
时序加减修正后,2025-01-08,Q01,做空,392,0.00015937889868521834,0.14743991723298855
时序加减修正后,2025-01-09,Q01,做空,472,0.001126892586938284,0.14873295876967552
时序加减修正后,2025-01-10,Q01,做空,74,0.0037548609826764143,0.1530462913360744
时序加减修正后,2025-01-13,Q01,做空,23,0.00060310109367255,0.1537416948154342
时序加减修正后,2025-01-14,Q01,做空,9,-0.0067910451131562395,0.1459065829170132
时序加减修正后,2025-01-15,Q01,做空,1214,0.00042460953585822785,0.1463931457793224
时序加减修正后,2025-01-16,Q01,做空,360,0.0037728783375415432,0.1507183476453393
时序加减修正后,2025-01-17,Q01,做空,355,0.00016798591844837548,0.15091165212384405
时序加减修正后,2025-01-20,Q01,做空,278,0.0018176370082309398,0.15300359173594869
时序加减修正后,2025-01-21,Q01,做空,86,0.006780505871405652,0.16082153935946608
时序加减修正后,2025-01-22,Q01,做空,87,0.0004365098371301596,0.16132824938054902
时序加减修正后,2025-01-23,Q01,做空,279,0.00002526455724905629,0.16135758982459047
时序加减修正后,2025-01-24,Q01,做空,140,-0.003081552832061009,0.15777880505463093
时序加减修正后,2025-01-27,Q01,做空,61,0.004184080471740807,0.16262304474345535
时序加减修正后,2025-02-05,Q01,做空,122,5.200067059123568e-6,0.16262909046125262
时序加减修正后,2025-02-06,Q01,做空,252,-0.0031525851121812823,0.15896380329967563
时序加减修正后,2025-02-07,Q01,做空,51,-0.010036720456007649,0.14733160758732522
时序加减修正后,2025-02-10,Q01,做空,124,0.0018632345903414158,0.14946935552517382
时序加减修正后,2025-02-11,Q01,做空,29,-0.0007353326609831881,0.14862411316525703
时序加减修正后,2025-02-12,Q01,做空,1257,-0.0005260078999677961,0.14801992780763862
时序加减修正后,2025-02-13,Q01,做空,326,-0.0006811784312210797,0.1472379213942041
时序加减修正后,2025-02-14,Q01,做空,76,-5.279568684177081e-6,0.147231864472801
时序加减修正后,2025-02-17,Q01,做空,78,0.0010949359387338448,0.14848800987127286
时序加减修正后,2025-02-18,Q01,做空,60,0.006749660582196763,0.15623991412062677
时序加减修正后,2025-02-19,Q01,做空,15,-0.005325501043504725,0.1500823572514356
时序加减修正后,2025-02-20,Q01,做空,514,0.00032181210691988754,0.15045246767795417
时序加减修正后,2025-02-21,Q01,做空,148,-0.005789031413646503,0.1437924622026594
时序加减修正后,2025-02-24,Q01,做空,252,0.0018388285224939444,0.14589570040597133
时序加减修正后,2025-02-25,Q01,做空,106,0.0003027502470498768,0.1462426206123626
时序加减修正后,2025-02-26,Q01,做空,96,-0.000710165310465527,0.1454285988658266
时序加减修正后,2025-02-27,Q01,做空,277,0.003003395168065129,0.14886877358502382
时序加减修正后,2025-02-28,Q01,做空,19,0.0071846999497594015,0.15712305100488022
时序加减修正后,2025-03-03,Q01,做空,1,0.0013868253445252776,0.1587277785787482
时序加减修正后,2025-03-04,Q01,做空,73,-0.0008655152233175564,0.15772488204670743
时序加减修正后,2025-03-05,Q01,做空,1473,-0.0015451850529678284,0.15593598286351984
时序加减修正后,2025-03-06,Q01,做空,144,-0.0011560189732335857,0.1545996989354863
时序加减修正后,2025-03-07,Q01,做空,229,0.0002045430324893642,0.1548358642592178
时序加减修正后,2025-03-10,Q01,做空,24,0.0016956024070774827,0.1567940067304352
时序加减修正后,2025-03-11,Q01,做空,319,0.00033102349189677944,0.15717693272194833
时序加减修正后,2025-03-12,Q01,做空,498,0.001086315158990106,0.1584339915655979
时序加减修正后,2025-03-13,Q01,做空,6,0.0002813402534229681,0.15875990567835885
时序加减修正后,2025-03-14,Q01,做空,36,-0.004093096336469494,0.15401698975357903
时序加减修正后,2025-03-17,Q01,做空,998,0.00005170276532710947,0.15407665562318362
时序加减修正后,2025-03-18,Q01,做空,507,0.001445460961522563,0.15574482837549164
时序加减修正后,2025-03-19,Q01,做空,215,-0.00041915407275028397,0.15526039322361807
时序加减修正后,2025-03-20,Q01,做空,194,0.00008682684572179533,0.15536070083954878
时序加减修正后,2025-03-21,Q01,做空,494,-0.00020952138967052298,0.15511862805993815
时序加减修正后,2025-03-24,Q01,做空,54,0.002266423187662709,0.1577366157030744
时序加减修正后,2025-03-25,Q01,做空,40,-0.00039331507441602297,0.15728126043991497
时序加减修正后,2025-03-26,Q01,做空,209,0.0046769964192121104,0.16269386075101377
时序加减修正后,2025-03-27,Q01,做空,28,0.0003843762912895597,0.1631407727051144
时序加减修正后,2025-03-28,Q01,做空,4,0.004205926787108183,0.16803285763821263
时序加减修正后,2025-04-01,Q01,做空,111,0.000368584819191276,0.1684633768178545
时序加减修正后,2025-04-02,Q01,做空,81,-0.0035560485476809037,0.16430826432370305
时序加减修正后,2025-04-03,Q01,做空,4,0.0632906761020422,0.2379981215639455
时序加减修正后,2025-04-07,Q01,做空,1571,0.006519230034244372,0.2460689161003835
时序加减修正后,2025-04-08,Q01,做空,494,0.0020737260537379214,0.24865292167645392
时序加减修正后,2025-04-09,Q01,做空,204,-0.002400413118854939,0.24565563882236519
时序加减修正后,2025-04-10,Q01,做空,387,0.0011726346825615284,0.24711633782697673
时序加减修正后,2025-04-11,Q01,做空,160,0.001647935151049751,0.24917150467753002
时序加减修正后,2025-04-14,Q01,做空,1510,0.0010316344161434027,0.2504601929934209
时序加减修正后,2025-04-15,Q01,做空,90,0.002527418761423582,0.2536206295456058
时序加减修正后,2025-04-16,Q01,做空,715,0.000570860219118226,0.2543362716928792
时序加减修正后,2025-04-17,Q01,做空,225,0.0005726662507772239,0.25505458774280343
时序加减修正后,2025-04-18,Q01,做空,55,0.0015633376759730956,0.25701666186522476
时序加减修正后,2025-04-21,Q01,做空,25,-0.0009305504232179373,0.25584694447853407
时序加减修正后,2025-04-22,Q01,做空,290,0.0005902134807848629,0.25658816227496795
时序加减修正后,2025-04-23,Q01,做空,506,0.00026277000991828425,0.25691835595883217
时序加减修正后,2025-04-24,Q01,做空,33,0.0017207269186408005,0.25908116920846425
时序加减修正后,2025-04-25,Q01,做空,95,-0.0005869606447767614,0.2583421381135593
时序加减修正后,2025-04-29,Q01,做空,406,-0.0001794846915880653,0.2581162849629879
时序加减修正后,2025-04-30,Q01,做空,292,-0.0002841874112749643,0.25775874415288125
时序加减修正后,2025-05-06,Q01,做空,152,-0.007332134062907196,0.24853668842195842
时序加减修正后,2025-05-07,Q01,做空,708,0.0013389118835452098,0.25020836903112875
时序加减修正后,2025-05-08,Q01,做空,249,-0.0015049589010414641,0.24832685681799882
时序加减修正后,2025-05-09,Q01,做空,18,-0.006443409921808375,0.24028337516311793
时序加减修正后,2025-05-12,Q01,做空,230,-0.003344338064071844,0.2361354482613245
时序加减修正后,2025-05-13,Q01,做空,603,-0.000043536363449777826,0.23608163141917582
时序加减修正后,2025-05-14,Q01,做空,540,-0.0006662050448641013,0.2352581476004605
时序加减修正后,2025-05-15,Q01,做空,30,0.0013270897567660238,0.236897446035103
时序加减修正后,2025-05-16,Q01,做空,243,0.0008530231931562049,0.2379525482441267
时序加减修正后,2025-05-19,Q01,做空,18,-0.0006786837451121149,0.23711236997241314
时序加减修正后,2025-05-20,Q01,做空,473,-0.0010616452022669512,0.23579899556016692
时序加减修正后,2025-05-21,Q01,做空,279,-0.0004559219771285548,0.23523556763877762
时序加减修正后,2025-05-23,Q01,做空,32,0.001685188921101144,0.23731717293231247
时序加减修正后,2025-05-27,Q01,做空,71,-0.000026022725161427345,0.2372849745675838
时序加减修正后,2025-05-28,Q01,做空,189,0.0009599146590820359,0.23847266255213317
时序加减修正后,2025-05-29,Q01,做空,35,-0.002209543635087487,0.2357362031633612
时序加减修正后,2025-05-30,Q01,做空,1,0.00018395540246274322,0.2359635235139519
时序加减修正后,2025-06-03,Q01,做空,388,0.00030058053247201537,0.23633503008796586
时序加减修正后,2025-06-04,Q01,做空,109,-0.0013203176273537134,0.2347026751544259
时序加减修正后,2025-06-05,Q01,做空,75,0.0016418115681153722,0.23672982428967737
时序加减修正后,2025-06-09,Q01,做空,247,0.0007742928695078583,0.2376874153741324
时序加减修正后,2025-06-10,Q01,做空,24,0.0003339243103255285,0.2381007092907097
时序加减修正后,2025-06-11,Q01,做空,354,-0.0003925624470126823,0.23761467744662235
时序加减修正后,2025-06-12,Q01,做空,28,0.0003828447862750701,0.23808849177330016
时序加减修正后,2025-06-13,Q01,做空,374,7.848357442871637e-6,0.23809820873432952
时序加减修正后,2025-06-16,Q01,做空,804,-0.0004635195605283002,0.23752432599672613
时序加减修正后,2025-06-17,Q01,做空,61,0.001834124622396079,0.2397940998338508
时序加减修正后,2025-06-18,Q01,做空,29,0.00377998082970815,0.24448049776400804
时序加减修正后,2025-06-19,Q01,做空,3,-0.0004896403406746686,0.24387114990911996
时序加减修正后,2025-06-23,Q01,做空,23,-0.0015892157408297467,0.24189437029812044
时序加减修正后,2025-06-24,Q01,做空,600,-0.00040264772239728095,0.24139432435846198
时序加减修正后,2025-06-25,Q01,做空,697,-0.0015815255607843184,0.23943102750347656
时序加减修正后,2025-06-26,Q01,做空,742,0.00029852877039005925,0.23980103332410052
时序加减修正后,2025-06-27,Q01,做空,83,-0.001616119306393568,0.23779736693805864
时序加减修正后,2025-06-30,Q01,做空,8,-0.000208309807931073,0.2375395216062941
时序加减修正后,2025-07-01,Q01,做空,504,0.0002542918358711985,0.2378542178032066
时序加减修正后,2025-07-02,Q01,做空,354,-0.000816219865971677,0.23684385659945884
时序加减修正后,2025-07-03,Q01,做空,144,-0.00004251694422742326,0.23679126977818976
时序加减修正后,2025-07-07,Q01,做空,24,0.002092252873505155,0.23937894986630925
时序加减修正后,2025-07-08,Q01,做空,456,-0.0008338941983662121,0.23834543895043847
时序加减修正后,2025-07-09,Q01,做空,675,-0.00024896565151586266,0.2380371334714284
时序加减修正后,2025-07-10,Q01,做空,44,-0.001015586896259761,0.23677979918159187
时序加减修正后,2025-07-14,Q01,做空,622,0.0002872554895946164,0.23713507096832642
时序加减修正后,2025-07-15,Q01,做空,523,0.0009312678121065834,0.23828717503914731
时序加减修正后,2025-07-16,Q01,做空,665,0.0005154974310032155,0.23892550889672437
时序加减修正后,2025-07-17,Q01,做空,38,-0.0030740786858491206,0.23511695439647018
时序加减修正后,2025-07-18,Q01,做空,21,-0.010587898243795194,0.22203966176413403
时序加减修正后,2025-07-21,Q01,做空,193,-0.0006503631091693843,0.22124489225018085
时序加减修正后,2025-07-22,Q01,做空,207,-0.0009517508956927362,0.22008257133012155
时序加减修正后,2025-07-23,Q01,做空,340,-0.0017733844455827185,0.21791889587579805
时序加减修正后,2025-07-24,Q01,做空,66,-0.0013142697121524675,0.21631822195909045
时序加减修正后,2025-07-25,Q01,做空,15,0.0019289768281547973,0.21866447162491198
时序加减修正后,2025-07-28,Q01,做空,47,0.0006306672981117253,0.2194330434545364
时序加减修正后,2025-07-29,Q01,做空,497,0.0002364661664592727,0.21972139811157598
时序加减修正后,2025-07-30,Q01,做空,275,-0.0014120440609324512,0.2179990977553803
时序加减修正后,2025-08-01,Q01,做空,20,0.0006322188335616374,0.2187691397242424
时序加减修正后,2025-08-04,Q01,做空,51,-0.0005733911718433613,0.21807030825900942
时序加减修正后,2025-08-05,Q01,做空,673,-0.0012496843567169251,0.21654810484939668
时序加减修正后,2025-08-06,Q01,做空,322,-0.0006270063572600469,0.2157853214537433
时序加减修正后,2025-08-07,Q01,做空,100,0.004461761997808935,0.22120986619849958
时序加减修正后,2025-08-11,Q01,做空,10,0.0010879825334995986,0.22253852120266093
时序加减修正后,2025-08-12,Q01,做空,474,-0.0032271720849113015,0.21859317901430697
时序加减修正后,2025-08-13,Q01,做空,509,0.00008864069695667727,0.21870119596300142
时序加减修正后,2025-08-14,Q01,做空,643,0.0006779949977431306,0.2195274692776079
时序加减修正后,2025-08-15,Q01,做空,25,-0.0011496293218806386,0.21812546474008743
时序加减修正后,2025-08-18,Q01,做空,211,-0.0017677787807563175,0.21597208839122106
时序加减修正后,2025-08-19,Q01,做空,733,0.002255281900876371,0.21871444823414055
时序加减修正后,2025-08-20,Q01,做空,213,0.0024282729112162765,0.2216738195152952
时序加减修正后,2025-08-21,Q01,做空,798,-0.0002815887506302918,0.2213298099107801
时序加减修正后,2025-08-22,Q01,做空,46,-0.0035678823064106678,0.2169722488917074
时序加减修正后,2025-08-25,Q01,做空,799,-0.0005198591655099382,0.21633959471394992
时序加减修正后,2025-08-26,Q01,做空,660,0.00001845045993777052,0.21636203673891297
时序加减修正后,2025-08-27,Q01,做空,974,-0.00016982979363637778,0.21615546222522664
时序加减修正后,2025-08-28,Q01,做空,136,0.000010739258975852007,0.21616852283369048
时序加减修正后,2025-08-29,Q01,做空,205,-0.0008535340445566207,0.21513048159553394
时序加减修正后,2025-09-01,Q01,做空,225,0.00025578642833150094,0.21544129548137803
时序加减修正后,2025-09-02,Q01,做空,127,0.001290711488090749,0.21701007952455575
时序加减修正后,2025-09-03,Q01,做空,58,0.008045455637580618,0.226801480129859
时序加减修正后,2025-09-04,Q01,做空,63,0.009268708673069283,0.2381723456488729
时序加减修正后,2025-09-05,Q01,做空,1723,-0.002640632479705854,0.23490278753747895
时序加减修正后,2025-09-08,Q01,做空,595,0.0016053727463190052,0.236885266816945
时序加减修正后,2025-09-10,Q01,做空,292,0.0032161575750500535,0.24086328473728602
时序加减修正后,2025-09-11,Q01,做空,19,-0.004001880642087934,0.23589749797861814
时序加减修正后,2025-09-12,Q01,做空,571,0.0010125104672433593,0.23714885713176148
时序加减修正后,2025-09-15,Q01,做空,299,0.0012615114135580954,0.23870953453530364
时序加减修正后,2025-09-16,Q01,做空,1575,0.0011334971386012121,0.24011360824825756
时序加减修正后,2025-09-17,Q01,做空,159,0.0010812803091356494,0.2414545186739474
时序加减修正后,2025-09-18,Q01,做空,55,-0.006789956106380983,0.23302509698408302
时序加减修正后,2025-09-19,Q01,做空,81,0.0019320265512951552,0.2354073342098697
时序加减修正后,2025-09-22,Q01,做空,25,0.0012647442606976255,0.23696980854543548
时序加减修正后,2025-09-23,Q01,做空,390,0.0021245117294221507,0.23959776541263134
时序加减修正后,2025-09-24,Q01,做空,178,-0.0037320523819023826,0.23497152161962243
时序加减修正后,2025-09-25,Q01,做空,816,0.0003634193690633016,0.23542033419082076
时序加减修正后,2025-09-26,Q01,做空,1,0.0038922287058085203,0.24022887267929782
时序加减修正后,2025-09-29,Q01,做空,8,-0.00912233639974147,0.2289150876900452
时序加减修正后,2025-09-30,Q01,做空,517,0.00022893602572877106,0.22919643062617912
时序加减修正后,2025-10-09,Q01,做空,152,-0.003630103093153019,0.22473432086127043
时序加减修正后,2025-10-10,Q01,做空,23,0.00495421549345812,0.2308019186090513
时序加减修正后,2025-10-13,Q01,做空,70,0.004119854861970192,0.2358726438775549
时序加减修正后,2025-10-14,Q01,做空,1366,0.003589176573573034,0.24030840901887984
时序加减修正后,2025-10-15,Q01,做空,989,-0.001155051358438962,0.23887578910615925
时序加减修正后,2025-10-16,Q01,做空,1036,0.0009482263212703401,0.24005052373817426
时序加减修正后,2025-10-17,Q01,做空,52,0.004638112953846128,0.2458020181357481
时序加减修正后,2025-10-20,Q01,做空,2,0.001451861928217113,0.2476107506559755
时序加减修正后,2025-10-21,Q01,做空,122,0.004241269084812928,0.25290220356261317
时序加减修正后,2025-10-22,Q01,做空,264,0.0024431940174839506,0.2559632867308499
时序加减修正后,2025-10-23,Q01,做空,219,0.0031846878697235057,0.25996313777491964
时序加减修正后,2025-10-24,Q01,做空,47,-0.0038275782068747967,0.25514053032730666
时序加减修正后,2025-10-27,Q01,做空,775,0.00039784026390876653,0.25563987576713476
时序加减修正后,2025-10-28,Q01,做空,236,0.0004941299081973878,0.25626032498367635
时序加减修正后,2025-10-29,Q01,做空,595,0.00042779384808959203,0.2567977454223034
时序加减修正后,2025-10-30,Q01,做空,200,0.0006854823979301727,0.2576592581545485
时序加减修正后,2025-10-31,Q01,做空,1,0.005587831139564514,0.26468684572022605
时序加减修正后,2025-11-03,Q01,做空,5,0.0030883700121194122,0.2685926666492702
时序加减修正后,2025-11-04,Q01,做空,278,0.0013028002258775658,0.27024538946192744
时序加减修正后,2025-11-05,Q01,做空,560,-0.0018755335081940367,0.2678630016703627
时序加减修正后,2025-11-06,Q01,做空,751,-0.0026512194935991544,0.264501618565121
时序加减修正后,2025-11-07,Q01,做空,30,-0.00243900496182808,0.26141749284320115
时序加减修正后,2025-11-10,Q01,做空,121,-0.0035859160662834602,0.2568941555893238
时序加减修正后,2025-11-11,Q01,做空,72,0.0027743266562336227,0.2603811905492397
时序加减修正后,2025-11-12,Q01,做空,198,-0.00033553695250546555,0.2599582860855676
时序加减修正后,2025-11-13,Q01,做空,73,-0.0028339213399018784,0.2563876634112434
时序加减修正后,2025-11-14,Q01,做空,93,0.001774569538748017,0.2586172106875919
时序加减修正后,2025-11-17,Q01,做空,57,-0.0009617521486290028,0.25740673288091154
时序加减修正后,2025-11-18,Q01,做空,172,0.0015271254332071484,0.25932695068257994
时序加减修正后,2025-11-19,Q01,做空,635,-0.00031772089223093243,0.25892683620019863
时序加减修正后,2025-11-20,Q01,做空,335,0.004396150226510606,0.2644612676963205
时序加减修正后,2025-11-21,Q01,做空,35,0.004483994036646826,0.2701311044802417
时序加减修正后,2025-11-24,Q01,做空,91,0.0025426753984372757,0.27336063559239343
时序加减修正后,2025-11-25,Q01,做空,231,0.0005349954238530094,0.27404187770534993
时序加减修正后,2025-11-26,Q01,做空,1016,0.0007704564040601885,0.2750234714290689
时序加减修正后,2025-11-27,Q01,做空,24,-0.0029444621244086497,0.27126921310971386
时序加减修正后,2025-12-01,Q01,做空,124,0.000490802411267425,0.2718931551048782
时序加减修正后,2025-12-02,Q01,做空,32,0.0007737603485793443,0.27287729559592777
时序加减修正后,2025-12-03,Q01,做空,124,0.0011791381600027484,0.2743781937881662
时序加减修正后,2025-12-04,Q01,做空,81,-0.0005787415018543762,0.2736406582383628
时序加减修正后,2025-12-05,Q01,做空,226,-0.0016386528379725297,0.27155360335918344
时序加减修正后,2025-12-08,Q01,做空,216,-0.0010631848351160308,0.2702017068510547
时序加减修正后,2025-12-09,Q01,做空,28,0.0024951149862317834,0.27337100616535603
时序加减修正后,2025-12-10,Q01,做空,1239,-0.001052621591921799,0.27203062834973935
时序加减修正后,2025-12-11,Q01,做空,777,0.0014792192316558806,0.27391224051844976
时序加减修正后,2025-12-12,Q01,做空,205,-0.0007860731654523634,0.27291085229103706
时序加减修正后,2025-12-15,Q01,做空,120,0.0015338150418150083,0.2748632621031706
时序加减修正后,2025-12-16,Q01,做空,239,-0.0002531966301031697,0.2745404710213637
时序加减修正后,2025-12-17,Q01,做空,621,-0.002127370861327634,0.27182905076173003
时序加减修正后,2025-12-18,Q01,做空,660,0.0006691588408895052,0.2726801064151474
时序加减修正后,2025-12-22,Q01,做空,11,0.0012103572397873822,0.2742205039958805
时序加减修正后,2025-12-23,Q01,做空,74,0.0007013848613447359,0.2751142229673982
时序加减修正后,2025-12-24,Q01,做空,477,-0.0016136470745794526,0.2730566386317521
时序加减修正后,2025-12-25,Q01,做空,489,-0.0018826054679926501,0.2706599752427996
时序加减修正后,2025-12-26,Q01,做空,20,-2.1857194951735436e-7,0.27065969751217156
时序加减修正后,2025-12-29,Q01,做空,2,0.004150012973695993,0.2759329517419997
时序加减修正后,2025-12-30,Q01,做空,282,0.00003442609670320369,0.2759768771331832
时序加减修正后,2025-12-31,Q01,做空,142,0.0010387601497044876,0.2773023110650934
时序加减修正后,2026-01-05,Q01,做空,15,-0.01023371663565437,0.26423076115558675
时序加减修正后,2026-01-06,Q01,做空,350,-0.0004036947283488449,0.26372039786189183
时序加减修正后,2026-01-07,Q01,做空,541,0.0008187519800259382,0.26475507143984056
时序加减修正后,2026-01-08,Q01,做空,170,-0.001846865250958859,0.2624192392474243
时序加减修正后,2026-01-09,Q01,做空,678,-0.0026157934485408745,0.25911701127208886
时序加减修正后,2026-01-12,Q01,做空,181,-0.0012868195486760528,0.25749675488791346
时序加减修正后,2026-01-13,Q01,做空,124,0.001161102179931702,0.2589568371112707
时序加减修正后,2026-01-14,Q01,做空,567,-0.0038169030146188256,0.25415152096442584
时序加减修正后,2026-01-15,Q01,做空,177,0.0017525465558986784,0.2563494798930672
时序加减修正后,2026-01-16,Q01,做空,1057,0.001169113463911069,0.257818294985388
时序加减修正后,2026-01-20,Q01,做空,102,0.007005810547436304,0.26663033166315486
时序加减修正后,2026-01-21,Q01,做空,267,-0.0014280712816713609,0.264821493262013
时序加减修正后,2026-01-22,Q01,做空,402,-0.0011020234736797965,0.2634276302864236
时序加减修正后,2026-01-26,Q01,做空,16,0.002458622711856151,0.2665339221530323
时序加减修正后,2026-01-27,Q01,做空,122,-0.0061000334338683895,0.2588080228827705
时序加减修正后,2026-01-28,Q01,做空,999,-0.0005381748011838478,0.25813056412532687
时序加减修正后,2026-01-29,Q01,做空,62,-0.0013836198730190986,0.25638978967395043
时序加减修正后,2026-01-30,Q01,做空,126,-0.002355795842988069,0.2534299918302638
时序加减修正后,2026-02-02,Q01,做空,6,0.0075921656874318915,0.26294624000583555
时序加减修正后,2026-02-03,Q01,做空,104,-0.0005265357197528759,0.26228125369834476
时序加减修正后,2026-02-04,Q01,做空,1397,-0.0013891301916599036,0.26052778069846605
时序加减修正后,2026-02-05,Q01,做空,179,0.0026843659564307707,0.2639114985601083
时序加减修正后,2026-02-06,Q01,做空,3,0.0028336066364621124,0.26749292657032897
时序加减修正后,2026-02-09,Q01,做空,5,0.0031743009109050035,0.271516330521707
时序加减修正后,2026-02-10,Q01,做空,185,0.000992397480031532,0.2727781801239355
时序加减修正后,2026-02-11,Q01,做空,257,-0.0008647275683265098,0.27167757374321777
时序加减修正后,2026-02-12,Q01,做空,316,-0.0010502105981893555,0.27034204447779286
时序加减修正后,2026-02-13,Q01,做空,74,0.002581824330263771,0.2736218444759826
时序加减修正后,2026-02-24,Q01,做空,381,0.0011235503799665405,0.27505282278327714
时序加减修正后,2026-02-25,Q01,做空,214,-0.001459114677090498,0.2731923744954885
时序加减修正后,2026-02-26,Q01,做空,257,-0.0004229434860830833,0.27265388607416496
时序加减修正后,2026-02-27,Q01,做空,117,0.0004254792666349522,0.273195373916292
时序加减修正后,2026-03-02,Q01,做空,28,-0.0035160864203394987,0.26871870895162586
时序加减修正后,2026-03-03,Q01,做空,156,0.009338899618178869,0.2805671456182306
时序加减修正后,2026-03-04,Q01,做空,111,0.0019008290226600628,0.2830012848140868
时序加减修正后,2026-03-05,Q01,做空,1526,0.0010826088537631872,0.28439027336441614
时序加减修正后,2026-03-06,Q01,做空,136,0.0003469627134858028,0.2848359088988375
时序加减修正后,2026-03-09,Q01,做空,772,-0.004137974242138074,0.27951929100244
时序加减修正后,2026-03-10,Q01,做空,425,-0.0010786828750689679,0.2781390954549152
时序加减修正后,2026-03-11,Q01,做空,466,0.00010497332355024392,0.2782732659637248
时序加减修正后,2026-03-12,Q01,做空,17,0.005022425033316454,0.2846932976141201
时序加减修正后,2026-03-13,Q01,做空,39,-0.0008032217241960984,0.2836614040485472
时序加减修正后,2026-03-16,Q01,做空,309,-0.0059108257862214835,0.2760739051207197
时序加减修正后,2026-03-17,Q01,做空,54,-0.0005167426403473925,0.27541450332170925
时序加减修正后,2026-03-18,Q01,做空,147,0.0009474112345810526,0.27662284535090387
时序加减修正后,2026-03-19,Q01,做空,370,0.0016337489687086074,0.27870852660792567
时序加减修正后,2026-03-20,Q01,做空,146,0.0037494186298106,0.28350294017968714
时序加减修正后,2026-03-23,Q01,做空,506,0.005988641522627824,0.291189379181662
时序加减修正后,2026-03-24,Q01,做空,221,0.002981136529811772,0.2950385910068454
时序加减修正后,2026-03-25,Q01,做空,358,0.0005331878488281463,0.2957290898473337
时序加减修正后,2026-03-26,Q01,做空,194,0.001836538320670106,0.29810874597404546
时序加减修正后,2026-03-27,Q01,做空,30,-0.0002143600263176874,0.29783048334909523
时序加减修正后,2026-03-30,Q01,做空,6,-0.0004375236846196155,0.2972626517740087
时序加减修正后,2026-03-31,Q01,做空,461,0.004587391277538045,0.3032137031474327
时序加减修正后,2026-04-01,Q01,做空,99,-0.0033125671109177565,0.2988967202958892
时序加减修正后,2026-04-03,Q01,做空,206,0.0035217002116695265,0.3034710451506919
时序加减修正后,2026-04-07,Q01,做空,1256,-0.0019571965076798955,0.3009198961732611
时序加减修正后,2026-04-08,Q01,做空,278,-0.0004468569181979468,0.30033857111763473
时序加减修正后,2026-04-09,Q01,做空,473,0.000512051170990239,0.3010044110056591
时序加减修正后,2026-04-10,Q01,做空,286,0.0005746221366127582,0.3017519969400537
时序加减修正后,2026-04-13,Q01,做空,412,-0.0005216394673156067,0.30107295172179294
时序加减修正后,2026-04-14,Q01,做空,1173,-0.0034051034635441684,0.2966426637075614
时序加减修正后,2026-04-15,Q01,做空,570,-0.0008294037085745419,0.29556722347358644
时序加减修正后,2026-04-16,Q01,做空,266,-0.003054417396869985,0.29161002040739414
时序加减修正后,2026-04-17,Q01,做空,352,-0.0012220520757647466,0.2900316057008767
时序加减修正后,2026-04-20,Q01,做空,390,0.0021978554877419717,0.292866908744827
时序加减修正后,2026-04-21,Q01,做空,174,-0.0006881257008742601,0.2919772537971097
时序加减修正后,2026-04-22,Q01,做空,171,-0.000752298252464562,0.2910053015668541
时序加减修正后,2026-04-23,Q01,做空,12,0.0011736906308215111,0.2925205423936441
时序加减修正后,2026-04-24,Q01,做空,57,-0.004061624596687851,0.2872708091669338
时序加减修正后,2026-04-27,Q01,做空,244,0.0004946962000355941,0.2879076171446455
时序加减修正后,2026-04-30,Q01,做空,570,0.0010044860459872819,0.2892013023745881
时序加减修正后,2026-05-06,Q01,做空,270,0.0007346649827148347,0.29014843342711316
时序加减修正后,2026-05-07,Q01,做空,701,0.0005766752594312812,0.2908924301096647
时序加减修正后,2026-05-08,Q01,做空,64,0.0013999871989653911,0.2926996629870595
时序加减修正后,2026-05-11,Q01,做空,779,-0.002107367050335312,0.2899754703113011
时序加减修正后,2026-05-12,Q01,做空,457,0.001227763251640492,0.2915592547892669
时序加减修正后,2026-05-13,Q01,做空,338,-0.0005598965846256114,0.2908361151736687
时序加减修正后,2026-05-14,Q01,做空,143,0.003402212124907695,0.29522781345598137
时序加减修正后,2026-05-15,Q01,做空,250,-0.0019275967483990827,0.2927311365343277
时序加减修正后,2026-05-18,Q01,做空,6,0.000044260195863898844,0.29278835306763007
时序加减修正后,2026-05-19,Q01,做空,145,-0.0022043775424867035,0.2899385594549395
时序加减修正后,2026-05-20,Q01,做空,993,-0.0018091914221391582,0.2876048136780871
时序加减修正后,2026-05-21,Q01,做空,79,0.00368233601182487,0.29234620725249294
时序加减修正后,2026-05-22,Q01,做空,44,-0.002220394592355164,0.2894766887224589
时序加减修正后,2026-05-25,Q01,做空,378,0.0004872419784838693,0.2901049758954808
时序加减修正后,2026-05-26,Q01,做空,114,-0.000691488060526848,0.2892128837078227
时序加减修正后,2026-05-27,Q01,做空,277,0.002589519354746978,0.29255132542257334
时序加减修正后,2026-05-28,Q01,做空,2,-0.0012335207138676196,0.2909569365889275
时序加减修正后,2026-05-29,Q01,做空,255,0.002447556734071387,0.294116626932472
时序加减修正后,2026-06-02,Q01,做空,21,-0.0002573719757492654,0.2937835575793484
时序加减修正后,2026-06-03,Q01,做空,358,-0.002716849990710668,0.29026854173295735
时序加减修正后,2026-06-04,Q01,做空,41,0.002528035042881284,0.29353038582118574
时序加减修正后,2026-06-05,Q01,做空,221,0.00014597853401624987,0.2937192134906135
时序加减修正后,2026-06-08,Q01,做空,685,0.002121807014002753,0.29646423599194804
时序加减修正后,2026-06-09,Q01,做空,1414,-0.0017798047276218747,0.2941567828155369
时序加减修正后,2026-06-10,Q01,做空,321,-0.00024447405636560815,0.293840395057269
时序加减修正后,2026-06-11,Q01,做空,4,-0.0017621376100578345,0.2915604702357264
时序加减修正后,2026-06-12,Q01,做空,58,-0.007562152173767541,0.28179349341818116
时序加减修正后,2026-06-15,Q01,做空,951,-0.0024779957619927165,0.2786172145737411
时序加减修正后,2026-06-16,Q01,做空,488,-0.0011714738896846596,0.2771193478919667
时序加减修正后,2026-06-17,Q01,做空,594,-0.0008700406160580915,0.276008202187747
时序加减修正后,2026-06-18,Q01,做空,120,-0.003785230633851218,0.2711782168517807
时序加减修正后,2026-06-22,Q01,做空,59,0.0025582147013125706,0.2744301636541191
时序加减修正后,2026-06-23,Q01,做空,52,0.005556372182372098,0.2815113719638229
时序加减修正后,2026-06-24,Q01,做空,385,-9.142626216786296e-6,0.2814996555843565
时序加减修正后,2026-06-25,Q01,做空,1416,-0.0004461756368129633,0.2809278816594507
时序加减修正后,2026-06-26,Q01,做空,433,0.00008848262519765738,0.2810412215211089
时序加减修正后,2026-06-29,Q01,做空,9,-0.0015623871812648657,0.27903973913793245
时序加减修正后,2026-06-30,Q01,做空,307,0.00008381656678922471,0.27914694385765393
时序加减修正后,2024-02-01,Q02,做空,157,0.0020018932910559695,0.002001893291055934
时序加减修正后,2024-02-02,Q02,做空,265,0.004086025612827452,0.006096098691144691
时序加减修正后,2024-02-05,Q02,做空,320,-0.002750005426833013,0.0033293289598286258
时序加减修正后,2024-02-06,Q02,做空,136,-0.0148436947253204,-0.011563785308211671
时序加减修正后,2024-02-07,Q02,做空,364,-0.00042259237064142354,-0.0119814909114061
时序加减修正后,2024-02-08,Q02,做空,295,0.00046847741675989354,-0.01151862655255742
时序加减修正后,2024-02-19,Q02,做空,170,0.0028324832739171518,-0.008718769595688958
时序加减修正后,2024-02-20,Q02,做空,430,-0.0007265401805472171,-0.009438975239799974
时序加减修正后,2024-02-21,Q02,做空,182,-0.008363400576834485,-0.017723433885669215
时序加减修正后,2024-02-22,Q02,做空,351,-0.0001891060052324316,-0.017909188283120603
时序加减修正后,2024-02-23,Q02,做空,354,0.0005053717683184179,-0.017412867312954106
时序加减修正后,2024-02-26,Q02,做空,122,-0.0024571883639837922,-0.01982726898199294
时序加减修正后,2024-02-27,Q02,做空,221,-0.001259706579171157,-0.021061999019980515
时序加减修正后,2024-02-28,Q02,做空,266,0.0018589373594295466,-0.019242214597393503
时序加减修正后,2024-02-29,Q02,做空,34,-0.001403058070162147,-0.02061827472307698
时序加减修正后,2024-03-01,Q02,做空,214,-0.0016411567596032145,-0.022225593661747034
时序加减修正后,2024-03-04,Q02,做空,535,0.001122718315302812,-0.021127828427516704
时序加减修正后,2024-03-05,Q02,做空,392,0.0005650537027948451,-0.02057471308240688
时序加减修正后,2024-03-06,Q02,做空,354,-0.0017071282436620999,-0.022246717652260828
时序加减修正后,2024-03-07,Q02,做空,274,0.0019067068636230656,-0.020382428757878324
时序加减修正后,2024-03-08,Q02,做空,273,-0.0008481524347612505,-0.021213293786062182
时序加减修正后,2024-03-11,Q02,做空,84,-0.0006937165379938614,-0.02189229431133133
时序加减修正后,2024-03-12,Q02,做空,196,0.0010450108552411584,-0.0208701611412917
时序加减修正后,2024-03-13,Q02,做空,273,-0.000571698689445872,-0.02142992838696456
时序加减修正后,2024-03-14,Q02,做空,201,0.003103035033542364,-0.01839339117197325
时序加减修正后,2024-03-15,Q02,做空,364,-0.001148138633482801,-0.019520411642450775
时序加减修正后,2024-03-18,Q02,做空,242,-0.0012759066373765255,-0.020771412057048355
时序加减修正后,2024-03-19,Q02,做空,408,0.000855308092316894,-0.01993386992155277
时序加减修正后,2024-03-20,Q02,做空,115,-0.00047961224959378696,-0.02040392164295035
时序加减修正后,2024-03-21,Q02,做空,244,0.002201989169466809,-0.018246861687955862
时序加减修正后,2024-03-22,Q02,做空,362,-0.0009636845386127854,-0.019192962008081738
时序加减修正后,2024-03-25,Q02,做空,219,0.001881049410536376,-0.017348015507417158
时序加减修正后,2024-03-26,Q02,做空,140,0.0021573520203933836,-0.015228089263328415
时序加减修正后,2024-03-27,Q02,做空,431,0.001794992164496844,-0.013460431399739514
时序加减修正后,2024-03-28,Q02,做空,2,-0.0019660915131680667,-0.015400058472968992
时序加减修正后,2024-03-29,Q02,做空,151,0.00024584980483208506,-0.015157994769506855
时序加减修正后,2024-04-01,Q02,做空,141,-0.00009705828312257675,-0.01525358184368153
时序加减修正后,2024-04-02,Q02,做空,318,0.0020488581552705436,-0.01323597611396854
时序加减修正后,2024-04-03,Q02,做空,258,0.0018428705592274028,-0.011417497745444094
时序加减修正后,2024-04-08,Q02,做空,475,0.0006547523023082728,-0.010770221076071174
时序加减修正后,2024-04-09,Q02,做空,638,-0.0002818502357670162,-0.01104903572248861
时序加减修正后,2024-04-10,Q02,做空,329,0.00105476481845101,-0.01000592503819564
时序加减修正后,2024-04-11,Q02,做空,77,-0.000016089783646559415,-0.010021853828673155
时序加减修正后,2024-04-12,Q02,做空,249,-0.0013742809633953013,-0.011382361949133779
时序加减修正后,2024-04-15,Q02,做空,16,-0.0015584152151859598,-0.012923038718273494
时序加减修正后,2024-04-16,Q02,做空,211,0.0024213677895519115,-0.010532962358417164
时序加减修正后,2024-04-17,Q02,做空,293,-0.00250024782290977,-0.013006875165121556
时序加减修正后,2024-04-18,Q02,做空,306,-0.0023382450676733535,-0.01531470697109416
时序加减修正后,2024-04-19,Q02,做空,192,0.0017725259378948977,-0.013569326748536836
时序加减修正后,2024-04-22,Q02,做空,499,0.0007872538077201155,-0.01279275544496783
时序加减修正后,2024-04-23,Q02,做空,102,0.0022382081711554086,-0.010583180123580949
时序加减修正后,2024-04-24,Q02,做空,696,-0.0008904453090466652,-0.011464201689531772
时序加减修正后,2024-04-25,Q02,做空,555,-0.0016609460736445555,-0.01310610634239262
时序加减修正后,2024-04-26,Q02,做空,46,-0.00550619300464978,-0.018540134595981805
时序加减修正后,2024-04-29,Q02,做空,51,-0.0009576187541254103,-0.019479998969514023
时序加减修正后,2024-04-30,Q02,做空,97,0.0015739859510861222,-0.017936674263133057
时序加减修正后,2024-05-06,Q02,做空,469,-0.0006824503164378,-0.018606883690544085
时序加减修正后,2024-05-07,Q02,做空,332,0.0005357084280905224,-0.01808114312686704
时序加减修正后,2024-05-08,Q02,做空,117,0.0012370426477426584,-0.016866467624292336
时序加减修正后,2024-05-09,Q02,做空,407,-0.00017724301640921974,-0.017040721177103646
时序加减修正后,2024-05-10,Q02,做空,193,0.002363950987471632,-0.01471705361928588
时序加减修正后,2024-05-13,Q02,做空,40,-0.00110272823512787,-0.01580355294384994
时序加减修正后,2024-05-14,Q02,做空,465,0.00057117925758595,-0.015241400347901668
时序加减修正后,2024-05-15,Q02,做空,418,0.0010743124241787917,-0.014183461949478504
时序加减修正后,2024-05-16,Q02,做空,341,-0.0003666060196300299,-0.014544868226578633
时序加减修正后,2024-05-17,Q02,做空,208,-0.001298853556765887,-0.015824830129515743
时序加减修正后,2024-05-20,Q02,做空,205,0.00107347786564255,-0.014768339868744818
时序加减修正后,2024-05-21,Q02,做空,56,0.0016403214322053827,-0.013152243260944219
时序加减修正后,2024-05-22,Q02,做空,521,0.0003211729357201399,-0.012835294469803471
时序加减修正后,2024-05-23,Q02,做空,302,0.0004656202164664595,-0.012375650625926382
时序加减修正后,2024-05-24,Q02,做空,451,0.001677257073785673,-0.010719150699695645
时序加减修正后,2024-05-27,Q02,做空,121,-0.003807912694739105,-0.014486245804408604
时序加减修正后,2024-05-28,Q02,做空,319,0.0009559141085603563,-0.013544179302592663
时序加减修正后,2024-05-29,Q02,做空,38,-0.000724409863419408,-0.01425877762893335
时序加减修正后,2024-05-30,Q02,做空,29,0.0003591782944317072,-0.013904720777931145
时序加减修正后,2024-05-31,Q02,做空,57,0.00009872345330414216,-0.013807370046679535
时序加减修正后,2024-06-03,Q02,做空,4,0.0014172655646689236,-0.012409673192116388
时序加减修正后,2024-06-04,Q02,做空,525,-0.00020917486196378292,-0.01261625226240326
时序加减修正后,2024-06-05,Q02,做空,561,0.0007118304214188572,-0.011913402473149093
时序加减修正后,2024-06-06,Q02,做空,181,0.00039056211089550063,-0.011527493285871437
时序加减修正后,2024-06-07,Q02,做空,469,0.001426195158475592,-0.010117738582509528
时序加减修正后,2024-06-11,Q02,做空,113,-0.0015453482789128598,-0.011647451431517353
时序加减修正后,2024-06-12,Q02,做空,550,-0.00004874714160740206,-0.011695630793160494
时序加减修正后,2024-06-13,Q02,做空,27,0.0017563295399735648,-0.009959842635037575
时序加减修正后,2024-06-14,Q02,做空,239,-0.0017904762712513801,-0.011732486044385593
时序加减修正后,2024-06-17,Q02,做空,204,0.0011732847107993496,-0.010572966880081913
时序加减修正后,2024-06-18,Q02,做空,30,0.0009369772063413014,-0.009645896302710733
时序加减修正后,2024-06-19,Q02,做空,137,0.0026301237561524994,-0.0070411424475732565
时序加减修正后,2024-06-20,Q02,做空,305,0.0005648429173576363,-0.006480276669657226
时序加减修正后,2024-06-21,Q02,做空,485,-0.00035954555561081936,-0.006837492270592271
时序加减修正后,2024-06-24,Q02,做空,190,0.0005001021903329897,-0.006340809525120172
时序加减修正后,2024-06-25,Q02,做空,238,0.0021525481613690403,-0.004201910261635966
时序加减修正后,2024-06-26,Q02,做空,351,-0.003320644733414669,-0.007508601943870041
时序加减修正后,2024-06-27,Q02,做空,198,0.0016996527717466703,-0.005821711188229162
时序加减修正后,2024-06-28,Q02,做空,6,0.00841542969768246,0.002544726308228551
时序加减修正后,2024-07-01,Q02,做空,22,0.0010774185582042926,0.0036248866017829506
时序加减修正后,2024-07-02,Q02,做空,590,0.0005256278182183081,0.004152419761237036
时序加减修正后,2024-07-03,Q02,做空,430,0.0012795148937923017,0.005437247737959172
时序加减修正后,2024-07-04,Q02,做空,47,0.002911216291745114,0.008364293033901182
时序加减修正后,2024-07-05,Q02,做空,486,-0.0005274782988149146,0.007832402752026013
时序加减修正后,2024-07-08,Q02,做空,342,0.0015552470165921637,0.00939983108963105
时序加减修正后,2024-07-09,Q02,做空,156,-0.004178408924277532,0.0051821458272418575
时序加减修正后,2024-07-10,Q02,做空,474,0.001183384479340527,0.006371662777524101
时序加减修正后,2024-07-11,Q02,做空,264,-0.0044553136065753115,0.0018879614150795199
时序加减修正后,2024-07-12,Q02,做空,181,0.00247931677381153,0.004371959043295792
时序加减修正后,2024-07-15,Q02,做空,136,0.0008905791166719556,0.005266431735390764
时序加减修正后,2024-07-16,Q02,做空,580,-0.00003737009416815046,0.005228864834172731
时序加减修正后,2024-07-17,Q02,做空,780,-0.00010454335597620602,0.005123774835118722
时序加减修正后,2024-07-18,Q02,做空,169,-0.006177158484313935,-0.0010850340183896634
时序加减修正后,2024-07-19,Q02,做空,244,-0.0006766685855687743,-0.0017609683955239763
时序加减修正后,2024-07-22,Q02,做空,126,0.0021382509474942852,0.00037351715963018783
时序加减修正后,2024-07-23,Q02,做空,62,0.003629400629682594,0.0040042734327272456
时序加减修正后,2024-07-24,Q02,做空,262,0.0019492800133671605,0.005961358896264812
时序加减修正后,2024-07-25,Q02,做空,433,-0.00039485562399503457,0.0055641493961828825
时序加减修正后,2024-07-26,Q02,做空,573,0.0006316984817256154,0.006199362742634218
时序加减修正后,2024-07-29,Q02,做空,105,-0.0005846792325125231,0.005611058871471286
时序加减修正后,2024-07-30,Q02,做空,92,-0.0021869481034113764,0.003411839673502781
时序加减修正后,2024-07-31,Q02,做空,81,-0.0021380798444389022,0.0012664650434255353
时序加减修正后,2024-08-01,Q02,做空,272,0.0016895320509989046,0.0029581368277067366
时序加减修正后,2024-08-02,Q02,做空,119,0.0014082883641064097,0.004370591101487076
时序加减修正后,2024-08-05,Q02,做空,384,0.004576565229768903,0.00896715862652453
时序加减修正后,2024-08-06,Q02,做空,685,0.00041664955156292755,0.009387544340708098
时序加减修正后,2024-08-07,Q02,做空,582,0.0002645691816236574,0.009654597177255475
时序加减修正后,2024-08-08,Q02,做空,380,-0.002589674506242246,0.0070399204068352095
时序加减修正后,2024-08-09,Q02,做空,372,0.002195105377048153,0.009250479151022395
时序加减修正后,2024-08-13,Q02,做空,213,0.001106729684882642,0.010367446615780818
时序加减修正后,2024-08-14,Q02,做空,804,0.0005727220180943818,0.010946106298823643
时序加减修正后,2024-08-15,Q02,做空,387,-0.000774144406295583,0.010163488025566103
时序加减修正后,2024-08-16,Q02,做空,632,-0.0005132864789111754,0.00964498476567277
时序加减修正后,2024-08-19,Q02,做空,23,0.0014581566935268474,0.011117205358294635
时序加减修正后,2024-08-20,Q02,做空,21,0.0036965685098298957,0.014854869379369307
时序加减修正后,2024-08-21,Q02,做空,667,-0.00011358947015322592,0.014739592552474035
时序加减修正后,2024-08-22,Q02,做空,332,0.0015044805359467723,0.016266248518523874
时序加减修正后,2024-08-23,Q02,做空,311,-0.00010103291079375392,0.016163572181294494
时序加减修正后,2024-08-26,Q02,做空,189,0.0012271458311131158,0.017410553072625623
时序加减修正后,2024-08-27,Q02,做空,15,-0.00009072936663869768,0.017318244057533905
时序加减修正后,2024-08-28,Q02,做空,233,0.0010467400198247506,0.01838311177648677
时序加减修正后,2024-08-29,Q02,做空,75,-0.006804822620712608,0.011453195340918487
时序加减修正后,2024-08-30,Q02,做空,149,-0.0037600803924876815,0.007650050013198184
时序加减修正后,2024-09-02,Q02,做空,239,0.0006627338798162595,0.008317853840340339
时序加减修正后,2024-09-03,Q02,做空,311,0.00075368637939321,0.009077809272878712
时序加减修正后,2024-09-04,Q02,做空,430,0.0004526159400864894,0.009534533974143056
时序加减修正后,2024-09-05,Q02,做空,727,0.00013120771839841144,0.009666992696990118
时序加减修正后,2024-09-06,Q02,做空,209,0.0018111496210970269,0.011495650688247538
时序加减修正后,2024-09-09,Q02,做空,116,0.0012854913092551529,0.01279591955655679
时序加减修正后,2024-09-10,Q02,做空,477,-0.0002012835684276588,0.012592060379779557
时序加减修正后,2024-09-11,Q02,做空,681,-0.0007076568935899318,0.011875492627857254
时序加减修正后,2024-09-12,Q02,做空,257,0.0028526341434884856,0.01476200320708676
时序加减修正后,2024-09-13,Q02,做空,56,0.002156358382697882,0.016950193759145638
时序加减修正后,2024-09-18,Q02,做空,112,-0.00027735670144985694,0.016668135807865747
时序加减修正后,2024-09-19,Q02,做空,405,-0.004024270844263496,0.012576787870642425
时序加减修正后,2024-09-20,Q02,做空,184,0.0013988259898012432,0.01399320659818537
时序加减修正后,2024-09-23,Q02,做空,358,-0.001087973549431671,0.01289000881010316
时序加减修正后,2024-09-24,Q02,做空,75,-0.001066338075324893,0.011809925627592754
时序加减修正后,2024-09-25,Q02,做空,338,0.0017311686738005001,0.013561539274679513
时序加减修正后,2024-09-26,Q02,做空,481,-0.006431132677186541,0.007043190539110622
时序加减修正后,2024-09-27,Q02,做空,426,-0.0019320831574666851,0.005097499351828461
时序加减修正后,2024-09-30,Q02,做空,358,-0.007590613218577833,-0.0025318070127110515
时序加减修正后,2024-10-08,Q02,做空,118,0.017973869411589013,0.015396556030256026
时序加减修正后,2024-10-09,Q02,做空,91,0.013525988018795192,0.029130797681447218
时序加减修正后,2024-10-10,Q02,做空,284,-0.001901526236291778,0.027173878469080037
时序加减修正后,2024-10-11,Q02,做空,322,0.004504743800561814,0.031801033630212805
时序加减修正后,2024-10-14,Q02,做空,418,-0.002259097904739478,0.029470094077030717
时序加减修正后,2024-10-15,Q02,做空,392,0.004055922885712863,0.033645545391754794
时序加减修正后,2024-10-16,Q02,做空,341,0.00220830005295433,0.035928144904379344
时序加减修正后,2024-10-17,Q02,做空,504,0.0029419282952028243,0.03897577122567042
时序加减修正后,2024-10-18,Q02,做空,245,-0.008036521208657865,0.030626020404933785
时序加减修正后,2024-10-21,Q02,做空,454,0.0016327356095379628,0.032308760208565435
时序加减修正后,2024-10-22,Q02,做空,341,0.0017235069781262905,0.034087951560365815
时序加减修正后,2024-10-23,Q02,做空,553,-0.0017582539902903371,0.03226976229322376
时序加减修正后,2024-10-24,Q02,做空,15,0.00011353942876060804,0.03238696561236143
时序加减修正后,2024-10-25,Q02,做空,303,-0.0024668688000217863,0.029840202417343198
时序加减修正后,2024-10-28,Q02,做空,82,-0.0036870215685112493,0.026043159378910552
时序加减修正后,2024-10-29,Q02,做空,484,0.0021162850678607837,0.028214559196084954
时序加减修正后,2024-10-30,Q02,做空,179,0.0026309281262336948,0.03091971779967695
时序加减修正后,2024-10-31,Q02,做空,388,-0.0016638957879398938,0.02920437482352578
时序加减修正后,2024-11-01,Q02,做空,139,0.0012302684246226576,0.030470572468354495
时序加减修正后,2024-11-04,Q02,做空,86,-0.000291515864710375,0.030170173948362855
时序加减修正后,2024-11-05,Q02,做空,46,-0.004104010664614971,0.02594234456811062
时序加减修正后,2024-11-06,Q02,做空,278,0.00034096096585521044,0.026292150860826258
时序加减修正后,2024-11-07,Q02,做空,366,-0.003089181434160672,0.023121748202362236
时序加减修正后,2024-11-08,Q02,做空,361,0.00283339277568776,0.02602065397236797
时序加减修正后,2024-11-11,Q02,做空,34,-0.0032588169252609506,0.02267704049953556
时序加减修正后,2024-11-12,Q02,做空,395,0.0042279607466793375,0.02700087888329783
时序加减修正后,2024-11-13,Q02,做空,332,0.00023678105357117076,0.027244053233418386
时序加减修正后,2024-11-14,Q02,做空,521,0.0018375014837716407,0.029131615705430436
时序加减修正后,2024-11-15,Q02,做空,659,0.002961161329251054,0.03217904044856712
时序加减修正后,2024-11-18,Q02,做空,92,-0.0006232959444194263,0.03153568743874069
时序加减修正后,2024-11-19,Q02,做空,157,0.003047387959784272,0.034679176872729256
时序加减修正后,2024-11-20,Q02,做空,503,-0.0011232506432181694,0.033516972821782565
时序加减修正后,2024-11-21,Q02,做空,629,0.00038654703063734314,0.03391647573874024
时序加减修正后,2024-11-22,Q02,做空,59,0.008118223753595978,0.042310041031316636
时序加减修正后,2024-11-25,Q02,做空,48,0.0017836469487519935,0.0441691541556557
时序加减修正后,2024-11-26,Q02,做空,604,0.00023665620100901105,0.04441626326088888
时序加减修正后,2024-11-27,Q02,做空,33,-0.0008352258944686389,0.04354393975320914
时序加减修正后,2024-11-28,Q02,做空,220,0.0007477168047030731,0.04432421509340867
时序加减修正后,2024-11-29,Q02,做空,180,-0.008665865929773038,0.03527424145819369
时序加减修正后,2024-12-02,Q02,做空,264,-0.0018448646562429724,0.033364300600608576
时序加减修正后,2024-12-03,Q02,做空,378,0.0019718747763753136,0.03540196559976949
时序加减修正后,2024-12-04,Q02,做空,449,0.001003847407031053,0.0364413511781716
时序加减修正后,2024-12-05,Q02,做空,618,-0.00031359407495871913,0.036116329311399964
时序加减修正后,2024-12-06,Q02,做空,177,-0.006092437083068656,0.02980385576433031
时序加减修正后,2024-12-09,Q02,做空,234,0.00023828067761260326,0.03004923812489002
时序加减修正后,2024-12-10,Q02,做空,283,0.001930736311500651,0.03203799159157139
时序加减修正后,2024-12-11,Q02,做空,123,8.894275189841136e-6,0.032047170821475124
时序加减修正后,2024-12-12,Q02,做空,516,0.00010841404153240525,0.0321590592263159
时序加减修正后,2024-12-13,Q02,做空,359,0.001714805592028447,0.03392901135294002
时序加减修正后,2024-12-16,Q02,做空,517,0.0007814720503371605,0.034736997977345085
时序加减修正后,2024-12-17,Q02,做空,384,-0.0012839270428438947,0.033408471163410836
时序加减修正后,2024-12-18,Q02,做空,598,-0.0003701412691143894,0.03302596404038094
时序加减修正后,2024-12-19,Q02,做空,119,-0.002467158043543327,0.03047732572400963
时序加减修正后,2024-12-20,Q02,做空,296,-0.00044125249283948704,0.030022625035219352
时序加减修正后,2024-12-23,Q02,做空,76,0.002570061416870311,0.032669846442325845
时序加减修正后,2024-12-24,Q02,做空,202,-0.00007220821062939721,0.03259527920054328
时序加减修正后,2024-12-25,Q02,做空,323,0.0005714804607607683,0.033185387226480234
时序加减修正后,2024-12-26,Q02,做空,296,-0.0005743563665787775,0.03259197062147057
时序加减修正后,2024-12-27,Q02,做空,182,0.0002906318809287008,0.03289207476812406
时序加减修正后,2024-12-30,Q02,做空,218,-0.00003350654356552762,0.03285746612482243
时序加减修正后,2024-12-31,Q02,做空,55,0.002386739346812564,0.03532262767887184
时序加减修正后,2025-01-02,Q02,做空,206,0.0031847266287619736,0.03861984722060052
时序加减修正后,2025-01-03,Q02,做空,247,0.0024897626639365715,0.04120576413823396
时序加减修正后,2025-01-06,Q02,做空,459,-0.0005045808608204173,0.040680391637473834
时序加减修正后,2025-01-07,Q02,做空,547,0.000649197515401069,0.04135599876205154
时序加减修正后,2025-01-08,Q02,做空,327,0.00012395235647588745,0.04148507729202855
时序加减修正后,2025-01-09,Q02,做空,461,0.0006332717970500493,0.04214462041852607
时序加减修正后,2025-01-10,Q02,做空,158,0.003997236218506432,0.046310318640184533
时序加减修正后,2025-01-13,Q02,做空,103,0.000018207110787823218,0.0463293689280746
时序加减修正后,2025-01-14,Q02,做空,88,-0.007988198199944401,0.03797108254665438
时序加减修正后,2025-01-15,Q02,做空,377,0.0003484474150535733,0.038332760887268114
时序加减修正后,2025-01-16,Q02,做空,348,0.0020856828527678448,0.04049839372211772
时序加减修正后,2025-01-17,Q02,做空,496,-0.0013492224859419366,0.03909452989272144
时序加减修正后,2025-01-20,Q02,做空,205,0.0014405588154459553,0.040591406677840114
时序加减修正后,2025-01-21,Q02,做空,163,0.002910899230406871,0.043620463402706644
时序加减修正后,2025-01-22,Q02,做空,306,0.0008062632748904886,0.044461896255272304
时序加减修正后,2025-01-23,Q02,做空,488,0.0010836002384614224,0.04559367541511827
时序加减修正后,2025-01-24,Q02,做空,305,-0.002306359480328373,0.04318216052925328
时序加减修正后,2025-01-27,Q02,做空,200,0.0012078795789420838,0.04444219895807322
时序加减修正后,2025-02-05,Q02,做空,170,7.34810898446834e-6,0.04444987363317909
时序加减修正后,2025-02-06,Q02,做空,342,-0.0027870632106338205,0.04153892581502494
时序加减修正后,2025-02-07,Q02,做空,140,-0.008243861426100401,0.03295262324071646
时序加减修正后,2025-02-10,Q02,做空,180,0.0013694962595966192,0.034367247994585126
时序加减修正后,2025-02-11,Q02,做空,102,-0.0009448241199054025,0.03338995286983959
时序加减修正后,2025-02-12,Q02,做空,315,-0.000598172475454501,0.032771807443621626
时序加减修正后,2025-02-13,Q02,做空,551,0.00018262914314707816,0.03296042167388147
时序加减修正后,2025-02-14,Q02,做空,288,-0.0007950182713077285,0.032139199265112994
时序加减修正后,2025-02-17,Q02,做空,345,0.00003183287052957314,0.03217205521861177
时序加减修正后,2025-02-18,Q02,做空,119,0.002626454235693369,0.03488300788500487
时序加减修正后,2025-02-19,Q02,做空,112,-0.003788398053919601,0.030962459111898877
时序加减修正后,2025-02-20,Q02,做空,516,-0.00026841368851241294,0.03068573467553093
时序加减修正后,2025-02-21,Q02,做空,340,-0.004881147341845516,0.02565480574144141
时序加减修正后,2025-02-24,Q02,做空,281,0.0018338314308053681,0.027535683761366503
时序加减修正后,2025-02-25,Q02,做空,381,0.00009990123106613437,0.027638335841138506
时序加减修正后,2025-02-26,Q02,做空,325,-0.0005011033222007637,0.027123382857027645
时序加减修正后,2025-02-27,Q02,做空,422,0.0018794911952057006,0.029053852211497366
时序加减修正后,2025-02-28,Q02,做空,42,0.0030025437524836022,0.03214363142642429
时序加减修正后,2025-03-03,Q02,做空,31,0.0033076753024943173,0.03555762742472024
时序加减修正后,2025-03-04,Q02,做空,341,-0.00035000077409183615,0.035195181453504754
时序加减修正后,2025-03-05,Q02,做空,725,-0.001816281025505681,0.033314976087735815
时序加减修正后,2025-03-06,Q02,做空,352,-0.001506703640746888,0.03175807665122621
时序加减修正后,2025-03-07,Q02,做空,209,-0.00009306262741750998,0.03166205853375392
时序加减修正后,2025-03-10,Q02,做空,153,0.00045593642026491867,0.0321324308396449
时序加减修正后,2025-03-11,Q02,做空,660,0.00021364170612342247,0.03235293737311484
时序加减修正后,2025-03-12,Q02,做空,662,0.0006657319300946673,0.03304020768665117
时序加减修正后,2025-03-13,Q02,做空,113,0.0009231340890622541,0.03399384231773861
时序加减修正后,2025-03-14,Q02,做空,83,-0.0026049701930360354,0.031300319178718006
时序加减修正后,2025-03-17,Q02,做空,446,-0.0003814314063858359,0.030906948847567506
时序加减修正后,2025-03-18,Q02,做空,460,0.0011767062311659885,0.03212002347802878
时序加减修正后,2025-03-19,Q02,做空,301,0.0002530608668239196,0.03238121266583649
时序加减修正后,2025-03-20,Q02,做空,319,-0.00006419368218072197,0.0323149403143812
时序加减修正后,2025-03-21,Q02,做空,459,0.0013482730855586002,0.033706782764227006
时序加减修正后,2025-03-24,Q02,做空,253,0.00008000804573456709,0.033789487623778536
时序加减修正后,2025-03-25,Q02,做空,304,0.00007881832800050783,0.0338709691826975
时序加减修正后,2025-03-26,Q02,做空,382,0.0010633108481265456,0.03497029539979257
时序加减修正后,2025-03-27,Q02,做空,135,0.0003541351268251202,0.03533681473661421
时序加减修正后,2025-03-28,Q02,做空,26,0.004534075363503339,0.04003110988123937
时序加减修正后,2025-03-31,Q02,做空,5,0.004482582723721862,0.044693135366526304
时序加减修正后,2025-04-01,Q02,做空,478,0.000493989435861325,0.04520920273911422
时序加减修正后,2025-04-02,Q02,做空,192,-0.0003788015821252581,0.04481327583946482
时序加减修正后,2025-04-03,Q02,做空,25,0.03280694397166371,0.07909040644078047
时序加减修正后,2025-04-07,Q02,做空,301,0.004179967413925213,0.08360096917638216
时序加减修正后,2025-04-08,Q02,做空,230,0.001600499511329437,0.08533527199802515
时序加减修正后,2025-04-09,Q02,做空,193,-0.00133605684708141,0.08388520237649333
时序加减修正后,2025-04-10,Q02,做空,214,0.0008446385093682302,0.08480069355815512
时序加减修正后,2025-04-11,Q02,做空,134,4.892611001712034e-7,0.08480122430893577
时序加减修正后,2025-04-14,Q02,做空,546,0.0008922879923518402,0.08576917941547513
时序加减修正后,2025-04-15,Q02,做空,148,0.001199058121209099,0.08707107976781181
时序加减修正后,2025-04-16,Q02,做空,621,-0.00012233099008465318,0.0869380972863314
时序加减修正后,2025-04-17,Q02,做空,463,-0.00016786702497004628,0.08675563622161331
时序加减修正后,2025-04-18,Q02,做空,201,-0.00008852972200317587,0.0866594260472533
时序加减修正后,2025-04-21,Q02,做空,136,-0.001206404642048523,0.08534847507134402
时序加减修正后,2025-04-22,Q02,做空,377,-0.0002688128865630902,0.08505671941483328
时序加减修正后,2025-04-23,Q02,做空,363,0.001086008665288193,0.08623510041444704
时序加减修正后,2025-04-24,Q02,做空,99,0.00030502387851058044,0.08656642805774961
时序加减修正后,2025-04-25,Q02,做空,293,-0.0004954141612196859,0.08602812766218393
时序加减修正后,2025-04-28,Q02,做空,1,0.003087057499215007,0.08938075893804198
时序加减修正后,2025-04-29,Q02,做空,428,-6.5673697820351085e-6,0.08937360457176458
时序加减修正后,2025-04-30,Q02,做空,555,-0.00029898310765946024,0.08904790026606757
时序加减修正后,2025-05-06,Q02,做空,233,-0.0020555130260946058,0.0868093481210297
时序加减修正后,2025-05-07,Q02,做空,489,0.00035856021154982113,0.08719903471080648
时序加减修正后,2025-05-08,Q02,做空,146,-0.0004327069100950149,0.08672859617583839
时序加减修正后,2025-05-09,Q02,做空,63,-0.005014638744002682,0.08127904485323945
时序加减修正后,2025-05-12,Q02,做空,627,-0.0025488633023965043,0.07852301237616266
时序加减修正后,2025-05-13,Q02,做空,599,0.0004376100759857738,0.07899498491356094
时序加减修正后,2025-05-14,Q02,做空,446,-0.0012461353085098284,0.07765041116515503
时序加减修正后,2025-05-15,Q02,做空,149,0.0004574129440557624,0.07814334241238896
时序加减修正后,2025-05-16,Q02,做空,512,0.0015116019434415762,0.07977306598408807
时序加减修正后,2025-05-19,Q02,做空,82,-0.0008464838803508716,0.0788590554892954
时序加减修正后,2025-05-20,Q02,做空,651,-0.000664808156906322,0.07814182118905388
时序加减修正后,2025-05-21,Q02,做空,497,-0.00015825030920900342,0.07797120491247944
时序加减修正后,2025-05-22,Q02,做空,14,0.0006535524589708075,0.07867571564414977
时序加减修正后,2025-05-23,Q02,做空,139,0.001036045115319434,0.07979327235035671
时序加减修正后,2025-05-26,Q02,做空,6,-0.002998735891499867,0.07655525750915948
时序加减修正后,2025-05-27,Q02,做空,223,-0.00028105751158616864,0.0762526835673989
时序加减修正后,2025-05-28,Q02,做空,235,0.0006964687719796239,0.07700225995226284
时序加减修正后,2025-05-29,Q02,做空,179,-0.0008114828234187239,0.0761282911175285
时序加减修正后,2025-05-30,Q02,做空,14,0.00026319037975294383,0.07641151773113064
时序加减修正后,2025-06-03,Q02,做空,580,-0.00024532353432607187,0.07614744865321166
时序加减修正后,2025-06-04,Q02,做空,207,-0.0007682505205294999,0.07532069781561734
时序加减修正后,2025-06-05,Q02,做空,140,0.00013455007067802527,0.0754653822915099
时序加减修正后,2025-06-06,Q02,做空,5,-0.0022083678966737354,0.07309035906727335
时序加减修正后,2025-06-09,Q02,做空,184,-0.0003471290592247185,0.07271785822046728
时序加减修正后,2025-06-10,Q02,做空,94,-0.0013079234759448383,0.07131482535063549
时序加减修正后,2025-06-11,Q02,做空,562,-0.00007956970982775348,0.07122958114084832
时序加减修正后,2025-06-12,Q02,做空,213,-0.000358235780308198,0.07084582837595899
时序加减修正后,2025-06-13,Q02,做空,627,-0.0006113257016250426,0.07019119279859476
时序加减修正后,2025-06-16,Q02,做空,815,-0.0006005760916580868,0.06954846155469685
时序加减修正后,2025-06-17,Q02,做空,115,0.00019609623224191045,0.06975819597820765
时序加减修正后,2025-06-18,Q02,做空,155,0.002348338438182949,0.07227035026938466
时序加减修正后,2025-06-19,Q02,做空,81,-0.0002214670413745751,0.07203287772735689
时序加减修正后,2025-06-20,Q02,做空,61,0.0005204823858354653,0.07259085195725068
时序加减修正后,2025-06-23,Q02,做空,116,-0.0010680972008199675,0.07144522067064996
时序加减修正后,2025-06-24,Q02,做空,357,-0.0009912115798847187,0.07038319176070917
时序加减修正后,2025-06-25,Q02,做空,524,-0.0019566404030333163,0.06828883676098241
时序加减修正后,2025-06-26,Q02,做空,354,0.00048060813016984294,0.06880226506129938
时序加减修正后,2025-06-27,Q02,做空,185,-0.001269383765827877,0.06744554481715048
时序加减修正后,2025-06-30,Q02,做空,75,-0.0003201756735991997,0.06710377472080808
时序加减修正后,2025-07-01,Q02,做空,449,0.00025584695919469736,0.06737678997671548
时序加减修正后,2025-07-02,Q02,做空,594,-0.00040349474910166314,0.066946109046647
时序加减修正后,2025-07-03,Q02,做空,510,0.000014883039344282474,0.06696198844756607
时序加减修正后,2025-07-07,Q02,做空,53,0.001290624881084165,0.06833903613702752
时序加减修正后,2025-07-08,Q02,做空,626,-0.001195819476393785,0.06706149551022311
时序加减修正后,2025-07-09,Q02,做空,540,0.000025089947202003613,0.06708826802680679
时序加减修正后,2025-07-10,Q02,做空,135,-0.0006643134641139855,0.06637938692295853
时序加减修正后,2025-07-14,Q02,做空,383,0.00008378446172204296,0.06646873294588329
时序加减修正后,2025-07-15,Q02,做空,581,0.0005426369488728994,0.06704743828519732
时序加减修正后,2025-07-16,Q02,做空,616,0.00035427606553049053,0.06742546765336721
时序加减修正后,2025-07-17,Q02,做空,337,-0.0009467664929923811,0.06641486498682614
时序加减修正后,2025-07-18,Q02,做空,71,-0.007988605492512211,0.05789569733909561
时序加减修正后,2025-07-21,Q02,做空,214,-0.0008353068062427147,0.057012029862813396
时序加减修正后,2025-07-22,Q02,做空,304,-0.0007110551346817086,0.05626043603155906
时序加减修正后,2025-07-23,Q02,做空,450,-0.0012014374356739508,0.05499140520188939
时序加减修正后,2025-07-24,Q02,做空,259,-0.0013316456491384264,0.0535865304872738
时序加减修正后,2025-07-25,Q02,做空,123,0.0015867844036930787,0.055258345161792066
时序加减修正后,2025-07-28,Q02,做空,174,0.0012327747832784355,0.05655924103955168
时序加减修正后,2025-07-29,Q02,做空,617,-0.00033200107576249877,0.05620846223491971
时序加减修正后,2025-07-30,Q02,做空,362,0.0002476463471276419,0.056470028402397565
时序加减修正后,2025-07-31,Q02,做空,9,-3.1212904205959703e-6,0.05646673085261833
时序加减修正后,2025-08-01,Q02,做空,113,0.0013238625617417615,0.05786534760531992
时序加减修正后,2025-08-04,Q02,做空,285,-0.00041237939375078945,0.05742910573460436
时序加减修正后,2025-08-05,Q02,做空,512,-0.0008066045743078121,0.056576178580912684
时序加减修正后,2025-08-06,Q02,做空,547,-0.0006764875222710996,0.05586141797977384
时序加减修正后,2025-08-07,Q02,做空,229,0.002846830148839185,0.05886727609747466
时序加减修正后,2025-08-08,Q02,做空,35,0.00030303034322319686,0.05918814501157832
时序加减修正后,2025-08-11,Q02,做空,75,0.0008097986888606101,0.06004587418266549
时序加减修正后,2025-08-12,Q02,做空,330,-0.0015856041734712727,0.05836506102049044
时序加减修正后,2025-08-13,Q02,做空,426,-0.0006850668843400401,0.05764001016564291
时序加减修正后,2025-08-14,Q02,做空,224,0.000369744120397237,0.058031066340898496
时序加减修正后,2025-08-15,Q02,做空,100,-0.0023605501375277525,0.05553353096173885
时序加减修正后,2025-08-18,Q02,做空,315,-0.001443269682770026,0.05401011141735457
时序加减修正后,2025-08-19,Q02,做空,274,0.001180054433030407,0.05525390072179159
时序加减修正后,2025-08-20,Q02,做空,367,-0.000189934666686449,0.05505347142388839
时序加减修正后,2025-08-21,Q02,做空,546,-0.0005794064521439026,0.05444216663518864
时序加减修正后,2025-08-22,Q02,做空,185,-0.0021544002148329053,0.05217047620486093
时序加减修正后,2025-08-25,Q02,做空,209,-0.0021218533685339533,0.04993792473565373
时序加减修正后,2025-08-26,Q02,做空,606,-0.00037113567361944904,0.049548255316698375
时序加减修正后,2025-08-27,Q02,做空,218,0.0004977816001591144,0.05007070112667411
时序加减修正后,2025-08-28,Q02,做空,250,-0.0008417813607811695,0.04918677118296322
时序加减修正后,2025-08-29,Q02,做空,430,-0.001585185687178827,0.04752361533010663
时序加减修正后,2025-09-01,Q02,做空,536,0.00015369366998238003,0.0476846130789399
时序加减修正后,2025-09-02,Q02,做空,262,0.0034471601975383237,0.051296149776719036
时序加减修正后,2025-09-03,Q02,做空,127,0.0064690495469042755,0.05809703665809418
时序加减修正后,2025-09-04,Q02,做空,133,0.006806733707377216,0.06529922142319067
时序加减修正后,2025-09-05,Q02,做空,328,-0.0032723697118388195,0.06181316851695984
时序加减修正后,2025-09-08,Q02,做空,411,8.049552032747816e-7,0.06181402322899476
时序加减修正后,2025-09-09,Q02,做空,1,0.0025631545577198267,0.06453561668208496
时序加减修正后,2025-09-10,Q02,做空,400,0.001741669711459508,0.06638968612243024
时序加减修正后,2025-09-11,Q02,做空,97,-0.00475837976312308,0.06131539902038208
时序加减修正后,2025-09-12,Q02,做空,388,0.000801596217045408,0.062166145429328745
时序加减修正后,2025-09-15,Q02,做空,542,0.0007956136145454312,0.06301121927554165
时序加减修正后,2025-09-16,Q02,做空,524,-0.0006595751803810108,0.06231008345884104
时序加减修正后,2025-09-17,Q02,做空,431,0.00010273727382687348,0.06241922230077446
时序加减修正后,2025-09-18,Q02,做空,110,-0.0021883490775838834,0.060094278175645055
时序加减修正后,2025-09-19,Q02,做空,151,0.0016302588307932837,0.06182250623411423
时序加减修正后,2025-09-22,Q02,做空,142,0.0007348393697150603,0.06260277521534463
时序加减修正后,2025-09-23,Q02,做空,490,0.0021457872276799636,0.06488289467849895
时序加减修正后,2025-09-24,Q02,做空,312,-0.0032860395789122356,0.061383647339678715
时序加减修正后,2025-09-25,Q02,做空,518,-0.00009979576564873308,0.061277725745945366
时序加减修正后,2025-09-26,Q02,做空,24,0.004232811935556431,0.06576991477042293
时序加减修正后,2025-09-29,Q02,做空,77,-0.004526953099100085,0.06094522435182537
时序加减修正后,2025-09-30,Q02,做空,370,-0.00019764441796134044,0.06073553445046942
时序加减修正后,2025-10-09,Q02,做空,328,-0.0029271816069423237,0.05763056890419582
时序加减修正后,2025-10-10,Q02,做空,56,0.0038269386742675643,0.06167805623142275
时序加减修正后,2025-10-13,Q02,做空,135,0.002687579837705319,0.06453140076948438
时序加减修正后,2025-10-14,Q02,做空,510,0.0030198127249605024,0.06774608623964817
时序加减修正后,2025-10-15,Q02,做空,579,-0.0012349488866967699,0.06642747439917174
时序加减修正后,2025-10-16,Q02,做空,481,0.001180849711250867,0.06768676497438597
时序加减修正后,2025-10-17,Q02,做空,227,0.0034850596397125884,0.07140771702685367
时序加减修正后,2025-10-20,Q02,做空,21,0.0010741106317644672,0.07255852744666669
时序加减修正后,2025-10-21,Q02,做空,257,0.0007941891577247447,0.07341034180019013
时序加减修正后,2025-10-22,Q02,做空,405,0.0006823003773823996,0.07414273008148653
时序加减修正后,2025-10-23,Q02,做空,438,0.0005878840612285992,0.07477420147198588
时序加减修正后,2025-10-24,Q02,做空,198,-0.003717130344408691,0.07077912567430666
时序加减修正后,2025-10-27,Q02,做空,416,-0.00019867395907515226,0.07056638974611396
时序加减修正后,2025-10-28,Q02,做空,299,0.00016180013901923734,0.0707396075368043
时序加减修正后,2025-10-29,Q02,做空,408,-0.0005916415924569746,0.0701061134502945
时序加减修正后,2025-10-30,Q02,做空,305,0.0018591622252553534,0.07209561431343592
时序加减修正后,2025-10-31,Q02,做空,14,0.00582346533026014,0.07833892595411429
时序加减修正后,2025-11-03,Q02,做空,33,0.0015719554776847926,0.08003402673556859
时序加减修正后,2025-11-04,Q02,做空,163,0.001843705419956298,0.08202529132439818
时序加减修正后,2025-11-05,Q02,做空,541,-0.0014600847763897925,0.08044544266886677
时序加减修正后,2025-11-06,Q02,做空,597,-0.000577367278603204,0.07982162882395372
时序加减修正后,2025-11-07,Q02,做空,82,-0.0018109801296704085,0.07786609331056527
时序加减修正后,2025-11-10,Q02,做空,49,-0.00335624624903157,0.07424850927793347
时序加减修正后,2025-11-11,Q02,做空,322,0.001843603904512606,0.07622899802405514
时序加减修正后,2025-11-12,Q02,做空,442,-0.0003271554769567273,0.07587690381289192
时序加减修正后,2025-11-13,Q02,做空,281,-0.00013308638934507135,0.07573371924038375
时序加减修正后,2025-11-14,Q02,做空,338,0.0010145854765884514,0.07682514304860155
时序加减修正后,2025-11-17,Q02,做空,124,-0.0012278430689137518,0.07550297076027723
时序加减修正后,2025-11-18,Q02,做空,221,0.00110329036602929,0.07668956282655293
时序加减修正后,2025-11-19,Q02,做空,767,0.00022829455815939336,0.07693536519457322
时序加减修正后,2025-11-20,Q02,做空,798,0.0030797892377928578,0.08025209914209808
时序加减修正后,2025-11-21,Q02,做空,222,0.002240750327457119,0.082672674386987
时序加减修正后,2025-11-24,Q02,做空,162,0.00032439658200558,0.08302388970198904
时序加减修正后,2025-11-25,Q02,做空,385,0.0005980122160047819,0.08367155121825576
时序加减修正后,2025-11-26,Q02,做空,619,-0.00019247586076065668,0.08346297060365315
时序加减修正后,2025-11-27,Q02,做空,89,-0.0026547423989990767,0.08058665551784605
时序加减修正后,2025-11-28,Q02,做空,3,-0.0007959336314039925,0.07972658025707302
时序加减修正后,2025-12-01,Q02,做空,325,0.00013836824631793067,0.07987598013048602
时序加减修正后,2025-12-02,Q02,做空,91,0.0008236507524238582,0.08076542079404514
时序加减修正后,2025-12-03,Q02,做空,317,0.001075676497722824,0.08192797475674496
时序加减修正后,2025-12-04,Q02,做空,327,0.0005048201630627241,0.08247415381338374
时序加减修正后,2025-12-05,Q02,做空,494,-0.0013817255059495753,0.08097847166552863
时序加减修正后,2025-12-08,Q02,做空,279,-0.00040731237189198336,0.08053817576027034
时序加减修正后,2025-12-09,Q02,做空,39,0.0023371631127352323,0.08306356972655937
时序加减修正后,2025-12-10,Q02,做空,455,-0.0008354027119032133,0.08215877548324624
时序加减修正后,2025-12-11,Q02,做空,528,0.0010640914763026751,0.08331029141224411
时序加减修正后,2025-12-12,Q02,做空,434,-0.0010691947665464933,0.0821520217181202
时序加减修正后,2025-12-15,Q02,做空,272,0.0010000889449068328,0.08323426999174921
时序加减修正后,2025-12-16,Q02,做空,414,-0.00006905896963502713,0.0831594629491903
时序加减修正后,2025-12-17,Q02,做空,740,-0.0035755505855844163,0.0792865714971609
时序加减修正后,2025-12-18,Q02,做空,552,-0.0004242881791799226,0.07882864296292702
时序加减修正后,2025-12-19,Q02,做空,13,0.0008632055368462505,0.07975989382084103
时序加减修正后,2025-12-22,Q02,做空,102,0.0004955755987562132,0.0802949964767341
时序加减修正后,2025-12-23,Q02,做空,135,0.0002669545015022676,0.08058338608899374
时序加减修正后,2025-12-24,Q02,做空,270,-0.0018655190692731627,0.07856753717630505
时序加减修正后,2025-12-25,Q02,做空,312,-0.0011487773819611063,0.07732850318467954
时序加减修正后,2025-12-26,Q02,做空,100,-0.002840418969608436,0.07426843886773393
时序加减修正后,2025-12-29,Q02,做空,12,0.0025753438652221425,0.07703504950137363
时序加减修正后,2025-12-30,Q02,做空,501,9.396679277183021e-6,0.077045170054304
时序加减修正后,2025-12-31,Q02,做空,210,0.0012058809279031784,0.07834395828336271
时序加减修正后,2026-01-05,Q02,做空,49,-0.0051599139946379834,0.07277979620198316
时序加减修正后,2026-01-06,Q02,做空,350,-0.0014283441069190823,0.07124749750205628
时序加减修正后,2026-01-07,Q02,做空,413,0.0007212233530707995,0.07202010621417343
时序加减修正后,2026-01-08,Q02,做空,145,-0.0012121192399278918,0.07072069001784165
时序加减修正后,2026-01-09,Q02,做空,285,-0.001696631542826684,0.06890407152160027
时序加减修正后,2026-01-12,Q02,做空,431,-0.0015077894833472366,0.06729238920385283
时序加减修正后,2026-01-13,Q02,做空,365,0.00227204124325223,0.06971732153073318
时序加减修正后,2026-01-14,Q02,做空,366,0.000694272903130268,0.0704599972810811
时序加减修正后,2026-01-15,Q02,做空,392,0.0013825261700118544,0.07193993624127293
时序加减修正后,2026-01-16,Q02,做空,626,0.001020976103827939,0.07303436130091412
时序加减修正后,2026-01-19,Q02,做空,8,-0.005053130822489038,0.06761217829623467
时序加减修正后,2026-01-20,Q02,做空,321,0.004096142144009146,0.07198526953321127
时序加减修正后,2026-01-21,Q02,做空,485,-0.0009495273430973649,0.07096739020839182
时序加减修正后,2026-01-22,Q02,做空,352,-0.0005774006676491891,0.07034901292225504
时序加减修正后,2026-01-23,Q02,做空,38,-0.0002756216168850905,0.07005400159668196
时序加减修正后,2026-01-26,Q02,做空,104,0.0011851009670023744,0.07132212362871893
时序加减修正后,2026-01-27,Q02,做空,292,-0.0029743483017676364,0.06813563848965765
时序加减修正后,2026-01-28,Q02,做空,474,-0.0004984745108975918,0.06760320009968934
时序加减修正后,2026-01-29,Q02,做空,282,0.0000937179424296338,0.06770325367493402
时序加减修正后,2026-01-30,Q02,做空,165,0.0002385823556379006,0.06795798883231807
时序加减修正后,2026-02-02,Q02,做空,29,0.007814273222124782,0.07630330434680466
时序加减修正后,2026-02-03,Q02,做空,236,-0.0008581228503933713,0.0753797038873909
时序加减修正后,2026-02-04,Q02,做空,533,-0.0009611820356409434,0.07434606823452139
时序加减修正后,2026-02-05,Q02,做空,342,0.0030447403993859646,0.0776171731113966
时序加减修正后,2026-02-06,Q02,做空,59,0.0012328035552824168,0.07894566339364184
时序加减修正后,2026-02-09,Q02,做空,28,0.00205040009937615,0.08115793368908575
时序加减修正后,2026-02-10,Q02,做空,242,0.00006637009408388457,0.0812296902428642
时序加减修正后,2026-02-11,Q02,做空,342,-0.0000331923978517924,0.08119380163681655
时序加减修正后,2026-02-12,Q02,做空,203,-0.00040728915659819727,0.08075344312522881
时序加减修正后,2026-02-13,Q02,做空,276,0.0018943000033911064,0.08280071437620595
时序加减修正后,2026-02-24,Q02,做空,522,-0.00021149146274510852,0.082571711269261
时序加减修正后,2026-02-25,Q02,做空,337,-0.0018284061925954846,0.08059233044844749
时序加减修正后,2026-02-26,Q02,做空,162,-0.0005561319153064597,0.07999137856604976
时序加减修正后,2026-02-27,Q02,做空,321,5.032234162243077e-6,0.07999681333555997
时序加减修正后,2026-03-02,Q02,做空,129,-0.001454928375984986,0.07842549532586474
时序加减修正后,2026-03-03,Q02,做空,362,0.005130544338604543,0.08395840514551556
时序加减修正后,2026-03-04,Q02,做空,252,0.002622113701479051,0.08680066733148095
时序加减修正后,2026-03-05,Q02,做空,567,0.0008210613391343857,0.08769299734277225
时序加减修正后,2026-03-06,Q02,做空,302,-0.00008327068074786378,0.08760242440643884
时序加减修正后,2026-03-09,Q02,做空,384,-0.003555393609284844,0.08373556969726148
时序加减修正后,2026-03-10,Q02,做空,289,-0.00038488319469535254,0.08331845808899141
时序加减修正后,2026-03-11,Q02,做空,431,0.00034321275958325444,0.0836902668064996
时序加减修正后,2026-03-12,Q02,做空,36,0.0022560463831824665,0.08613512231341836
时序加减修正后,2026-03-13,Q02,做空,103,0.001230948869685995,0.08747209911455633
时序加减修正后,2026-03-16,Q02,做空,390,-0.0014023904859641334,0.08594703858900665
时序加减修正后,2026-03-17,Q02,做空,278,0.0018190505826175644,0.08792243118224397
时序加减修正后,2026-03-18,Q02,做空,347,-0.0008762458191340137,0.08696914370037834
时序加减修正后,2026-03-19,Q02,做空,360,0.0030561322327937687,0.09029106513649321
时序加减修正后,2026-03-20,Q02,做空,336,0.0031520935479507203,0.09372776456829834
时序加减修正后,2026-03-23,Q02,做空,462,0.005018217616909319,0.09921632850455775
时序加减修正后,2026-03-24,Q02,做空,312,0.0005648192619703015,0.09983718705996947
时序加减修正后,2026-03-25,Q02,做空,332,0.0003198102348155278,0.10018892624902187
时序加减修正后,2026-03-26,Q02,做空,146,0.0019479454090349912,0.10233203421697978
时序加减修正后,2026-03-27,Q02,做空,180,-0.0016938394030249684,0.10046486078220651
时序加减修正后,2026-03-30,Q02,做空,27,-0.0020050405960150616,0.09825838406185006
时序加减修正后,2026-03-31,Q02,做空,238,0.003016396632081508,0.10157116695268953
时序加减修正后,2026-04-01,Q02,做空,281,-0.0009462853827713856,0.10052876625931972
时序加减修正后,2026-04-03,Q02,做空,193,0.0009532551129942415,0.10157785093275362
时序加减修正后,2026-04-07,Q02,做空,471,-0.0018651439041120366,0.09952324971918158
时序加减修正后,2026-04-08,Q02,做空,301,-0.0006255681914249528,0.09883542294842496
时序加减修正后,2026-04-09,Q02,做空,204,-0.00030361123833476904,0.09850180416493748
时序加减修正后,2026-04-10,Q02,做空,250,-0.0020821039224974813,0.096214609249615
时序加减修正后,2026-04-13,Q02,做空,346,-0.00017216451928464324,0.09602587998838086
时序加减修正后,2026-04-14,Q02,做空,638,-0.0015537803958701193,0.09432289646268854
时序加减修正后,2026-04-15,Q02,做空,338,0.0003110388976553821,0.09466327345008341
时序加减修正后,2026-04-16,Q02,做空,190,-0.000723003659310818,0.0938718278976658
时序加减修正后,2026-04-17,Q02,做空,340,-0.0010537624734377673,0.09271914681467641
时序加减修正后,2026-04-20,Q02,做空,465,-0.00012564647398101696,0.09258185050682766
时序加减修正后,2026-04-21,Q02,做空,253,0.0000921613774609774,0.0926825443551591
时序加减修正后,2026-04-22,Q02,做空,356,-0.0011850322188559843,0.09138768033511657
时序加减修正后,2026-04-23,Q02,做空,45,0.0027423674450902684,0.09438066637964027
时序加减修正后,2026-04-24,Q02,做空,231,-0.0033369567659439106,0.0907287654104465
时序加减修正后,2026-04-27,Q02,做空,489,-0.0000493468146552527,0.09067494142022059
时序加减修正后,2026-04-28,Q02,做空,6,0.001716209944182386,0.09254676860055633
时序加减修正后,2026-04-29,Q02,做空,66,-0.0006760675736807046,0.09180813315757597
时序加减修正后,2026-04-30,Q02,做空,371,-0.0005647168836485851,0.09119157067107708
时序加减修正后,2026-05-06,Q02,做空,191,-0.00047547581375296795,0.09067273547105192
时序加减修正后,2026-05-07,Q02,做空,286,-0.000628728272954663,0.08998699868572047
时序加减修正后,2026-05-08,Q02,做空,46,-0.00018737873039714506,0.08978275830575733
时序加减修正后,2026-05-11,Q02,做空,532,-0.0013856253393404266,0.08827272770147254
时序加减修正后,2026-05-12,Q02,做空,361,0.0000688109681817414,0.08834761280151149
时序加减修正后,2026-05-13,Q02,做空,404,-0.0007557474355863714,0.08752509688411014
时序加减修正后,2026-05-14,Q02,做空,364,0.0029029980278459993,0.09068218009559792
时序加减修正后,2026-05-15,Q02,做空,332,0.0011976072157749622,0.0919883889445976
时序加减修正后,2026-05-18,Q02,做空,84,0.0006367473821185177,0.0926837096925619
时序加减修正后,2026-05-19,Q02,做空,232,-0.000029648969600735843,0.09265131274646987
时序加减修正后,2026-05-20,Q02,做空,789,-0.002409058783926127,0.09001905150372957
时序加减修正后,2026-05-21,Q02,做空,150,0.0019320494923886144,0.09212502225888142
时序加减修正后,2026-05-22,Q02,做空,181,-0.0005573389841242338,0.09151633840843898
时序加减修正后,2026-05-25,Q02,做空,407,0.00018980512773243113,0.0917235138064727
时序加减修正后,2026-05-26,Q02,做空,380,0.0010181388328706624,0.09283503991063724
时序加减修正后,2026-05-27,Q02,做空,322,0.0030871478930065174,0.09620878330150107
时序加减修正后,2026-05-28,Q02,做空,8,0.0008778856281423941,0.09717112923780502
时序加减修正后,2026-05-29,Q02,做空,373,0.00246848497518516,0.09987947968553557
时序加减修正后,2026-06-01,Q02,做空,12,0.00035992277359279495,0.10027535135848176
时序加减修正后,2026-06-02,Q02,做空,128,-0.002494077682030138,0.09753117916057064
时序加减修正后,2026-06-03,Q02,做空,476,-0.0010064807400745283,0.0964265351671143
时序加减修正后,2026-06-04,Q02,做空,97,0.0003124389909551366,0.09676910156741836
时序加减修正后,2026-06-05,Q02,做空,381,-0.00020077615275129913,0.09654889648674914
时序加减修正后,2026-06-08,Q02,做空,440,0.0011745464845758266,0.09783684413828309
时序加减修正后,2026-06-09,Q02,做空,449,-0.0009515702267505582,0.09679217528357142
时序加减修正后,2026-06-10,Q02,做空,300,-0.0009860788463023104,0.09571065172073445
时序加减修正后,2026-06-11,Q02,做空,116,-0.005243712929988196,0.08996505960878065
时序加减修正后,2026-06-12,Q02,做空,80,-0.004179950600746452,0.08540905950307631
时序加减修正后,2026-06-15,Q02,做空,253,-0.002650747164598898,0.08253191451616848
时序加减修正后,2026-06-16,Q02,做空,427,-0.000552013966913509,0.08193434177972603
时序加减修正后,2026-06-17,Q02,做空,327,-0.00011622330306419343,0.08180859579682576
时序加减修正后,2026-06-18,Q02,做空,222,-0.002130999865314791,0.07950326182488632
时序加减修正后,2026-06-22,Q02,做空,140,0.0011211545982015585,0.08071355187065476
时序加减修正后,2026-06-23,Q02,做空,96,0.00496924727485748,0.08608388474318951
时序加减修正后,2026-06-24,Q02,做空,335,-0.0008864688991747949,0.08512110515746985
时序加减修正后,2026-06-25,Q02,做空,562,0.0002592507027844845,0.08540242356658823
时序加减修正后,2026-06-26,Q02,做空,340,0.0004461811255382867,0.08588670964159717
时序加减修正后,2026-06-29,Q02,做空,48,0.0018673644796460092,0.08791445591210167
时序加减修正后,2026-06-30,Q02,做空,254,-0.0008832167394950919,0.08695359165350136
时序加减修正后,2024-02-01,Q03,做空,211,0.0011196354383505357,0.0011196354383504747
时序加减修正后,2024-02-02,Q03,做空,245,0.0027537494941201174,0.0038764681279925828
时序加减修正后,2024-02-05,Q03,做空,329,0.0005051900656917911,0.004383616546872693
时序加减修正后,2024-02-06,Q03,做空,120,-0.015221947021260954,-0.010905057653226358
时序加减修正后,2024-02-07,Q03,做空,223,-0.0012689965158544853,-0.012160215688913678
时序加减修正后,2024-02-08,Q03,做空,277,0.0010073296981984506,-0.011165135337115162
时序加减修正后,2024-02-19,Q03,做空,168,0.001919840657592431,-0.009266729960290432
时序加减修正后,2024-02-20,Q03,做空,370,-0.0012911011272769208,-0.010545866802069481
时序加减修正后,2024-02-21,Q03,做空,194,-0.007352274113164293,-0.01782060481174408
时序加减修正后,2024-02-22,Q03,做空,229,-0.0010649189584612476,-0.018866546270290052
时序加减修正后,2024-02-23,Q03,做空,325,-0.0004373592863311597,-0.019295654097408854
时序加减修正后,2024-02-26,Q03,做空,207,-0.0025031928612824174,-0.021750546215100863
时序加减修正后,2024-02-27,Q03,做空,343,-0.0021181621011526464,-0.023822637133581348
时序加减修正后,2024-02-28,Q03,做空,206,0.002074395694912754,-0.021797659014579973
时序加减修正后,2024-02-29,Q03,做空,59,0.00004208937888645362,-0.021756487085622722
时序加减修正后,2024-03-01,Q03,做空,241,-0.0005041034222420844,-0.022249622988268936
时序加减修正后,2024-03-04,Q03,做空,464,0.0007599814352629594,-0.02150655085341857
时序加减修正后,2024-03-05,Q03,做空,374,0.00011809232733760248,-0.02139099828472424
时序加减修正后,2024-03-06,Q03,做空,352,-0.0015518532517365782,-0.022909655846214738
时序加减修正后,2024-03-07,Q03,做空,163,0.0019893231122748087,-0.02096590744180915
时序加减修正后,2024-03-08,Q03,做空,389,-0.00041912512998587445,-0.02137624523311321
时序加减修正后,2024-03-11,Q03,做空,203,-0.0011514074086411477,-0.022503039874624098
时序加减修正后,2024-03-12,Q03,做空,195,0.00015668630081703527,-0.022349879491882052
时序加减修正后,2024-03-13,Q03,做空,299,-0.0009171958751104348,-0.02324657614971326
时序加减修正后,2024-03-14,Q03,做空,236,0.0020857832694951037,-0.021209280199824265
时序加减修正后,2024-03-15,Q03,做空,362,-0.0023219860456029284,-0.023482018592765996
时序加减修正后,2024-03-18,Q03,做空,315,-0.0006584624838156049,-0.024125019048294005
时序加减修正后,2024-03-19,Q03,做空,329,0.0006596049278328588,-0.02348132710190942
时序加减修正后,2024-03-20,Q03,做空,246,-0.0003381380445909037,-0.023811525216469676
时序加减修正后,2024-03-21,Q03,做空,305,0.0016107701025397487,-0.02223911000684442
时序加减修正后,2024-03-22,Q03,做空,365,0.0008987068627902772,-0.021360389584839545
时序加减修正后,2024-03-25,Q03,做空,249,0.00208744367075386,-0.01931753452412943
时序加减修正后,2024-03-26,Q03,做空,289,0.000574059936666203,-0.018754564010108776
时序加减修正后,2024-03-27,Q03,做空,329,0.0010572470385155931,-0.01771714517885159
时序加减修正后,2024-03-28,Q03,做空,21,-0.0017017349642368831,-0.019388730257671183
时序加减修正后,2024-03-29,Q03,做空,199,-0.0006915882687056882,-0.02006690950798551
时序加减修正后,2024-04-01,Q03,做空,163,-0.0002559954928353135,-0.020317767962431565
时序加减修正后,2024-04-02,Q03,做空,249,0.001563635211586148,-0.01878590232825228
时序加减修正后,2024-04-03,Q03,做空,297,0.0012748795355095328,-0.01753497255517711
时序加减修正后,2024-04-08,Q03,做空,377,-0.00004783799781171304,-0.01758197171501008
时序加减修正后,2024-04-09,Q03,做空,386,-0.00029415341969588505,-0.017870953337600914
时序加减修正后,2024-04-10,Q03,做空,397,0.001454208190159219,-0.01644273323415124
时序加减修正后,2024-04-11,Q03,做空,184,-0.00030102411076017154,-0.01673880768576108
时序加减修正后,2024-04-12,Q03,做空,384,0.00020705504459783697,-0.016535218495735138
时序加减修正后,2024-04-15,Q03,做空,39,0.00113457516552164,-0.015419403778475282
时序加减修正后,2024-04-16,Q03,做空,264,0.0022172550844984608,-0.013236337445404533
时序加减修正后,2024-04-17,Q03,做空,258,-0.002208841279238285,-0.015415941756107499
时序加减修正后,2024-04-18,Q03,做空,344,-0.002508015777610041,-0.01788529410856654
时序加减修正后,2024-04-19,Q03,做空,300,0.0018248301525576002,-0.016093101579985558
时序加减修正后,2024-04-22,Q03,做空,299,0.0008524215936692498,-0.015254398093612287
时序加减修正后,2024-04-23,Q03,做空,266,0.0017868846571628754,-0.013494771286357121
时序加减修正后,2024-04-24,Q03,做空,431,-0.0009372801763160055,-0.014419403081062487
时序加减修正后,2024-04-25,Q03,做空,555,-0.000950648211771811,-0.015356343513080462
时序加减修正后,2024-04-26,Q03,做空,34,-0.004511052001629758,-0.019798122250567762
时序加减修正后,2024-04-29,Q03,做空,105,-0.0026361791551434656,-0.022382110008523304
时序加减修正后,2024-04-30,Q03,做空,68,0.001079842675875732,-0.02132643649021082
时序加减修正后,2024-05-06,Q03,做空,372,0.00024523234006537876,-0.021086434082071115
时序加减修正后,2024-05-07,Q03,做空,281,0.00045393576345116886,-0.02064207020517339
时序加减修正后,2024-05-08,Q03,做空,153,0.0012323610041907978,-0.019435147683349085
时序加减修正后,2024-05-09,Q03,做空,261,0.0007707865038860796,-0.018679341528998306
时序加减修正后,2024-05-10,Q03,做空,303,0.0015379564252431526,-0.017170113117079056
时序加减修正后,2024-05-13,Q03,做空,79,-0.0021586291668081914,-0.019291678376915367
时序加减修正后,2024-05-14,Q03,做空,441,0.000739182357250263,-0.0185667560879631
时序加减修正后,2024-05-15,Q03,做空,526,0.0005828218144356798,-0.01799475538399875
时序加减修正后,2024-05-16,Q03,做空,418,0.00016807259626539802,-0.01782970721298993
时序加减修正后,2024-05-17,Q03,做空,474,-0.0009298814106937684,-0.018743009110388176
时序加减修正后,2024-05-20,Q03,做空,209,0.0003591890830796437,-0.018390552311565056
时序加减修正后,2024-05-21,Q03,做空,86,0.0012548861478683458,-0.017158744213044197
时序加减修正后,2024-05-22,Q03,做空,484,-0.0004599781691655709,-0.017610829734461486
时序加减修正后,2024-05-23,Q03,做空,276,0.0010459012782239765,-0.016583347645567348
时序加减修正后,2024-05-24,Q03,做空,578,0.0018311853094374786,-0.014782529518719723
时序加减修正后,2024-05-27,Q03,做空,237,-0.0030149816395450856,-0.017752942103179792
时序加减修正后,2024-05-28,Q03,做空,358,-0.00008557228411213878,-0.017836995227486385
时序加减修正后,2024-05-29,Q03,做空,113,-0.0001540865259249159,-0.017988333312783822
时序加减修正后,2024-05-30,Q03,做空,88,0.0004889079831297171,-0.017508219969413985
时序加减修正后,2024-05-31,Q03,做空,101,-0.00019340499712409,-0.01769823878930521
时序加减修正后,2024-06-03,Q03,做空,15,-0.0007083603957047065,-0.018394062453577775
时序加减修正后,2024-06-04,Q03,做空,535,-0.0006484711370006569,-0.019030605571985104
时序加减修正后,2024-06-05,Q03,做空,510,0.0007571430747025171,-0.018287871388498855
时序加减修正后,2024-06-06,Q03,做空,295,0.0002086952748960989,-0.018082992705949485
时序加减修正后,2024-06-07,Q03,做空,422,0.001003053437722767,-0.017098077476224716
时序加减修正后,2024-06-11,Q03,做空,210,-0.0016511328302537245,-0.018720979109423275
时序加减修正后,2024-06-12,Q03,做空,558,0.00020523999658615392,-0.018519581406525654
时序加减修正后,2024-06-13,Q03,做空,109,0.0008720132450393183,-0.01766371748176543
时序加减修正后,2024-06-14,Q03,做空,368,-0.0020304780958845777,-0.019658329786211293
时序加减修正后,2024-06-17,Q03,做空,330,0.0007804001732769063,-0.01889327097690585
时序加减修正后,2024-06-18,Q03,做空,56,-0.0016674653415975627,-0.020529232443959988
时序加减修正后,2024-06-19,Q03,做空,353,0.0007884382861649068,-0.019756980190639428
时序加减修正后,2024-06-20,Q03,做空,488,0.0007751601179943016,-0.01899713489574084
时序加减修正后,2024-06-21,Q03,做空,536,0.000561441395660298,-0.01844635927800997
时序加减修正后,2024-06-24,Q03,做空,235,0.0010490990017523415,-0.017416612333362114
时序加减修正后,2024-06-25,Q03,做空,317,0.0017816341284917533,-0.015666008235806217
时序加减修正后,2024-06-26,Q03,做空,283,-0.0023455166000894037,-0.01797477995352137
时序加减修正后,2024-06-27,Q03,做空,224,0.0007738971332530907,-0.01721479345094512
时序加减修正后,2024-06-28,Q03,做空,40,0.0074542786838719625,-0.009888838634941721
时序加减修正后,2024-07-01,Q03,做空,58,-0.004773270657661387,-0.014614907189308579
时序加减修正后,2024-07-02,Q03,做空,396,0.000927784686389328,-0.013700681990002517
时序加减修正后,2024-07-03,Q03,做空,402,0.0009877917551303333,-0.01272642365558152
时序加减修正后,2024-07-04,Q03,做空,187,0.002605893996227931,-0.010153693370351102
时序加减修正后,2024-07-05,Q03,做空,335,0.0002730853238782442,-0.00988338087111551
时序加减修正后,2024-07-08,Q03,做空,332,0.0016277981382689132,-0.008271670881828452
时序加减修正后,2024-07-09,Q03,做空,256,-0.004041388092872467,-0.012279629942490988
时序加减修正后,2024-07-10,Q03,做空,434,0.0005289008819627145,-0.011757223767635105
时序加减修正后,2024-07-11,Q03,做空,297,-0.002668961299632704,-0.014394805492040863
时序加减修正后,2024-07-12,Q03,做空,195,0.0010955381085902141,-0.01331503744143292
时序加减修正后,2024-07-15,Q03,做空,331,0.0007227582989584653,-0.012601902696286249
时序加减修正后,2024-07-16,Q03,做空,449,-0.00004590271520427063,-0.012647226949939916
时序加减修正后,2024-07-17,Q03,做空,470,0.00008063853297728124,-0.012567608270790176
时序加减修正后,2024-07-18,Q03,做空,181,-0.0047166584176091784,-0.017224989573059735
时序加减修正后,2024-07-19,Q03,做空,264,-0.0007051185729957951,-0.01791796248598798
时序加减修正后,2024-07-22,Q03,做空,140,0.0017397218590693747,-0.016209412897925546
时序加减修正后,2024-07-23,Q03,做空,195,0.003097059894077038,-0.013162554526441328
时序加减修正后,2024-07-24,Q03,做空,323,0.0015542099199113803,-0.01162880197934646
时序加减修正后,2024-07-25,Q03,做空,310,-0.00048003534278494395,-0.012103255086187037
时序加减修正后,2024-07-26,Q03,做空,625,0.0007317007184610702,-0.011380410328168278
时序加减修正后,2024-07-29,Q03,做空,172,0.00003811143780990807,-0.011342732614158857
时序加减修正后,2024-07-30,Q03,做空,156,-0.0033061562907488015,-0.014611388058121122
时序加减修正后,2024-07-31,Q03,做空,136,-0.00539732255776257,-0.019929848241517445
时序加减修正后,2024-08-01,Q03,做空,205,0.0018293258729078466,-0.018136980555640947
时序加减修正后,2024-08-02,Q03,做空,153,0.0015017547030926354,-0.016662463148397588
时序加减修正后,2024-08-05,Q03,做空,396,0.0018627892205595436,-0.014830712584578798
时序加减修正后,2024-08-06,Q03,做空,603,-0.00004688406198521633,-0.014876901322515845
时序加减修正后,2024-08-07,Q03,做空,364,-0.0003391015313684545,-0.015210958073863745
时序加减修正后,2024-08-08,Q03,做空,367,-0.0026379315291230193,-0.017808764137095645
时序加减修正后,2024-08-09,Q03,做空,239,0.0025880494237552052,-0.01526680467510333
时序加减修正后,2024-08-13,Q03,做空,371,0.00040205081569548944,-0.014870891890680582
时序加减修正后,2024-08-14,Q03,做空,672,0.0005805334055605185,-0.01429899153463321
时序加减修正后,2024-08-15,Q03,做空,416,-0.00024414641103038984,-0.014539646898199088
时序加减修正后,2024-08-16,Q03,做空,517,-0.00034494584258416096,-0.01487957735003309
时序加减修正后,2024-08-19,Q03,做空,57,0.0010719356726264792,-0.013823591627161624
时序加减修正后,2024-08-20,Q03,做空,35,0.002587767396887232,-0.011271596469994982
时序加减修正后,2024-08-21,Q03,做空,625,-0.00031301087882602585,-0.011581079216504198
时序加减修正后,2024-08-22,Q03,做空,494,0.0012721042000672235,-0.010323707355949674
时序加减修正后,2024-08-23,Q03,做空,353,-0.0003907426858194523,-0.010710416128629219
时序加减修正后,2024-08-26,Q03,做空,283,0.0011805611814101977,-0.00954249924873729
时序加减修正后,2024-08-27,Q03,做空,62,0.0003299283278231028,-0.00921571926173459
时序加减修正后,2024-08-28,Q03,做空,200,-0.00030298802037577845,-0.00951591502957494
时序加减修正后,2024-08-29,Q03,做空,160,-0.0036548268237083905,-0.0131359628317812
时序加减修正后,2024-08-30,Q03,做空,241,-0.0023004314487827054,-0.01540617589855564
时序加减修正后,2024-09-02,Q03,做空,178,0.0007965689558281402,-0.014621879024176221
时序加减修正后,2024-09-03,Q03,做空,211,-0.00034134263969721687,-0.014958230593089983
时序加减修正后,2024-09-04,Q03,做空,431,0.0002743641891985513,-0.014687970406700002
时序加减修正后,2024-09-05,Q03,做空,426,0.00044320757097267863,-0.014251272655413816
时序加减修正后,2024-09-06,Q03,做空,328,0.0011475639341658346,-0.013120062967763357
时序加减修正后,2024-09-09,Q03,做空,189,0.0018660506592289218,-0.011278495010684564
时序加减修正后,2024-09-10,Q03,做空,504,-0.001054115986118545,-0.012320722154913089
时序加减修正后,2024-09-11,Q03,做空,470,-0.0005885339385945662,-0.012902004930371525
时序加减修正后,2024-09-12,Q03,做空,260,0.002448220364091797,-0.010485371517487851
时序加减修正后,2024-09-13,Q03,做空,150,0.0014160102617461234,-0.00908420864940862
时序加减修正后,2024-09-18,Q03,做空,210,-0.0003562919664199442,-0.009437263985265454
时序加减修正后,2024-09-19,Q03,做空,414,-0.003522489245466459,-0.01292651056983718
时序加减修正后,2024-09-20,Q03,做空,324,0.0010513058318624476,-0.011888794453922436
时序加减修正后,2024-09-23,Q03,做空,460,-0.0014092932669249737,-0.013281332922871592
时序加减修正后,2024-09-24,Q03,做空,133,-0.0030584768392145634,-0.0162991891129477
时序加减修正后,2024-09-25,Q03,做空,283,0.0016967409759119825,-0.014630103639077907
时序加减修正后,2024-09-26,Q03,做空,232,-0.006472640639223191,-0.021008048874930685
时序加减修正后,2024-09-27,Q03,做空,343,-0.006641762813717146,-0.027510281210841647
时序加减修正后,2024-09-30,Q03,做空,273,-0.010471302126254972,-0.03769351487095973
时序加减修正后,2024-10-08,Q03,做空,131,0.017234667132338437,-0.021108482920470073
时序加减修正后,2024-10-09,Q03,做空,76,0.014313079265823609,-0.007097531043868344
时序加减修正后,2024-10-10,Q03,做空,184,-0.00223838893377789,-0.009320032942700562
时序加减修正后,2024-10-11,Q03,做空,241,0.004414033050245762,-0.00494713882589326
时序加减修正后,2024-10-14,Q03,做空,379,-0.0035569296557929134,-0.008486471856885003
时序加减修正后,2024-10-15,Q03,做空,200,0.0029763115062814904,-0.005535418734438857
时序加减修正后,2024-10-16,Q03,做空,210,0.00022866468851654126,-0.005308019800723041
时序加减修正后,2024-10-17,Q03,做空,483,0.0034590102670720045,-0.00186737002863957
时序加减修正后,2024-10-18,Q03,做空,286,-0.007442930654681229,-0.009296401977690993
时序加减修正后,2024-10-21,Q03,做空,305,0.00037259032517303255,-0.008927275401953816
时序加减修正后,2024-10-22,Q03,做空,424,0.0008938974144840822,-0.008041358055869918
时序加减修正后,2024-10-23,Q03,做空,272,-0.000030408030798913815,-0.008071521564805395
时序加减修正后,2024-10-24,Q03,做空,63,0.00032353032177539603,-0.007750602624999048
时序加减修正后,2024-10-25,Q03,做空,298,-0.0013286451770628696,-0.009068950001264842
时序加减修正后,2024-10-28,Q03,做空,169,-0.002243462197123352,-0.011292066351892727
时序加减修正后,2024-10-29,Q03,做空,268,0.0026793089968286136,-0.008643012290033503
时序加减修正后,2024-10-30,Q03,做空,170,0.002550669894074364,-0.006114387867201532
时序加减修正后,2024-10-31,Q03,做空,321,-0.0007585218711901236,-0.006868271841465434
时序加减修正后,2024-11-01,Q03,做空,233,0.0002459867110689742,-0.006623974633997554
时序加减修正后,2024-11-04,Q03,做空,150,-0.0005977925188926747,-0.00721780739040867
时序加减修正后,2024-11-05,Q03,做空,90,-0.006934225598363103,-0.014101983084001124
时序加减修正后,2024-11-06,Q03,做空,182,0.002787114953357409,-0.011354171978569139
时序加减修正后,2024-11-07,Q03,做空,233,-0.0035370428446076245,-0.014851054630423577
时序加减修正后,2024-11-08,Q03,做空,205,0.002740943768163206,-0.012150816767900308
时序加减修正后,2024-11-11,Q03,做空,66,-0.0033486529251659345,-0.015458780824953222
时序加减修正后,2024-11-12,Q03,做空,268,0.0029732983229182742,-0.012531446069136143
时序加减修正后,2024-11-13,Q03,做空,387,-0.0007352880437057333,-0.013257519890376823
时序加减修正后,2024-11-14,Q03,做空,359,0.002150758046224424,-0.011135275561729663
时序加减修正后,2024-11-15,Q03,做空,557,0.002252208529141793,-0.008908145995182304
时序加减修正后,2024-11-18,Q03,做空,188,0.0001918803071485525,-0.008717974985823385
时序加减修正后,2024-11-19,Q03,做空,334,0.0015511724686149534,-0.007180325599988491
时序加减修正后,2024-11-20,Q03,做空,339,1.0797331688457216e-6,-0.007179253619655324
时序加减修正后,2024-11-21,Q03,做空,443,0.00007999174671460986,-0.007099836153977801
时序加减修正后,2024-11-22,Q03,做空,201,0.006424192432013707,-0.0007212544356530737
时序加减修正后,2024-11-25,Q03,做空,60,0.002031147959617859,0.0013084285494893155
时序加减修正后,2024-11-26,Q03,做空,293,0.0002966345160815757,0.0016054511906404834
时序加减修正后,2024-11-27,Q03,做空,82,-0.0017132355667233308,-0.00011053489216328316
时序加减修正后,2024-11-28,Q03,做空,334,0.0012055219564306122,0.0010948538120278961
时序加减修正后,2024-11-29,Q03,做空,254,-0.005824398456809824,-0.004735921509635088
时序加减修正后,2024-12-02,Q03,做空,253,-0.000254749317082674,-0.004989464353947426
时序加减修正后,2024-12-03,Q03,做空,377,0.001201393167501864,-0.003794065494829857
时序加减修正后,2024-12-04,Q03,做空,356,0.0009972145960162973,-0.002800634396303292
时序加减修正后,2024-12-05,Q03,做空,447,-0.00030484774616592247,-0.0031046283753856097
时序加减修正后,2024-12-06,Q03,做空,216,-0.004441599255608674,-0.007532438115913309
时序加减修正后,2024-12-09,Q03,做空,276,-0.0017475800823113009,-0.009266854659402024
时序加减修正后,2024-12-10,Q03,做空,200,0.0017930328331931377,-0.007490437600873534
时序加减修正后,2024-12-11,Q03,做空,166,-0.0003234010346862207,-0.007811416220289358
时序加减修正后,2024-12-12,Q03,做空,365,0.0003947066503663847,-0.007419792787853874
时序加减修正后,2024-12-13,Q03,做空,322,0.0016857759109602428,-0.005746524984839629
时序加减修正后,2024-12-16,Q03,做空,310,0.000579515908177728,-0.005170339279307434
时序加减修正后,2024-12-17,Q03,做空,289,4.131909833244567e-6,-0.005166228732849998
时序加减修正后,2024-12-18,Q03,做空,549,0.00014259253291869944,-0.005024372865572002
时序加减修正后,2024-12-19,Q03,做空,232,-0.002750937040093112,-0.007761488172245978
时序加减修正后,2024-12-20,Q03,做空,396,-0.00023110026731129355,-0.007990794757565922
时序加减修正后,2024-12-23,Q03,做空,96,0.0011858923328039357,-0.006814378646998076
时序加减修正后,2024-12-24,Q03,做空,258,-0.00017579771449600793,-0.006988978409302238
时序加减修正后,2024-12-25,Q03,做空,363,0.0008371026421174409,-0.00615772625947697
时序加减修正后,2024-12-26,Q03,做空,270,-0.0015864397048534118,-0.007734397102900692
时序加减修正后,2024-12-27,Q03,做空,269,0.00017818282041343823,-0.007557592419177195
时序加减修正后,2024-12-30,Q03,做空,243,0.00011106083625779054,-0.007447370935453557
时序加减修正后,2024-12-31,Q03,做空,113,0.0023089634004487877,-0.0051556032419243225
时序加减修正后,2025-01-02,Q03,做空,206,0.002869583578854183,-0.0023008140974722924
时序加减修正后,2025-01-03,Q03,做空,180,0.0011736108954614288,-0.0011299034625040782
时序加减修正后,2025-01-06,Q03,做空,126,-0.0006856268227570653,-0.0018147555931401493
时序加减修正后,2025-01-07,Q03,做空,354,-0.0004165468504693488,-0.0022305465128827917
时序加减修正后,2025-01-08,Q03,做空,287,-0.0020353380532723117,-0.0042613446499577545
时序加减修正后,2025-01-09,Q03,做空,520,0.000698846303965603,-0.0035654763709506154
时序加减修正后,2025-01-10,Q03,做空,231,0.003717697233196501,0.0001389655006065471
时序加减修正后,2025-01-13,Q03,做空,150,-0.0003293363046638357,-0.00019041657044172045
时序加减修正后,2025-01-14,Q03,做空,118,-0.007725870147654767,-0.007914815584399326
时序加减修正后,2025-01-15,Q03,做空,304,-0.0003417894746163304,-0.008253899858355451
时序加减修正后,2025-01-16,Q03,做空,296,0.00134027805613165,-0.006924684323081576
时序加减修正后,2025-01-17,Q03,做空,492,-0.0015862190755250025,-0.008499919332241368
时序加减修正后,2025-01-20,Q03,做空,253,0.0010743220148653181,-0.007434728967839366
时序加减修正后,2025-01-21,Q03,做空,281,0.0018694514386802066,-0.005579176393924357
时序加减修正后,2025-01-22,Q03,做空,498,0.0003942537135529906,-0.005187122291383184
时序加减修正后,2025-01-23,Q03,做空,501,0.0017727112217526047,-0.003423606339524987
时序加减修正后,2025-01-24,Q03,做空,327,-0.0015392184776125122,-0.0049575551389996475
时序加减修正后,2025-01-27,Q03,做空,332,0.0009312343337848896,-0.0040309374507718765
时序加减修正后,2025-02-05,Q03,做空,226,0.00025251079097339177,-0.0037794445150024503
时序加减修正后,2025-02-06,Q03,做空,267,-0.0028919643499672218,-0.006660478846169604
时序加减修正后,2025-02-07,Q03,做空,133,-0.0048820625789747114,-0.011510024550611342
时序加减修正后,2025-02-10,Q03,做空,255,0.0009373139583747651,-0.0105834990989091
时序加减修正后,2025-02-11,Q03,做空,174,-0.0014423372608010025,-0.012010571384610147
时序加减修正后,2025-02-12,Q03,做空,248,-0.001470033039558691,-0.013462948487409476
时序加减修正后,2025-02-13,Q03,做空,635,0.0005595905116991155,-0.01291089171394344
时序加减修正后,2025-02-14,Q03,做空,368,-0.0007668337110396311,-0.013667824917977134
时序加减修正后,2025-02-17,Q03,做空,402,-0.00002649852802423269,-0.013693961268759769
时序加减修正后,2025-02-18,Q03,做空,171,0.0014125649486763719,-0.012300739929780091
时序加减修正后,2025-02-19,Q03,做空,201,-0.002839908232149061,-0.015105715189341118
时序加减修正后,2025-02-20,Q03,做空,422,-0.0003104666555036903,-0.015411492023970963
时序加减修正后,2025-02-21,Q03,做空,343,-0.0031767564523708363,-0.018539289919613955
时序加减修正后,2025-02-24,Q03,做空,253,0.0015290169756216035,-0.017038619832995372
时序加减修正后,2025-02-25,Q03,做空,430,-0.00006198842158990501,-0.01709955205743574
时序加减修正后,2025-02-26,Q03,做空,402,-0.0004899626674340656,-0.01758113658273186
时序加减修正后,2025-02-27,Q03,做空,371,0.00020858786524084554,-0.017376215929239214
时序加减修正后,2025-02-28,Q03,做空,79,0.0025345910919124344,-0.014885666439432232
时序加减修正后,2025-03-03,Q03,做空,149,0.0017291173141023093,-0.013182288188902325
时序加减修正后,2025-03-04,Q03,做空,476,-0.0003831235883219907,-0.013560361331671156
时序加减修正后,2025-03-05,Q03,做空,327,-0.0016470044672608252,-0.015185031823241046
时序加减修正后,2025-03-06,Q03,做空,349,-0.0021319107796537676,-0.017284569469861455
时序加减修正后,2025-03-07,Q03,做空,195,-0.000470597844049245,-0.017747033232782816
时序加减修正后,2025-03-10,Q03,做空,257,0.00039205657593305277,-0.017361934497931997
时序加减修正后,2025-03-11,Q03,做空,573,-0.000515625820081284,-0.01786860805629953
时序加减修正后,2025-03-12,Q03,做空,619,0.0001261211221247591,-0.01774474054307351
时序加减修正后,2025-03-13,Q03,做空,210,0.000614460936014352,-0.017141183056942566
时序加减修正后,2025-03-14,Q03,做空,96,-0.003013949218484413,-0.02010346962014864
时序加减修正后,2025-03-17,Q03,做空,294,-0.0002277230963039253,-0.020326614692104172
时序加减修正后,2025-03-18,Q03,做空,382,0.0006854750987944432,-0.019655072981524024
时序加减修正后,2025-03-19,Q03,做空,251,-0.00009105606172435576,-0.01974433932970976
时序加减修正后,2025-03-20,Q03,做空,350,0.0001050324842383686,-0.019641380642480777
时序加减修正后,2025-03-21,Q03,做空,485,0.0025226398233966973,-0.017168288948079313
时序加减修正后,2025-03-24,Q03,做空,466,0.00019161053200923367,-0.016979968041049065
时序加减修正后,2025-03-25,Q03,做空,423,0.00007939204753139309,-0.016901924067947327
时序加减修正后,2025-03-26,Q03,做空,547,0.0005119469350353807,-0.01639863002113473
时序加减修正后,2025-03-27,Q03,做空,265,-0.0005617981198225127,-0.016951215421443733
时序加减修正后,2025-03-28,Q03,做空,66,0.003980321877117438,-0.013038364837911987
时序加减修正后,2025-03-31,Q03,做空,19,0.004347054974028939,-0.008747988352604819
时序加减修正后,2025-04-01,Q03,做空,526,0.0000137033766459146,-0.008734404852938304
时序加减修正后,2025-04-02,Q03,做空,442,0.0004379773185130396,-0.008300253005641522
时序加减修正后,2025-04-03,Q03,做空,79,0.021426101602006798,0.012948006532143896
时序加减修正后,2025-04-07,Q03,做空,113,0.0030116535217369353,0.015998654963352843
时序加减修正后,2025-04-08,Q03,做空,181,0.00037079907589378507,0.016375386325722774
时序加减修正后,2025-04-09,Q03,做空,171,-0.0013667304867754993,0.014986275099223123
时序加减修正后,2025-04-10,Q03,做空,152,-0.00003173566495350219,0.014954063834864195
时序加减修正后,2025-04-11,Q03,做空,160,-0.0005675284614426346,0.014378048516581199
时序加减修正后,2025-04-14,Q03,做空,202,0.0004339157406293722,0.01481820311878157
时序加减修正后,2025-04-15,Q03,做空,194,0.00039520049232901936,0.01521925977227867
时序加减修正后,2025-04-16,Q03,做空,444,-0.0002745254972864017,0.014940556200135013
时序加减修正后,2025-04-17,Q03,做空,431,-0.00035290048244670456,0.014582383188197268
时序加减修正后,2025-04-18,Q03,做空,272,-0.0005430379524515208,0.014031426448237516
时序加减修正后,2025-04-21,Q03,做空,245,-0.000816905688318039,0.013203058407838641
时序加减修正后,2025-04-22,Q03,做空,383,-0.0008238945934939284,0.012368285885904884
时序加减修正后,2025-04-23,Q03,做空,271,0.0007135165296623834,0.013090627391990406
时序加减修正后,2025-04-24,Q03,做空,182,0.0010249233496574311,0.014128967631323652
时序加减修正后,2025-04-25,Q03,做空,441,-0.000053975184695148956,0.014074229832991003
时序加减修正后,2025-04-28,Q03,做空,12,-0.0022920437428789833,0.011749927339687494
时序加减修正后,2025-04-29,Q03,做空,254,-0.00018888935869833267,0.011558818544749272
时序加减修正后,2025-04-30,Q03,做空,461,-0.000013680365450484295,0.011544980050437026
时序加减修正后,2025-05-06,Q03,做空,402,-0.0013966433518036675,0.010132212478999314
时序加减修正后,2025-05-07,Q03,做空,323,0.00021154565808780264,0.010345901562643922
时序加减修正后,2025-05-08,Q03,做空,170,0.00022342808665331068,0.010571641214287997
时序加减修正后,2025-05-09,Q03,做空,110,-0.003065426662281177,0.00747380796116448
时序加减修正后,2025-05-12,Q03,做空,544,-0.00159617003307363,0.005865708459790175
时序加减修正后,2025-05-13,Q03,做空,412,0.0004670562338308901,0.00633550430932317
时序加减修正后,2025-05-14,Q03,做空,336,-0.0013770863675485348,0.004949693405158717
时序加减修正后,2025-05-15,Q03,做空,220,0.000019337607442470142,0.004969126727829121
时序加减修正后,2025-05-16,Q03,做空,516,0.0017729372171151078,0.006750873894656673
时序加减修正后,2025-05-19,Q03,做空,173,-0.0011864896532748032,0.005556374399355191
时序加减修正后,2025-05-20,Q03,做空,503,-0.0005358667942751097,0.005017530128542891
时序加减修正后,2025-05-21,Q03,做空,548,0.00018594596395901035,0.0052044090819782785
时序加减修正后,2025-05-22,Q03,做空,36,0.0006132645834845284,0.005820865345230741
时序加减修正后,2025-05-23,Q03,做空,223,0.0007668466442888456,0.006592175700576464
时序加减修正后,2025-05-26,Q03,做空,88,0.0003463826899612534,0.00694084180608967
时序加减修正后,2025-05-27,Q03,做空,382,-0.0004478246405858916,0.006489908885516593
时序加减修正后,2025-05-28,Q03,做空,313,0.0007965930140670798,0.0072916717156636945
时序加减修正后,2025-05-29,Q03,做空,351,-0.0006852540308243941,0.006601421037404576
时序加减修正后,2025-05-30,Q03,做空,41,-0.000794011059042532,0.005802168377053052
时序加减修正后,2025-06-03,Q03,做空,494,-0.0002607826865295859,0.005539872585466288
时序加减修正后,2025-06-04,Q03,做空,481,-0.0003576067164149416,0.005180284773406596
时序加减修正后,2025-06-05,Q03,做空,268,-0.000654300693271064,0.004522594616216846
时序加减修正后,2025-06-06,Q03,做空,58,-0.003461674066784326,0.0010452648009349197
时序加减修正后,2025-06-09,Q03,做空,177,-0.0004772641699118895,0.0005675017635855539
时序加减修正后,2025-06-10,Q03,做空,159,-0.0010104518799111614,-0.0004435235495494627
时序加减修正后,2025-06-11,Q03,做空,448,0.0001611478072537206,-0.00028244721514336657
时序加减修正后,2025-06-12,Q03,做空,288,-0.0006266281803972459,-0.0009088984061561556
时序加减修正后,2025-06-13,Q03,做空,651,-0.00012809627152676802,-0.0010368782511859242
时序加减修正后,2025-06-16,Q03,做空,465,-0.0005766889914480334,-0.0016129692863610101
时序加减修正后,2025-06-17,Q03,做空,213,0.0008478802340509624,-0.0007664566570859677
时序加减修正后,2025-06-18,Q03,做空,300,0.0006322036888104776,-0.00013473752500148262
时序加减修正后,2025-06-19,Q03,做空,266,0.00045303295415318904,0.0003182343886127814
时序加减修正后,2025-06-20,Q03,做空,211,0.0005148111345014431,0.0008332093537208873
时序加减修正后,2025-06-23,Q03,做空,131,-0.0014329723093368981,-0.0006009569215478239
时序加减修正后,2025-06-24,Q03,做空,242,-0.001104283308420183,-0.0017045766032703913
时序加减修正后,2025-06-25,Q03,做空,338,-0.0026519080388613565,-0.004351964261734675
时序加减修正后,2025-06-26,Q03,做空,291,0.0004288920318026534,-0.003924938752726481
时序加减修正后,2025-06-27,Q03,做空,146,-0.0003079269313088408,-0.004231657089689644
时序加减修正后,2025-06-30,Q03,做空,185,0.0003306864729352497,-0.0039023699685120095
时序加减修正后,2025-07-01,Q03,做空,306,0.0003866991433836185,-0.003517179868252396
时序加减修正后,2025-07-02,Q03,做空,529,-0.0001642125146719341,-0.0036808148179735545
时序加减修正后,2025-07-03,Q03,做空,558,9.130597514923208e-6,-0.0036717178284972896
时序加减修正后,2025-07-04,Q03,做空,7,-0.0027110274781339933,-0.006372791178706261
时序加减修正后,2025-07-07,Q03,做空,99,0.0005683885864334915,-0.005808024814042412
时序加减修正后,2025-07-08,Q03,做空,457,-0.00117363766452483,-0.00697484596188902
时序加减修正后,2025-07-09,Q03,做空,324,0.00019619741566584482,-0.0067800169929754794
时序加减修正后,2025-07-10,Q03,做空,331,-0.0006913181853405372,-0.007466648029271883
时序加减修正后,2025-07-11,Q03,做空,26,-0.005013140813109483,-0.012442357484408695
时序加减修正后,2025-07-14,Q03,做空,371,-0.000063338654240213,-0.01250490805647031
时序加减修正后,2025-07-15,Q03,做空,540,0.00044523606510564505,-0.01206523962742212
时序加减修正后,2025-07-16,Q03,做空,515,0.0002309751224865712,-0.011837051275136456
时序加减修正后,2025-07-17,Q03,做空,612,-0.0008714110405349155,-0.012698147378502833
时序加减修正后,2025-07-18,Q03,做空,113,-0.004829270403125979,-0.01746609499431928
时序加减修正后,2025-07-21,Q03,做空,202,-0.0007551761389387849,-0.018208081155077993
时序加减修正后,2025-07-22,Q03,做空,384,-0.0007251241837783103,-0.01892000221887058
时序加减修正后,2025-07-23,Q03,做空,336,-0.00039875808345511487,-0.019311215798501924
时序加减修正后,2025-07-24,Q03,做空,236,-0.0013041817423288455,-0.02059021220576418
时序加减修正后,2025-07-25,Q03,做空,159,0.0008477332616532763,-0.019759933951862263
时序加减修正后,2025-07-28,Q03,做空,243,0.0012463657709723434,-0.018538196286204234
时序加减修正后,2025-07-29,Q03,做空,409,-0.000731372502917251,-0.019256010462104012
时序加减修正后,2025-07-30,Q03,做空,401,0.0008765039512441386,-0.018396384480115047
时序加减修正后,2025-07-31,Q03,做空,51,0.0002866427371462159,-0.018115014932969853
时序加减修正后,2025-08-01,Q03,做空,153,0.001883708119576529,-0.016265430214108756
时序加减修正后,2025-08-04,Q03,做空,476,-0.0009475389236996773,-0.01719755700956982
时序加减修正后,2025-08-05,Q03,做空,466,-0.0005777604241489834,-0.01776538136588668
时序加减修正后,2025-08-06,Q03,做空,580,-0.0009494413308669303,-0.018697955509426212
时序加减修正后,2025-08-07,Q03,做空,273,0.0031486212855013898,-0.015608207004637165
时序加减修正后,2025-08-08,Q03,做空,95,0.0003676618309232014,-0.01524628371567871
时序加减修正后,2025-08-11,Q03,做空,163,-0.00007653842159501203,-0.015321655210782992
时序加减修正后,2025-08-12,Q03,做空,376,-0.0007310433305142493,-0.0160414977474429
时序加减修正后,2025-08-13,Q03,做空,325,-0.0006894808413142947,-0.016719918283394364
时序加减修正后,2025-08-14,Q03,做空,181,0.00028004542973425716,-0.01644455519036092
时序加减修正后,2025-08-15,Q03,做空,211,-0.0017710312749496418,-0.018186462643765777
时序加减修正后,2025-08-18,Q03,做空,354,-0.0010654764499399866,-0.019232561846051155
时序加减修正后,2025-08-19,Q03,做空,251,0.0011433721850468476,-0.018111179637266273
时序加减修正后,2025-08-20,Q03,做空,289,-0.0015061901430929705,-0.01959009090010977
时序加减修正后,2025-08-21,Q03,做空,446,-0.0008854941670914223,-0.02045823815597636
时序加减修正后,2025-08-22,Q03,做空,266,-0.002099764650905088,-0.022515045321581773
时序加减修正后,2025-08-25,Q03,做空,150,-0.0012069592491995233,-0.023694829828584285
时序加减修正后,2025-08-26,Q03,做空,405,-0.00026858418907831495,-0.02395704996100767
时序加减修正后,2025-08-27,Q03,做空,115,0.0015257712447276825,-0.022467831694219065
时序加减修正后,2025-08-28,Q03,做空,199,-0.00066062820488198,-0.023113617015781296
时序加减修正后,2025-08-29,Q03,做空,354,-0.0018093496082296516,-0.024881146010118704
时序加减修正后,2025-09-01,Q03,做空,607,0.0001614301412584154,-0.024723732435775303
时序加减修正后,2025-09-02,Q03,做空,201,0.003680840342818031,-0.021133896204731828
时序加减修正后,2025-09-03,Q03,做空,182,0.005413740262096386,-0.015834569367413898
时序加减修正后,2025-09-04,Q03,做空,133,0.005438863007599905,-0.01048182841338774
时序加减修正后,2025-09-05,Q03,做空,152,-0.0036965666144600333,-0.014139648250876324
时序加减修正后,2025-09-08,Q03,做空,396,-0.0005935576966037089,-0.01472481325043351
时序加减修正后,2025-09-09,Q03,做空,58,0.0010674004808042183,-0.013673130042372583
时序加减修正后,2025-09-10,Q03,做空,474,0.001339996136255051,-0.012351455847544823
时序加减修正后,2025-09-11,Q03,做空,211,-0.0048678177174560616,-0.017159148929389856
时序加减修正后,2025-09-12,Q03,做空,290,0.0004094852284495197,-0.01675669011895964
时序加减修正后,2025-09-15,Q03,做空,426,0.0005713554745566804,-0.01619490867103779
时序加减修正后,2025-09-16,Q03,做空,312,-0.0013164196101896754,-0.017490008985867722
时序加减修正后,2025-09-17,Q03,做空,480,-0.0008220654534663179,-0.01829769650716595
时序加减修正后,2025-09-18,Q03,做空,285,-0.00011607726042520402,-0.018411649821108433
时序加减修正后,2025-09-19,Q03,做空,189,0.0013085106316052756,-0.017127231029039458
时序加减修正后,2025-09-22,Q03,做空,270,0.0008131118470676786,-0.01632804553642886
时序加减修正后,2025-09-23,Q03,做空,448,0.0011369008305531939,-0.015209708074407247
时序加减修正后,2025-09-24,Q03,做空,414,-0.0022861518970701774,-0.01746108826850923
时序加减修正后,2025-09-25,Q03,做空,408,-0.0004098609477420955,-0.01786379259806503
时序加减修正后,2025-09-26,Q03,做空,46,0.003534890089450409,-0.014392049052029399
时序加减修正后,2025-09-29,Q03,做空,234,-0.005024889550775262,-0.019344620145908875
时序加减修正后,2025-09-30,Q03,做空,348,-0.000012992432554407666,-0.019357361244790705
时序加减修正后,2025-10-09,Q03,做空,335,-0.0019343903567880885,-0.02125430690865404
时序加减修正后,2025-10-10,Q03,做空,36,0.002621674575493671,-0.018688354209202562
时序加减修正后,2025-10-13,Q03,做空,195,0.0026189317380881103,-0.01611836599508565
时序加减修正后,2025-10-14,Q03,做空,266,0.002902367550181006,-0.01326277986733082
时序加减修正后,2025-10-15,Q03,做空,378,-0.0023011204978275893,-0.015533381110547584
时序加减修正后,2025-10-16,Q03,做空,328,0.0002694614115348597,-0.015268105345812688
时序加减修正后,2025-10-17,Q03,做空,285,0.0037363975755221887,-0.011588755482087376
时序加减修正后,2025-10-20,Q03,做空,84,0.0011144510121777699,-0.010487219570186612
时序加减修正后,2025-10-21,Q03,做空,282,0.00023776961515590726,-0.010251943497192051
时序加减修正后,2025-10-22,Q03,做空,324,-0.0001999657112416268,-0.010449859171260623
时序加减修正后,2025-10-23,Q03,做空,458,-0.0010702659880326081,-0.011508941030442532
时序加减修正后,2025-10-24,Q03,做空,241,-0.002909673429542889,-0.014385127200066905
时序加减修正后,2025-10-27,Q03,做空,239,-0.00033322850514085674,-0.014713562170774575
时序加减修正后,2025-10-28,Q03,做空,217,-0.00003291781685794682,-0.014745995649287691
时序加减修正后,2025-10-29,Q03,做空,352,-0.0010207244428360436,-0.015751668493930615
时序加减修正后,2025-10-30,Q03,做空,302,0.001826562433275315,-0.013953877466587605
时序加减修正后,2025-10-31,Q03,做空,42,0.004372643466142888,-0.009642249331576425
时序加减修正后,2025-11-03,Q03,做空,63,-0.00041451721405056085,-0.010052769667296957
时序加减修正后,2025-11-04,Q03,做空,196,0.00255000002400674,-0.007528404206183059
时序加减修正后,2025-11-05,Q03,做空,569,-0.001193561530263844,-0.008712980122802083
时序加减修正后,2025-11-06,Q03,做空,528,-0.00013782924032635822,-0.008849608459697178
时序加减修正后,2025-11-07,Q03,做空,185,-0.0008310120528787248,-0.00967326638128263
时序加减修正后,2025-11-10,Q03,做空,78,-0.001262695111411934,-0.010923747106523551
时序加减修正后,2025-11-11,Q03,做空,461,0.0021724224823317186,-0.008775055617997407
时序加减修正后,2025-11-12,Q03,做空,390,-0.0003752648108088462,-0.009147027459219914
时序加减修正后,2025-11-13,Q03,做空,357,0.0005740833555598331,-0.008578195259877242
时序加减修正后,2025-11-14,Q03,做空,453,0.0009799901038526429,-0.007606611702488109
时序加减修正后,2025-11-17,Q03,做空,182,-0.0002196585675127418,-0.007824599412570632
时序加减修正后,2025-11-18,Q03,做空,334,0.0012485709628912401,-0.00658579801730208
时序加减修正后,2025-11-19,Q03,做空,493,0.00032746657794470137,-0.006260488068097203
时序加减修正后,2025-11-20,Q03,做空,620,0.0019759332608256016,-0.004296925113874361
时序加减修正后,2025-11-21,Q03,做空,295,0.0004338884645514585,-0.0038649010355629176
时序加减修正后,2025-11-24,Q03,做空,229,-0.0023764389349418,-0.006232155269204065
时序加减修正后,2025-11-25,Q03,做空,387,0.000588340267644836,-0.005647481629458384
时序加减修正后,2025-11-26,Q03,做空,306,-0.0003994355901180397,-0.006044661414419061
时序加减修正后,2025-11-27,Q03,做空,155,-0.0007215748934897655,-0.006761874631992515
时序加减修正后,2025-11-28,Q03,做空,2,-0.00010012239363277331,-0.00686132001055173
时序加减修正后,2025-12-01,Q03,做空,453,-0.00001843650617804296,-0.0068796300179609915
时序加减修正后,2025-12-02,Q03,做空,148,0.0007803016513797637,-0.0061046965532451924
时序加减修正后,2025-12-03,Q03,做空,403,0.0009608779950592064,-0.005149684426770551
时序加减修正后,2025-12-04,Q03,做空,541,0.000504964703461236,-0.004647320132178834
时序加减修正后,2025-12-05,Q03,做空,337,-0.0015531385208024761,-0.006193240721065529
时序加减修正后,2025-12-08,Q03,做空,235,-0.0004456180188850688,-0.0066360989202900456
时序加减修正后,2025-12-09,Q03,做空,42,0.001794523953018749,-0.00485348360573834
时序加减修正后,2025-12-10,Q03,做空,351,-0.001000932807876953,-0.005849558402641786
时序加减修正后,2025-12-11,Q03,做空,463,0.0008993399153029751,-0.004955479228697213
时序加减修正后,2025-12-12,Q03,做空,480,-0.0016215226898452784,-0.0065689664965341565
时序加减修正后,2025-12-15,Q03,做空,338,0.0004946175276766085,-0.006077598094825554
时序加减修正后,2025-12-16,Q03,做空,421,0.00016205292867373282,-0.005916530058722502
时序加减修正后,2025-12-17,Q03,做空,404,-0.0024266186095485295,-0.008328791506326594
时序加减修正后,2025-12-18,Q03,做空,346,-0.0001980112908413345,-0.008525153602410573
时序加减修正后,2025-12-19,Q03,做空,72,0.00008495784009533559,-0.00844092004095165
时序加减修正后,2025-12-22,Q03,做空,191,0.0004341573757020432,-0.008010427352943106
时序加减修正后,2025-12-23,Q03,做空,243,0.0005877927569637133,-0.0074273430671576435
时序加减修正后,2025-12-24,Q03,做空,326,-0.0017770034419355716,-0.009191148094898405
时序加减修正后,2025-12-25,Q03,做空,348,-0.000424114643046987,-0.009611364637451936
时序加减修正后,2025-12-26,Q03,做空,167,-0.0009162449556122977,-0.010518803228698581
时序加减修正后,2025-12-29,Q03,做空,68,0.0014563422380032374,-0.00907777996813064
时序加减修正后,2025-12-30,Q03,做空,434,0.00009643625213139211,-0.008982219143077064
时序加减修正后,2025-12-31,Q03,做空,248,0.0008364078790075455,-0.008153324062931788
时序加减修正后,2026-01-05,Q03,做空,87,-0.004378971676194997,-0.012496592563988274
时序加减修正后,2026-01-06,Q03,做空,299,-0.001706772812927696,-0.014182036532473519
时序加减修正后,2026-01-07,Q03,做空,312,0.000486673957813111,-0.013702264602509562
时序加减修正后,2026-01-08,Q03,做空,162,-0.0006320735265259749,-0.014325677290326855
时序加减修正后,2026-01-09,Q03,做空,320,-0.0019352350988924628,-0.016233188835711676
时序加减修正后,2026-01-12,Q03,做空,405,-0.0017280663288270991,-0.01793320313750224
时序加减修正后,2026-01-13,Q03,做空,376,0.0018631587432111623,-0.01610345679851044
时序加减修正后,2026-01-14,Q03,做空,257,0.002483738837794243,-0.013659714741789397
时序加减修正后,2026-01-15,Q03,做空,408,0.0007118528638588317,-0.012957585584989051
时序加减修正后,2026-01-16,Q03,做空,472,0.0007720533135783379,-0.012195536218297498
时序加减修正后,2026-01-19,Q03,做空,82,-0.0031504189524950072,-0.015307534122354527
时序加减修正后,2026-01-20,Q03,做空,420,0.0009795764995076406,-0.014342952523538455
时序加减修正后,2026-01-21,Q03,做空,419,-0.0008136607619079006,-0.015144942987768029
时序加减修正后,2026-01-22,Q03,做空,346,-0.00013023145426440893,-0.015273202094082339
时序加减修正后,2026-01-23,Q03,做空,207,-0.0005769638771993774,-0.015841353885384324
时序加减修正后,2026-01-26,Q03,做空,174,0.0013690209814468425,-0.014494020049781176
时序加减修正后,2026-01-27,Q03,做空,337,-0.0013816981716159226,-0.015855691860394927
时序加减修正后,2026-01-28,Q03,做空,327,-0.0006636428602942923,-0.01650881220399103
时序加减修正后,2026-01-29,Q03,做空,430,0.0009074669674466646,-0.01561632643829125
时序加减修正后,2026-01-30,Q03,做空,189,0.00015810610205301568,-0.015460689372739811
时序加减修正后,2026-02-02,Q03,做空,54,0.007541059508824859,-0.00803621984252234
时序加减修正后,2026-02-03,Q03,做空,302,-0.0009353551218761358,-0.008964058245008233
时序加减修正后,2026-02-04,Q03,做空,304,-0.00017530787501503879,-0.009137794650020847
时序加减修正后,2026-02-05,Q03,做空,420,0.0012297715437246854,-0.007919260506129233
时序加减修正后,2026-02-06,Q03,做空,180,0.0006550091791723389,-0.007269438515280613
时序加减修正后,2026-02-09,Q03,做空,96,0.0007768381777471708,-0.006498247514903022
时序加减修正后,2026-02-10,Q03,做空,212,0.000028656836625401103,-0.00646977689749495
时序加减修正后,2026-02-11,Q03,做空,357,0.0003986641465368647,-0.006073692019043286
时序加减修正后,2026-02-12,Q03,做空,203,-0.0005471489088530388,-0.0066175177139353725
时序加减修正后,2026-02-13,Q03,做空,377,0.0011741171204373833,-0.005451170334340727
时序加减修正后,2026-02-24,Q03,做空,566,-0.0007162706414332746,-0.006163536462502117
时序加减修正后,2026-02-25,Q03,做空,346,-0.0011169483010876505,-0.007273600412009307
时序加减修正后,2026-02-26,Q03,做空,101,-0.0004927354023286423,-0.0077627518539125084
时序加减修正后,2026-02-27,Q03,做空,416,-0.00022479605153281367,-0.007985802869479475
时序加减修正后,2026-03-02,Q03,做空,190,-0.0012945777816256803,-0.009270042408141888
时序加减修正后,2026-03-03,Q03,做空,332,0.0025602432126479143,-0.006733532758650407
时序加减修正后,2026-03-04,Q03,做空,294,0.0021539236162932706,-0.004594112657587024
时序加减修正后,2026-03-05,Q03,做空,269,0.0002861795919163687,-0.004309247806956185
时序加减修正后,2026-03-06,Q03,做空,346,0.001033850646466281,-0.003279852279120976
时序加减修正后,2026-03-09,Q03,做空,304,-0.003875484439205186,-0.007142625701855532
时序加减修正后,2026-03-10,Q03,做空,307,0.0000769497906991678,-0.007066225534709147
时序加减修正后,2026-03-11,Q03,做空,302,0.000242115670016875,-0.006825820708622032
时序加减修正后,2026-03-12,Q03,做空,64,0.0010025507428963465,-0.005830113197347941
时序加减修正后,2026-03-13,Q03,做空,204,0.002556356278813944,-0.003288660765012219
时序加减修正后,2026-03-16,Q03,做空,430,-0.0006761387149391487,-0.003962575889087772
时序加减修正后,2026-03-17,Q03,做空,417,0.001963344757610811,-0.002007011034075412
时序加减修正后,2026-03-18,Q03,做空,356,-0.0016354793395886814,-0.0036392079485835227
时序加减修正后,2026-03-19,Q03,做空,435,0.002150342178732711,-0.0014966913121997605
时序加减修正后,2026-03-20,Q03,做空,443,0.0028866593425316395,0.0013856475923725853
时序加减修正后,2026-03-23,Q03,做空,376,0.005160368437972988,0.0065531664824474145
时序加减修正后,2026-03-24,Q03,做空,329,0.0003049787150065278,0.006860143773746996
时序加减修正后,2026-03-25,Q03,做空,291,0.00010814153230961099,0.00696902717251624
时序加减修正后,2026-03-26,Q03,做空,109,0.0013531984356774014,0.008331656084861638
时序加减修正后,2026-03-27,Q03,做空,301,-0.0019032160357544195,0.006412583107642256
时序加减修正后,2026-03-30,Q03,做空,122,-0.004256681482505972,0.002128605301366937
时序加减修正后,2026-03-31,Q03,做空,205,0.0016192467250043482,0.0037512987635341943
时序加减修正后,2026-04-01,Q03,做空,392,-0.00007116831703310058,0.003679863472881406
时序加减修正后,2026-04-02,Q03,做空,12,-0.00011050839384552091,0.003568948423233964
时序加减修正后,2026-04-03,Q03,做空,159,-0.0014141924046774384,0.00214970883880361
时序加减修正后,2026-04-07,Q03,做空,369,-0.0034692362144505503,-0.0013269852234010227
时序加减修正后,2026-04-08,Q03,做空,284,-0.0009743752909766762,-0.0023000675327644604
时序加减修正后,2026-04-09,Q03,做空,191,-0.000021360233809015133,-0.0023213786365932076
时序加减修正后,2026-04-10,Q03,做空,228,-0.002354063708384944,-0.004669977671776349
时序加减修正后,2026-04-13,Q03,做空,340,-0.00026893869914655465,-0.004937660433202873
时序加减修正后,2026-04-14,Q03,做空,375,0.000051321789617456184,-0.004886592053155447
时序加减修正后,2026-04-15,Q03,做空,314,0.0006234450156336178,-0.004266193558980724
时序加减修正后,2026-04-16,Q03,做空,176,0.0005737199425187679,-0.003694921216785274
时序加减修正后,2026-04-17,Q03,做空,292,-0.0008403720924073004,-0.004532188200518372
时序加减修正后,2026-04-20,Q03,做空,477,0.00007203012482436795,-0.004460484529775877
时序加减修正后,2026-04-21,Q03,做空,295,0.000045627017853972975,-0.004415061030529244
时序加减修正后,2026-04-22,Q03,做空,370,-0.001114631027721279,-0.00552477089423653
时序加减修正后,2026-04-23,Q03,做空,102,0.002377162827792299,-0.003160741346446172
时序加减修正后,2026-04-24,Q03,做空,309,-0.0017018260786800647,-0.004857188393074918
时序加减修正后,2026-04-27,Q03,做空,485,0.00017880115487172327,-0.004679255709097219
时序加减修正后,2026-04-28,Q03,做空,30,0.0018183772258150081,-0.0028693871352974964
时序加减修正后,2026-04-29,Q03,做空,157,-0.0008098602277867401,-0.0036769235605652595
时序加减修正后,2026-04-30,Q03,做空,409,-0.0027765801204020506,-0.0064432944081047605
时序加减修正后,2026-05-06,Q03,做空,173,-0.0014980455410774094,-0.007931687600724269
时序加减修正后,2026-05-07,Q03,做空,250,-0.0009153394563327311,-0.008839766870440746
时序加减修正后,2026-05-08,Q03,做空,81,0.0003614742828502153,-0.008481487935980692
时序加减修正后,2026-05-11,Q03,做空,396,-0.0015244444040550349,-0.00999300278321369
时序加减修正后,2026-05-12,Q03,做空,295,0.00037466969345479223,-0.00962207716504837
时序加减修正后,2026-05-13,Q03,做空,285,-0.0010911484240511383,-0.010702726474764779
时序加减修正后,2026-05-14,Q03,做空,359,0.002487621558138622,-0.008241729249735652
时序加减修正后,2026-05-15,Q03,做空,383,0.0014864616306129643,-0.006767518633422287
时序加减修正后,2026-05-18,Q03,做空,154,0.0029170947693580875,-0.003870165357271138
时序加减修正后,2026-05-19,Q03,做空,355,-0.000052193812632434807,-0.003922157171218021
时序加减修正后,2026-05-20,Q03,做空,454,-0.0019198160004157917,-0.005834443351540375
时序加减修正后,2026-05-21,Q03,做空,196,0.0021323873278449854,-0.003714497316763321
时序加减修正后,2026-05-22,Q03,做空,304,-0.0011727353436957568,-0.004882876538171654
时序加减修正后,2026-05-25,Q03,做空,374,-0.0002855790829498266,-0.005167061173717569
时序加减修正后,2026-05-26,Q03,做空,407,0.000713973456402827,-0.004456776861840428
时序加减修正后,2026-05-27,Q03,做空,283,0.002905425230869937,-0.0015643004629131152
时序加减修正后,2026-05-28,Q03,做空,38,-0.0007426892937617499,-0.00230582796746881
时序加减修正后,2026-05-29,Q03,做空,463,0.0028858935732723086,0.0005734112316910789
时序加减修正后,2026-06-01,Q03,做空,54,0.001477724091037763,0.002051982666319896
时序加减修正后,2026-06-02,Q03,做空,247,-0.0020173731250015627,0.000030469926634246747
时序加减修正后,2026-06-03,Q03,做空,372,0.00009612202586961962,0.0001265948813351514
时序加减修正后,2026-06-04,Q03,做空,163,0.0002977943387105911,0.0004244269192847927
时序加减修正后,2026-06-05,Q03,做空,399,-0.00029224568757776784,0.00013205719477005218
时序加减修正后,2026-06-08,Q03,做空,286,0.0014282811242121132,0.001560526933780837
时序加减修正后,2026-06-09,Q03,做空,252,-0.0012380524159587886,0.0003205425036816312
时序加减修正后,2026-06-10,Q03,做空,296,-0.0006212259971205738,-0.00030088262277538913
时序加减修正后,2026-06-11,Q03,做空,224,-0.002095874798149972,-0.0023961268086191145
时序加减修正后,2026-06-12,Q03,做空,110,-0.0033049259932092603,-0.005693133780055537
时序加减修正后,2026-06-15,Q03,做空,189,-0.002756131199112614,-0.008433573955536233
时序加减修正后,2026-06-16,Q03,做空,278,-0.0005184229378644612,-0.008947624735213933
时序加减修正后,2026-06-17,Q03,做空,273,-0.0003395554886749415,-0.009284142008799456
时序加减修正后,2026-06-18,Q03,做空,292,-0.0009000833448375837,-0.010175868852043801
时序加减修正后,2026-06-22,Q03,做空,255,-0.0003616260610179583,-0.010533815053691331
时序加减修正后,2026-06-23,Q03,做空,132,0.004693522773198889,-0.00588973298133566
时序加减修正后,2026-06-24,Q03,做空,333,-0.0012444510237827188,-0.0071268545208799106
时序加减修正后,2026-06-25,Q03,做空,305,0.0004412033684961078,-0.006688795544605108
时序加减修正后,2026-06-26,Q03,做空,340,0.0016525636425285483,-0.0050472855624057456
时序加减修正后,2026-06-29,Q03,做空,82,0.0006318666277499088,-0.00441860814596351
时序加减修正后,2026-06-30,Q03,做空,171,-0.0009196373823576924,-0.005334182011092148
时序加减修正后,2024-02-01,Q04,做空,226,0.0019583035914566825,0.001958303591456767
时序加减修正后,2024-02-02,Q04,做空,203,0.0025577803624517474,0.0045210928643784065
时序加减修正后,2024-02-05,Q04,做空,283,0.001548782701914852,0.006076877756715504
时序加减修正后,2024-02-06,Q04,做空,149,-0.012571204437299213,-0.006570720353203829
时序加减修正后,2024-02-07,Q04,做空,208,-0.0043838763122214285,-0.01092579144011463
时序加减修正后,2024-02-08,Q04,做空,264,-0.0003188845571182328,-0.011241191931068317
时序加减修正后,2024-02-19,Q04,做空,188,0.0008991103410114599,-0.01035218866196741
时序加减修正后,2024-02-20,Q04,做空,375,-0.0013763959442148917,-0.011714335895694261
时序加减修正后,2024-02-21,Q04,做空,192,-0.005300325940709172,-0.016952572037977287
时序加减修正后,2024-02-22,Q04,做空,164,-0.0017393452272233666,-0.018662430889937243
时序加减修正后,2024-02-23,Q04,做空,334,-0.0007275207360785017,-0.01937637432055772
时序加减修正后,2024-02-26,Q04,做空,218,-0.0019884765989370344,-0.021326321452586172
时序加减修正后,2024-02-27,Q04,做空,322,-0.002236712903564547,-0.02351533349777213
时序加减修正后,2024-02-28,Q04,做空,185,0.002222148828602528,-0.02134543923995591
时序加减修正后,2024-02-29,Q04,做空,112,0.00006240628915423128,-0.021284365040454944
时序加减修正后,2024-03-01,Q04,做空,298,-0.0003484330673201241,-0.021625381931178023
时序加减修正后,2024-03-04,Q04,做空,359,-0.0005107139058406744,-0.022125051453747324
时序加减修正后,2024-03-05,Q04,做空,396,0.000028364345670332003,-0.02209731467068432
时序加减修正后,2024-03-06,Q04,做空,312,-0.0011130082226279625,-0.023185728400385797
时序加减修正后,2024-03-07,Q04,做空,169,0.0021512804610775947,-0.02108432694379192
时序加减修正后,2024-03-08,Q04,做空,476,0.000176651505347106,-0.020911400016538573
时序加减修正后,2024-03-11,Q04,做空,254,-0.0012019006732778392,-0.02208816726405738
时序加减修正后,2024-03-12,Q04,做空,239,-0.0003640669201102271,-0.0224441926131409
时序加减修正后,2024-03-13,Q04,做空,304,-0.000047633644151957065,-0.0224907571586086
时序加减修正后,2024-03-14,Q04,做空,362,0.0018327240611961818,-0.020699252449211558
时序加减修正后,2024-03-15,Q04,做空,365,-0.0023935456743183997,-0.023043253517368467
时序加减修正后,2024-03-18,Q04,做空,356,-0.0008151095586644454,-0.023839580299828245
时序加减修正后,2024-03-19,Q04,做空,303,0.00035653994936402273,-0.02349154011321708
时序加减修正后,2024-03-20,Q04,做空,315,-0.0004333546143330057,-0.0239147145602443
时序加减修正后,2024-03-21,Q04,做空,312,0.0014579100742104435,-0.022491669989313068
时序加减修正后,2024-03-22,Q04,做空,387,0.0015802400699490712,-0.02094697215752106
时序加减修正后,2024-03-25,Q04,做空,357,0.0007500935141916754,-0.02021259083128657
时序加减修正后,2024-03-26,Q04,做空,392,0.00037774191171091826,-0.019842484062276733
时序加减修正后,2024-03-27,Q04,做空,359,0.0008341842293497733,-0.019024852120202884
时序加减修正后,2024-03-28,Q04,做空,85,-0.0007408687728457153,-0.019751625974204767
时序加减修正后,2024-03-29,Q04,做空,298,-0.0011438820115075722,-0.02087291445606243
时序加减修正后,2024-04-01,Q04,做空,197,0.0004191768076004895,-0.020462487090108894
时序加减修正后,2024-04-02,Q04,做空,219,0.0011118535877777673,-0.019373384792017
时序加减修正后,2024-04-03,Q04,做空,320,0.000999273098852882,-0.018393470995420547
时序加减修正后,2024-04-08,Q04,做空,351,0.00018018916218347206,-0.01821659613736537
时序加减修正后,2024-04-09,Q04,做空,296,-0.00039122743225094826,-0.0186006967374851
时序加减修正后,2024-04-10,Q04,做空,350,0.001499480050874159,-0.017129108060301212
时序加减修正后,2024-04-11,Q04,做空,271,-0.00015803928828462735,-0.01728444027653908
时序加减修正后,2024-04-12,Q04,做空,398,0.0012129881943658816,-0.016092417904174816
时序加减修正后,2024-04-15,Q04,做空,140,0.0012321871280229451,-0.014880059646352084
时序加减修正后,2024-04-16,Q04,做空,269,0.0028012375766076026,-0.012120504651968012
时序加减修正后,2024-04-17,Q04,做空,239,-0.0019687252391133872,-0.014065367947662333
时序加减修正后,2024-04-18,Q04,做空,338,-0.00234033794697216,-0.016372788180288533
时序加减修正后,2024-04-19,Q04,做空,311,0.0009785341335680296,-0.015410275378816674
时序加减修正后,2024-04-22,Q04,做空,207,0.0008033539977257595,-0.014619301287422615
时序加减修正后,2024-04-23,Q04,做空,376,0.0010913582826763927,-0.0135438979002932
时序加减修正后,2024-04-24,Q04,做空,235,-0.0010465049955491075,-0.01457622913903045
时序加减修正后,2024-04-25,Q04,做空,368,-0.0002269873671534499,-0.014799907886308583
时序加减修正后,2024-04-26,Q04,做空,82,-0.0028017687501432657,-0.017560210717030955
时序加减修正后,2024-04-29,Q04,做空,142,-0.0032245386114162,-0.020728125750965498
时序加减修正后,2024-04-30,Q04,做空,97,0.0015482125068656482,-0.01921200478763152
时序加减修正后,2024-05-06,Q04,做空,325,0.0006043320362984489,-0.018619283181307678
时序加减修正后,2024-05-07,Q04,做空,227,0.0008326107829371734,-0.01780217501431769
时序加减修正后,2024-05-08,Q04,做空,188,0.0009685087419556827,-0.01685090783448917
时序加减修正后,2024-05-09,Q04,做空,248,0.0004218890495805329,-0.01643612799839944
时序加减修正后,2024-05-10,Q04,做空,363,0.00039447727243340007,-0.016048134404908265
时序加减修正后,2024-05-13,Q04,做空,110,-0.0027616737528164364,-0.018765488446156997
时序加减修正后,2024-05-14,Q04,做空,461,0.0003551049023032554,-0.018417047260795183
时序加减修正后,2024-05-15,Q04,做空,443,0.00058476373925089,-0.017843053142966525
时序加减修正后,2024-05-16,Q04,做空,439,0.0004241308087328182,-0.017426490122793625
时序加减修正后,2024-05-17,Q04,做空,626,-0.0011946530536927555,-0.018600324566846016
时序加减修正后,2024-05-20,Q04,做空,205,0.00008709809141980324,-0.018514846528195794
时序加减修正后,2024-05-21,Q04,做空,167,0.0008269804254492109,-0.017703177518405555
时序加减修正后,2024-05-22,Q04,做空,338,-0.00022714516608336922,-0.01792630149329133
时序加减修正后,2024-05-23,Q04,做空,327,0.0011625958708330665,-0.016784546666553712
时序加减修正后,2024-05-24,Q04,做空,511,0.0014564965761559624,-0.015352496725150044
时序加减修正后,2024-05-27,Q04,做空,290,-0.0017284718548737522,-0.017054432221532356
时序加减修正后,2024-05-28,Q04,做空,340,0.00031414140868197567,-0.016745648316212725
时序加减修正后,2024-05-29,Q04,做空,279,0.0006177748730946516,-0.016138218483881528
时序加减修正后,2024-05-30,Q04,做空,195,0.0008102903070371562,-0.015341004818854809
时序加减修正后,2024-05-31,Q04,做空,203,0.0006795509847318593,-0.014671878829054297
时序加减修正后,2024-06-03,Q04,做空,60,-0.0009889627059844013,-0.015646331594050045
时序加减修正后,2024-06-04,Q04,做空,538,-0.0015415627396821636,-0.017163774531934184
时序加减修正后,2024-06-05,Q04,做空,420,0.0008980197754897832,-0.016281168165396154
时序加减修正后,2024-06-06,Q04,做空,326,0.0013594433779749151,-0.014943858113669384
时序加减修正后,2024-06-07,Q04,做空,432,0.001986520935647436,-0.012987023465024228
时序加减修正后,2024-06-11,Q04,做空,313,-0.0013236175903071539,-0.014293451202627372
时序加减修正后,2024-06-12,Q04,做空,579,0.00044270607998006734,-0.013857072920398616
时序加减修正后,2024-06-13,Q04,做空,223,0.0007001972976406919,-0.013166578307770127
时序加减修正后,2024-06-14,Q04,做空,498,-0.0011249539342878482,-0.014276720447989444
时序加减修正后,2024-06-17,Q04,做空,377,0.00040762476799534065,-0.0138749152248544
时序加减修正后,2024-06-18,Q04,做空,196,-0.0005756006768414019,-0.014442529491101253
时序加减修正后,2024-06-19,Q04,做空,489,0.0003280057351466541,-0.014119260988457727
时序加减修正后,2024-06-20,Q04,做空,558,0.001310355117755039,-0.0128274071165978
时序加减修正后,2024-06-21,Q04,做空,510,0.0013604361498936687,-0.011484421835055048
时序加减修正后,2024-06-24,Q04,做空,314,0.0014741792866823362,-0.010027172645161397
时序加减修正后,2024-06-25,Q04,做空,290,0.0011063800468350407,-0.008931886462067218
时序加减修正后,2024-06-26,Q04,做空,269,-0.002033406024525348,-0.010947130334850286
时序加减修正后,2024-06-27,Q04,做空,252,0.00044748743052228486,-0.010504541607553208
时序加减修正后,2024-06-28,Q04,做空,86,0.003496708360745647,-0.007044564565272582
时序加减修正后,2024-07-01,Q04,做空,92,-0.0020796823190840255,-0.00910959642798459
时序加减修正后,2024-07-02,Q04,做空,242,0.0005778425161863633,-0.00853701782391958
时序加减修正后,2024-07-03,Q04,做空,397,-0.000023742500869354927,-0.008560557634635813
时序加减修正后,2024-07-04,Q04,做空,345,0.002429947733532796,-0.006151411608725121
时序加减修正后,2024-07-05,Q04,做空,281,0.0001379541015442837,-0.006014306119642598
时序加减修正后,2024-07-08,Q04,做空,308,0.0012854190397467698,-0.004736617983493008
时序加减修正后,2024-07-09,Q04,做空,252,-0.004532825949614302,-0.009247973668198406
时序加减修正后,2024-07-10,Q04,做空,336,-0.00027721775377574973,-0.009522627719486865
时序加减修正后,2024-07-11,Q04,做空,280,-0.0023550491921793893,-0.01185525065494808
时序加减修正后,2024-07-12,Q04,做空,300,0.00044863049700021897,-0.011411938784941289
时序加减修正后,2024-07-15,Q04,做空,431,0.0005514172554219908,-0.010866814269483216
时序加减修正后,2024-07-16,Q04,做空,358,0.00017604534840447029,-0.010692681973182738
时序加减修正后,2024-07-17,Q04,做空,290,0.00048663681534827477,-0.01021124861053746
时序加减修正后,2024-07-18,Q04,做空,196,-0.0029904827737185285,-0.013171194821188004
时序加减修正后,2024-07-19,Q04,做空,256,-0.0004511304881162914,-0.013616383381755526
时序加减修正后,2024-07-22,Q04,做空,206,0.0014154658222924783,-0.012220191084763132
时序加减修正后,2024-07-23,Q04,做空,313,0.0032564233561380605,-0.009003561844289965
时序加减修正后,2024-07-24,Q04,做空,318,0.0010107131933433928,-0.008001948669689618
时序加减修正后,2024-07-25,Q04,做空,143,0.0005935660012726186,-0.007413132353091267
时序加减修正后,2024-07-26,Q04,做空,412,0.0009879340548879943,-0.006432521984108375
时序加减修正后,2024-07-29,Q04,做空,230,0.00017787769910406178,-0.006255788487214198
时序加减修正后,2024-07-30,Q04,做空,215,-0.0025362037759657334,-0.008776126308796983
时序加减修正后,2024-07-31,Q04,做空,213,-0.004353433305505164,-0.013091353333736122
时序加减修正后,2024-08-01,Q04,做空,213,0.0010048115508879006,-0.012099696125894788
时序加减修正后,2024-08-02,Q04,做空,159,0.001614094716690791,-0.010505131464794482
时序加减修正后,2024-08-05,Q04,做空,342,0.0014576647188530639,-0.009062779705444557
时序加减修正后,2024-08-06,Q04,做空,455,0.0009920294197489877,-0.008079740829788129
时序加减修正后,2024-08-07,Q04,做空,211,-0.00024187722569166006,-0.008319663750183559
时序加减修正后,2024-08-08,Q04,做空,348,-0.0024100416739066145,-0.010709654687739323
时序加减修正后,2024-08-09,Q04,做空,207,0.002620403790111279,-0.00811731451736264
时序加减修正后,2024-08-13,Q04,做空,512,-0.00016910278854709304,-0.008285044645389372
时序加减修正后,2024-08-14,Q04,做空,393,0.0002783820370100225,-0.008008969015984468
时序加减修正后,2024-08-15,Q04,做空,357,-0.00024357417132909258,-0.008250592409322355
时序加减修正后,2024-08-16,Q04,做空,396,-0.0007980745774855475,-0.009042082398756923
时序加减修正后,2024-08-19,Q04,做空,135,0.0009113374569063092,-0.008138985330229054
时序加减修正后,2024-08-20,Q04,做空,109,0.0018118365275325925,-0.006341895313614843
时序加减修正后,2024-08-21,Q04,做空,404,-0.0003243541466440322,-0.006664192440216321
时序加减修正后,2024-08-22,Q04,做空,542,0.000856734870272683,-0.00581316701598944
时序加减修正后,2024-08-23,Q04,做空,430,-0.0007259292407472331,-0.006534876308818438
时序加减修正后,2024-08-26,Q04,做空,282,0.001709498179737864,-0.004836549488235309
时序加减修正后,2024-08-27,Q04,做空,156,0.0002504571581691077,-0.004587303678506349
时序加减修正后,2024-08-28,Q04,做空,256,-0.00036005922443393956,-0.004945711201935543
时序加减修正后,2024-08-29,Q04,做空,221,-0.0022127188605399134,-0.0071474865940200916
时序加减修正后,2024-08-30,Q04,做空,282,-0.002449891765929919,-0.00957986779139619
时序加减修正后,2024-09-02,Q04,做空,189,0.0011207998088148617,-0.008469805096570249
时序加减修正后,2024-09-03,Q04,做空,163,-0.00037532531674804904,-0.008841951481037613
时序加减修正后,2024-09-04,Q04,做空,363,-0.00010512594893922999,-0.008946147911436886
时序加减修正后,2024-09-05,Q04,做空,168,0.0006139638262538938,-0.008337676696384966
时序加减修正后,2024-09-06,Q04,做空,432,0.001189440925768563,-0.007158152944504836
时序加减修正后,2024-09-09,Q04,做空,245,0.0013671935618230218,-0.005800745963301934
时序加减修正后,2024-09-10,Q04,做空,383,0.00011367942475563027,-0.00568772596401057
时序加减修正后,2024-09-11,Q04,做空,390,-0.000862681334808421,-0.006545500603792331
时序加减修正后,2024-09-12,Q04,做空,388,0.002024321097685726,-0.00453442970107365
时序加减修正后,2024-09-13,Q04,做空,276,0.0015825513586526579,-0.002959054310305076
时序加减修正后,2024-09-18,Q04,做空,266,-0.000704848886194203,-0.003661817510364429
时序加减修正后,2024-09-19,Q04,做空,359,-0.002506389056693897,-0.0061590286277226625
时序加减修正后,2024-09-20,Q04,做空,401,0.00024293551324804875,-0.005917589361255415
时序加减修正后,2024-09-23,Q04,做空,379,-0.0011440680620129532,-0.00705488729827608
时序加减修正后,2024-09-24,Q04,做空,162,-0.00398311328899581,-0.011009900171921716
时序加减修正后,2024-09-25,Q04,做空,257,0.001310588030553045,-0.009713741584751578
时序加减修正后,2024-09-26,Q04,做空,154,-0.005386397061095983,-0.015047816576723272
时序加减修正后,2024-09-27,Q04,做空,334,-0.010315985026281197,-0.025208568552520738
时序加减修正后,2024-09-30,Q04,做空,272,-0.013134273330479118,-0.03801174565336096
时序加减修正后,2024-10-08,Q04,做空,172,0.01657012391635447,-0.02207148107275958
时序加减修正后,2024-10-09,Q04,做空,121,0.013019392810221223,-0.009339445544528036
时序加减修正后,2024-10-10,Q04,做空,150,0.001178019292274257,-0.008172428299284329
时序加减修正后,2024-10-11,Q04,做空,164,0.002363755676125903,-0.005827990246938475
时序加减修正后,2024-10-14,Q04,做空,311,-0.004595204500348227,-0.010396413940276017
时序加减修正后,2024-10-15,Q04,做空,155,0.0009114846590936425,-0.009494405452998511
时序加减修正后,2024-10-16,Q04,做空,196,0.0011501691331766185,-0.008355156491911875
时序加减修正后,2024-10-17,Q04,做空,344,0.0035575581134549413,-0.004827322333223805
时序加减修正后,2024-10-18,Q04,做空,323,-0.007397679963280053,-0.012189291310803041
时序加减修正后,2024-10-21,Q04,做空,233,-0.0004175729846195598,-0.012601774376669539
时序加减修正后,2024-10-22,Q04,做空,344,0.000045622709887200385,-0.012556726593878742
时序加减修正后,2024-10-23,Q04,做空,166,0.0010397265348246838,-0.011530055620884161
时序加减修正后,2024-10-24,Q04,做空,109,0.0005310409365397015,-0.011005137615879623
时序加减修正后,2024-10-25,Q04,做空,296,-0.0012597148969124082,-0.012250989176994742
时序加减修正后,2024-10-28,Q04,做空,304,-0.001233895537756038,-0.01346976827387214
时序加减修正后,2024-10-29,Q04,做空,191,0.0025041078796585246,-0.010999390147085286
时序加减修正后,2024-10-30,Q04,做空,172,0.0016071741790446416,-0.009409893903870259
时序加减修正后,2024-10-31,Q04,做空,320,-0.0009066685770676486,-0.010308030825821768
时序加减修正后,2024-11-01,Q04,做空,292,0.00025697439524850627,-0.010053705330560936
时序加减修正后,2024-11-04,Q04,做空,278,-0.0012150013761705026,-0.011256491440919114
时序加减修正后,2024-11-05,Q04,做空,164,-0.005223556713001638,-0.016421249232489776
时序加减修正后,2024-11-06,Q04,做空,123,0.0020991482464804852,-0.01435657162254067
时序加减修正后,2024-11-07,Q04,做空,171,-0.003295308813935742,-0.017604571099470667
时序加减修正后,2024-11-08,Q04,做空,198,0.002414287572746892,-0.015232786023952838
时序加减修正后,2024-11-11,Q04,做空,84,-0.0005999664032666866,-0.015823613267376913
时序加减修正后,2024-11-12,Q04,做空,216,0.0026009260588277052,-0.013263843256641095
时序加减修正后,2024-11-13,Q04,做空,334,-0.00023369835875048316,-0.01349444187699178
时序加减修正后,2024-11-14,Q04,做空,279,0.0020455623445845682,-0.011476483254571956
时序加减修正后,2024-11-15,Q04,做空,370,0.0011659148926933208,-0.010323948964620966
时序加减修正后,2024-11-18,Q04,做空,236,0.0013169149474302007,-0.009020629779898814
时序加减修正后,2024-11-19,Q04,做空,412,0.0008600063684373276,-0.008168381210519438
时序加减修正后,2024-11-20,Q04,做空,221,-0.0004515675480853623,-0.008616260182729762
时序加减修正后,2024-11-21,Q04,做空,371,-0.0002746269466309002,-0.00888852087213532
时序加减修正后,2024-11-22,Q04,做空,343,0.0053712246389409635,-0.003565038475506488
时序加减修正后,2024-11-25,Q04,做空,80,0.0017918742132678744,-0.0017795523627521792
时序加减修正后,2024-11-26,Q04,做空,236,-0.00013506797638571804,-0.0019143799786014437
时序加减修正后,2024-11-27,Q04,做空,127,-0.0028759036760861566,-0.004784778082269736
时序加减修正后,2024-11-28,Q04,做空,385,0.0006783425909910781,-0.004109681210040295
时序加减修正后,2024-11-29,Q04,做空,209,-0.004587528446590936,-0.008678356377173735
时序加减修正后,2024-12-02,Q04,做空,259,-0.00026289850253608205,-0.008938973352813795
时序加减修正后,2024-12-03,Q04,做空,307,0.0005624327413275715,-0.008381568182773691
时序加减修正后,2024-12-04,Q04,做空,253,0.0010539311461679577,-0.007336470632367309
时序加减修正后,2024-12-05,Q04,做空,338,-0.0004686347107462738,-0.0078016672183209845
时序加减修正后,2024-12-06,Q04,做空,220,-0.0044543055159506776,-0.01222122172494755
时序加减修正后,2024-12-09,Q04,做空,317,-0.0029177400384736187,-0.015103303415475278
时序加减修正后,2024-12-10,Q04,做空,163,0.0021345090970755526,-0.013001032456936068
时序加减修正后,2024-12-11,Q04,做空,255,-0.0004623115064425613,-0.013457333436478147
时序加减修正后,2024-12-12,Q04,做空,249,0.0010465759542386372,-0.01242484160382229
时序加减修正后,2024-12-13,Q04,做空,280,0.001206072379916025,-0.01123375448218944
时序加减修正后,2024-12-16,Q04,做空,221,0.0002080184885638353,-0.011028072822253931
时序加减修正后,2024-12-17,Q04,做空,268,0.0009327819761214169,-0.010105577633692575
时序加减修正后,2024-12-18,Q04,做空,363,0.0004134998418406465,-0.009696256446605211
时序加减修正后,2024-12-19,Q04,做空,317,-0.0023543968003627708,-0.012027824411814603
时序加减修正后,2024-12-20,Q04,做空,347,-0.00010016044752014082,-0.012126780147058924
时序加减修正后,2024-12-23,Q04,做空,172,0.0006021797189955684,-0.011531902929124538
时序加减修正后,2024-12-24,Q04,做空,219,0.00025122900128382635,-0.011283571076296406
时序加减修正后,2024-12-25,Q04,做空,366,0.0007712703022040787,-0.010521003457366285
时序加减修正后,2024-12-26,Q04,做空,261,-0.0010242341669878282,-0.011534461653142092
时序加减修正后,2024-12-27,Q04,做空,361,-0.00002838847294671995,-0.011562522680336196
时序加减修正后,2024-12-30,Q04,做空,235,0.0000736290601514369,-0.011489744957862591
时序加减修正后,2024-12-31,Q04,做空,108,0.002295986823507216,-0.009220138437384007
时序加减修正后,2025-01-02,Q04,做空,171,0.003534424937881117,-0.0057183013867267984
时序加减修正后,2025-01-03,Q04,做空,189,-0.0001265688890521353,-0.005844146516725157
时序加减修正后,2025-01-06,Q04,做空,47,-0.0011358088668202981,-0.0069733175501127675
时序加减修正后,2025-01-07,Q04,做空,316,-0.0010113055749904642,-0.007977570970188697
时序加减修正后,2025-01-08,Q04,做空,299,-0.0027116537206297365,-0.010667592280815597
时序加减修正后,2025-01-09,Q04,做空,401,0.0003972378035178733,-0.010274592048224118
时序加减修正后,2025-01-10,Q04,做空,334,0.0024970927869383116,-0.007803155870978129
时序加减修正后,2025-01-13,Q04,做空,204,-0.0007747746864219616,-0.008571884869757018
时序加减修正后,2025-01-14,Q04,做空,140,-0.004978592940460658,-0.013507801884718673
时序加减修正后,2025-01-15,Q04,做空,213,-0.00040579567142235367,-0.013908116148605876
时序加减修正后,2025-01-16,Q04,做空,223,0.0011201970334324804,-0.012803498945623715
时序加减修正后,2025-01-17,Q04,做空,407,-0.0012994757804286514,-0.014086336889267748
时序加减修正后,2025-01-20,Q04,做空,303,0.0007137049718763028,-0.013382685406064798
时序加减修正后,2025-01-21,Q04,做空,375,0.00045427193291834556,-0.01293449285151349
时序加减修正后,2025-01-22,Q04,做空,490,-0.000575128407863489,-0.013502182265096696
时序加减修正后,2025-01-23,Q04,做空,411,0.0013896600195855908,-0.012131285688382176
时序加减修正后,2025-01-24,Q04,做空,339,-0.0010864733970568825,-0.013204578766266573
时序加减修正后,2025-01-27,Q04,做空,436,0.0009598070378869868,-0.012257445576011827
时序加减修正后,2025-02-05,Q04,做空,306,0.0008643671980654985,-0.01140367331183434
时序加减修正后,2025-02-06,Q04,做空,247,-0.0032681988053264656,-0.014634602645666739
时序加减修正后,2025-02-07,Q04,做空,165,-0.003925401539229576,-0.018502557493145
时序加减修正后,2025-02-10,Q04,做空,259,0.0001856017449662147,-0.018320389855135844
时序加减修正后,2025-02-11,Q04,做空,188,-0.00021109748584112435,-0.018527619952738883
时序加减修正后,2025-02-12,Q04,做空,209,-0.0025301693449059776,-0.02101091128160637
时序加减修正后,2025-02-13,Q04,做空,479,0.0007041977854391622,-0.020321509333361742
时序加减修正后,2025-02-14,Q04,做空,379,-0.0007742371866155457,-0.021080012851763197
时序加减修正后,2025-02-17,Q04,做空,393,0.0004172859444780158,-0.020671523300357708
时序加减修正后,2025-02-18,Q04,做空,296,0.0014232356935109066,-0.01927770805664719
时序加减修正后,2025-02-19,Q04,做空,221,-0.0020581750512361206,-0.021296206210116075
时序加减修正后,2025-02-20,Q04,做空,422,-0.0004850326384266262,-0.02177090949345606
时序加减修正后,2025-02-21,Q04,做空,264,-0.001098385964324376,-0.02284538259636215
时序加减修正后,2025-02-24,Q04,做空,284,0.001472233630062272,-0.021406782706849814
时序加减修正后,2025-02-25,Q04,做空,437,0.0003082708732624729,-0.021105110921186165
时序加减修正后,2025-02-26,Q04,做空,412,-0.0005861046224664694,-0.021678845740583985
时序加减修正后,2025-02-27,Q04,做空,349,-0.0002030083321987746,-0.021877453086464937
时序加减修正后,2025-02-28,Q04,做空,116,0.0024832672718510932,-0.019448513377854915
时序加减修正后,2025-03-03,Q04,做空,294,0.0011909126578819294,-0.018280762200731604
时序加减修正后,2025-03-04,Q04,做空,494,-0.0004898980013632143,-0.018761704493229336
时序加减修正后,2025-03-05,Q04,做空,177,-0.0018900632279693862,-0.020616306913442073
时序加减修正后,2025-03-06,Q04,做空,331,-0.001501857829721591,-0.02208720198120573
时序加减修正后,2025-03-07,Q04,做空,221,-0.00019236437283860354,-0.02227531756328749
时序加减修正后,2025-03-10,Q04,做空,280,0.00027470616495130733,-0.022006730565397037
时序加减修正后,2025-03-11,Q04,做空,368,-0.0013013736569835442,-0.02327946524294644
时序加减修正后,2025-03-12,Q04,做空,434,-0.0007832186538801198,-0.02404445098539587
时序加减修正后,2025-03-13,Q04,做空,279,0.0004944124829760956,-0.023561926379133347
时序加减修正后,2025-03-14,Q04,做空,119,-0.00365865806161921,-0.027134379408858322
时序加减修正后,2025-03-17,Q04,做空,256,-0.0008425862502434711,-0.027954102604103026
时序加减修正后,2025-03-18,Q04,做空,326,0.0010091885175428994,-0.026973125045926305
时序加减修正后,2025-03-19,Q04,做空,252,0.0006174477594680549,-0.026372331782083758
时序加减修正后,2025-03-20,Q04,做空,321,0.00006463987485284777,-0.026309396611456815
时序加减修正后,2025-03-21,Q04,做空,455,0.002709335269813252,-0.02367134231781043
时序加减修正后,2025-03-24,Q04,做空,437,0.0002815596022832557,-0.023396447609255744
时序加减修正后,2025-03-25,Q04,做空,448,-0.00007310123821265993,-0.023467838538178465
时序加减修正后,2025-03-26,Q04,做空,495,0.0006124406860658613,-0.02286977051124739
时序加减修正后,2025-03-27,Q04,做空,296,-0.0007784650164639233,-0.023630432211433794
时序加减修正后,2025-03-28,Q04,做空,112,0.004226228834860584,-0.01950407099056528
时序加减修正后,2025-03-31,Q04,做空,24,0.003968290430445147,-0.015613178378386605
时序加减修正后,2025-04-01,Q04,做空,442,0.00011920360825426204,-0.015495835917331391
时序加减修正后,2025-04-02,Q04,做空,525,0.0004713040191078714,-0.015031835147970907
时序加减修正后,2025-04-03,Q04,做空,128,0.023179444831328055,0.007799180089831159
时序加减修正后,2025-04-07,Q04,做空,86,0.002072376847811325,0.009887719777892379
时序加减修正后,2025-04-08,Q04,做空,189,-4.752724384950602e-6,0.009882920059900435
时序加减修正后,2025-04-09,Q04,做空,202,-0.0018198717094708285,0.008045062703805561
时序加减修正后,2025-04-10,Q04,做空,177,-0.00012327614519876655,0.007920794794288755
时序加减修正后,2025-04-11,Q04,做空,243,-0.0012775817010185198,0.00663309363078346
时序加减修正后,2025-04-14,Q04,做空,113,0.00037806939060796684,0.007013670791058191
时序加减修正后,2025-04-15,Q04,做空,253,0.00045196089419405615,0.00746880159017449
时序加减修正后,2025-04-16,Q04,做空,320,-0.00043009885010860673,0.007035490417090173
时序加减修正后,2025-04-17,Q04,做空,460,-0.0000972792883697801,0.006937526721219278
时序加减修正后,2025-04-18,Q04,做空,340,-0.0011589952199809726,0.005770490940929962
时序加减修正后,2025-04-21,Q04,做空,319,-0.00021338360889774287,0.005555876003850102
时序加减修正后,2025-04-22,Q04,做空,360,-0.0007431328254925676,0.0048086144245247375
时序加减修正后,2025-04-23,Q04,做空,301,0.0008291454388770859,0.005641746904119227
时序加减修正后,2025-04-24,Q04,做空,247,0.0006963521822627637,0.006342027729150379
时序加减修正后,2025-04-25,Q04,做空,548,0.00037212997197118725,0.006716517759722596
时序加减修正后,2025-04-28,Q04,做空,47,-0.0021220557298758957,0.0045802092048499166
时序加减修正后,2025-04-29,Q04,做空,204,-0.0005023428127292302,0.0040755655569457705
时序加减修正后,2025-04-30,Q04,做空,319,0.0002230863187077629,0.004299561078570324
时序加减修正后,2025-05-06,Q04,做空,427,-0.0016462324068886888,0.002646250594898758
时序加减修正后,2025-05-07,Q04,做空,246,0.0001062928061778288,0.0027528246784782606
时序加减修正后,2025-05-08,Q04,做空,278,-0.00014076905052651644,0.0026116681154355614
时序加减修正后,2025-05-09,Q04,做空,113,-0.002151159781396525,0.00045489021862676893
时序加减修正后,2025-05-12,Q04,做空,438,-0.0006220710129875368,-0.00016746376837983856
时序加减修正后,2025-05-13,Q04,做空,349,0.0006930453954630613,0.0005254655670896557
时序加减修正后,2025-05-14,Q04,做空,300,-0.0006848842242955773,-0.00015977854028326188
时序加减修正后,2025-05-15,Q04,做空,333,0.000036558631349420705,-0.00012322575021872506
时序加减修正后,2025-05-16,Q04,做空,390,0.0016817516588232067,0.001558318673494652
时序加减修正后,2025-05-19,Q04,做空,262,-0.0008453502735649129,0.0007116510748128579
时序加减修正后,2025-05-20,Q04,做空,348,-0.000697553385723678,0.0000136012744724745
时序加减修正后,2025-05-21,Q04,做空,473,0.00015477076067519572,0.00016837414022741193
时序加减修正后,2025-05-22,Q04,做空,96,0.0011818623609087808,0.0013504354961950682
时序加减修正后,2025-05-23,Q04,做空,304,0.0002755459947581441,0.0016263535980454158
时序加减修正后,2025-05-26,Q04,做空,244,0.000021163035659706335,0.0016475510522842018
时序加减修正后,2025-05-27,Q04,做空,498,-0.0002256547320786308,0.0014215245425144296
时序加减修正后,2025-05-28,Q04,做空,384,0.00018473405145869037,0.0016065211979610083
时序加减修正后,2025-05-29,Q04,做空,347,-0.0008980665283245088,0.0007070119067216218
时序加减修正后,2025-05-30,Q04,做空,74,-0.0007865024149273144,-0.00008004657477767019
时序加减修正后,2025-06-03,Q04,做空,454,-0.00043116475006629303,-0.0005111768115826365
时序加减修正后,2025-06-04,Q04,做空,533,0.00006744648483295717,-0.00044376480382879446
时序加减修正后,2025-06-05,Q04,做空,347,-0.0006584485599677876,-0.0011019211675005192
时序加减修正后,2025-06-06,Q04,做空,169,-0.0028362946854590867,-0.003935090479808445
时序加减修正后,2025-06-09,Q04,做空,283,-0.00023968648831098827,-0.004173833780101166
时序加减修正后,2025-06-10,Q04,做空,193,-0.001592151258469389,-0.005759339663864882
时序加减修正后,2025-06-11,Q04,做空,378,0.000895437822999724,-0.004869058971435636
时序加减修正后,2025-06-12,Q04,做空,351,-0.0004821445775417972,-0.005348855958596688
时序加减修正后,2025-06-13,Q04,做空,496,0.0004213767932073566,-0.004929733049160556
时序加减修正后,2025-06-16,Q04,做空,301,-0.0004590137989203789,-0.005386484032586347
时序加减修正后,2025-06-17,Q04,做空,419,0.0007180377161605417,-0.004672314015118584
时序加减修正后,2025-06-18,Q04,做空,435,0.00043501434480569366,-0.004239332193932799
时序加减修正后,2025-06-19,Q04,做空,458,0.00018051091269854707,-0.004059586526957926
时序加减修正后,2025-06-20,Q04,做空,451,0.00038386951850015027,-0.0036772753599831898
时序加减修正后,2025-06-23,Q04,做空,230,-0.0017326651504529012,-0.0054035690235711975
时序加减修正后,2025-06-24,Q04,做空,152,-0.0014020818575294183,-0.006798074635006812
时序加减修正后,2025-06-25,Q04,做空,234,-0.00274355553130559,-0.009522979271045284
时序加减修正后,2025-06-26,Q04,做空,269,0.00016739509962317378,-0.009357178271485855
时序加减修正后,2025-06-27,Q04,做空,168,2.196166362756187e-6,-0.009355002655043299
时序加减修正后,2025-06-30,Q04,做空,292,0.0008416297001556265,-0.008521246402967142
时序加减修正后,2025-07-01,Q04,做空,300,0.00023275322719806962,-0.008290476523369006
时序加减修正后,2025-07-02,Q04,做空,379,-0.00019253591926346686,-0.008481416228113936
时序加减修正后,2025-07-03,Q04,做空,459,-0.00007395597279797438,-0.008554744949524129
时序加减修正后,2025-07-04,Q04,做空,42,-0.0024132728677137665,-0.010947372883361006
时序加减修正后,2025-07-07,Q04,做空,178,0.00040104827263001404,-0.010550715035715696
时序加减修正后,2025-07-08,Q04,做空,380,-0.0011210894222179041,-0.011659976162910257
时序加减修正后,2025-07-09,Q04,做空,235,0.000495720928673573,-0.011170035328448513
时序加减修正后,2025-07-10,Q04,做空,388,-0.0007737624386602865,-0.011935154813333182
时序加减修正后,2025-07-11,Q04,做空,103,-0.005805556427006998,-0.01767142102560626
时序加减修正后,2025-07-14,Q04,做空,332,0.00011208451456717827,-0.017561317203686366
时序加减修正后,2025-07-15,Q04,做空,464,0.00037458690301185734,-0.017193308540098706
时序加减修正后,2025-07-16,Q04,做空,376,0.000217779566384629,-0.016979273324992605
时序加减修正后,2025-07-17,Q04,做空,560,-0.0010889842986996103,-0.018049767461638
时序加减修正后,2025-07-18,Q04,做空,214,-0.0019710729861586837,-0.019985263038746592
时序加减修正后,2025-07-21,Q04,做空,246,-0.0005527499097075722,-0.02052696609611404
时序加减修正后,2025-07-22,Q04,做空,386,-0.00020850792193673418,-0.02073119398300638
时序加减修正后,2025-07-23,Q04,做空,317,0.0008551966411601246,-0.01989372658930777
时序加减修正后,2025-07-24,Q04,做空,225,-0.0012701072520091353,-0.021138566674906323
时序加减修正后,2025-07-25,Q04,做空,261,0.00044634855284377434,-0.020701653290706945
时序加减修正后,2025-07-28,Q04,做空,305,0.000539940358955436,-0.02017289058986027
时序加减修正后,2025-07-29,Q04,做空,361,-0.0008028485263365488,-0.020959543340714704
时序加减修正后,2025-07-30,Q04,做空,357,0.0009329261607205149,-0.02004617088629357
时序加减修正后,2025-07-31,Q04,做空,93,0.0011750770060242886,-0.01889464967473653
时序加减修正后,2025-08-01,Q04,做空,243,0.001202310568716764,-0.017715056343015956
时序加减修正后,2025-08-04,Q04,做空,504,-0.0010427810099018745,-0.018739364428573935
时序加减修正后,2025-08-05,Q04,做空,440,-0.0004941691672808123,-0.019224273179739737
时序加减修正后,2025-08-06,Q04,做空,437,-0.001123796851937538,-0.02032646585399711
时序加减修正后,2025-08-07,Q04,做空,239,0.002380928979931101,-0.0179939327456774
时序加减修正后,2025-08-08,Q04,做空,84,-0.00005801510981958321,-0.018050903935512674
时序加减修正后,2025-08-11,Q04,做空,280,-0.0002834033155003064,-0.0183291915649898
时序加减修正后,2025-08-12,Q04,做空,350,-0.0004151322643571932,-0.018736714790548725
时序加减修正后,2025-08-13,Q04,做空,341,-0.0008649107282169612,-0.019585419933131787
时序加减修正后,2025-08-14,Q04,做空,212,0.0009394350959670226,-0.01866438406801918
时序加减修正后,2025-08-15,Q04,做空,283,-0.0020547738482241023,-0.020680806827967024
时序加减修正后,2025-08-18,Q04,做空,322,-0.0005851106528137715,-0.021253816920396962
时序加减修正后,2025-08-19,Q04,做空,222,0.0008031012941238907,-0.020467784594146887
时序加减修正后,2025-08-20,Q04,做空,285,-0.002614619003559295,-0.02302888813914561
时序加减修正后,2025-08-21,Q04,做空,314,-0.0008229405016643529,-0.023832877236051875
时序加减修正后,2025-08-22,Q04,做空,230,-0.001408780138713748,-0.02520808209066705
时序加减修正后,2025-08-25,Q04,做空,144,-0.0011283372283388518,-0.026307976101527908
时序加减修正后,2025-08-26,Q04,做空,313,0.00037430690327817695,-0.025943516455315785
时序加减修正后,2025-08-27,Q04,做空,99,0.0024668146198206214,-0.02354069968117678
时序加减修正后,2025-08-28,Q04,做空,160,-0.0016022330388523187,-0.025105215033242256
时序加减修正后,2025-08-29,Q04,做空,372,-0.0013618259192337983,-0.026432852019935837
时序加减修正后,2025-09-01,Q04,做空,529,0.00012581308136448428,-0.026310364537133313
时序加减修正后,2025-09-02,Q04,做空,184,0.003992808850101858,-0.022422607943404782
时序加减修正后,2025-09-03,Q04,做空,186,0.0034776899298766917,-0.019022896891374375
时序加减修正后,2025-09-04,Q04,做空,175,0.005075004793470725,-0.014044433390813071
时序加减修正后,2025-09-05,Q04,做空,91,-0.0043953830761813235,-0.018378085802153943
时序加减修正后,2025-09-08,Q04,做空,363,-0.0002353401907670604,-0.018609100890702446
时序加减修正后,2025-09-09,Q04,做空,170,0.000556842619784327,-0.01806262061140984
时序加减修正后,2025-09-10,Q04,做空,439,0.0010391343269419392,-0.01704225577357965
时序加减修正后,2025-09-11,Q04,做空,270,-0.005642461572144249,-0.022588557072418802
时序加减修正后,2025-09-12,Q04,做空,288,0.00004118522580635423,-0.022548302161435996
时序加减修正后,2025-09-15,Q04,做空,328,0.00036927426790720256,-0.02218735440130204
时序加减修正后,2025-09-16,Q04,做空,182,-0.0016637096497196492,-0.023814150735402495
时序加减修正后,2025-09-17,Q04,做空,462,-0.0010909931896732176,-0.024879162848805536
时序加减修正后,2025-09-18,Q04,做空,350,4.611240728991106e-6,-0.02487466633188551
时序加减修正后,2025-09-19,Q04,做空,219,0.0008044366180720275,-0.024090239806273228
时序加减修正后,2025-09-22,Q04,做空,417,0.00002930861148552336,-0.024061637246266754
时序加减修正后,2025-09-23,Q04,做空,411,0.0004591647903352436,-0.02361352071255296
时序加减修正后,2025-09-24,Q04,做空,426,-0.00197157433091329,-0.02553853923216698
时序加减修正后,2025-09-25,Q04,做空,322,-0.00025158514931124796,-0.025783699264272264
时序加减修正后,2025-09-26,Q04,做空,66,0.0035024426693835817,-0.022371562523366473
时序加减修正后,2025-09-29,Q04,做空,326,-0.004637100547900283,-0.026904923886432175
时序加减修正后,2025-09-30,Q04,做空,325,-0.0008459595886793418,-0.02772812299676719
时序加减修正后,2025-10-09,Q04,做空,317,-0.00032887071756704245,-0.02804787474662751
时序加减修正后,2025-10-10,Q04,做空,47,0.003816448043622547,-0.024338469959709563
时序加减修正后,2025-10-13,Q04,做空,199,0.0011770111505303709,-0.023190105459708676
时序加减修正后,2025-10-14,Q04,做空,177,0.0031779573658595683,-0.020085845260309987
时序加减修正后,2025-10-15,Q04,做空,214,-0.0019447229414738748,-0.021991506797707228
时序加减修正后,2025-10-16,Q04,做空,251,-0.00030825037063777474,-0.02229297827822374
时序加减修正后,2025-10-17,Q04,做空,388,0.0029829132333511507,-0.01937656306478941
时序加减修正后,2025-10-20,Q04,做空,168,0.0010707025267904448,-0.01832660707303302
时序加减修正后,2025-10-21,Q04,做空,352,-0.0003574394232311368,-0.01867749584440226
时序加减修正后,2025-10-22,Q04,做空,338,-0.0011347500988142859,-0.019791051652961467
时序加减修正后,2025-10-23,Q04,做空,430,-0.002612017654948516,-0.02235137473158244
时序加减修正后,2025-10-24,Q04,做空,233,-0.002506173657610125,-0.02480153196262891
时序加减修正后,2025-10-27,Q04,做空,151,-0.0008829154091851905,-0.025662549717072825
时序加减修正后,2025-10-28,Q04,做空,187,-0.00003233105167176918,-0.02569405107152367
时序加减修正后,2025-10-29,Q04,做空,324,-0.0008020814928408701,-0.026475523841523962
时序加减修正后,2025-10-30,Q04,做空,218,0.00210402128121115,-0.024427207625906666
时序加减修正后,2025-10-31,Q04,做空,69,0.0016443481009986683,-0.022823026357380316
时序加减修正后,2025-11-03,Q04,做空,170,-0.001133033870941932,-0.023930200966421844
时序加减修正后,2025-11-04,Q04,做空,203,0.0023419424674662663,-0.021644301652853914
时序加减修正后,2025-11-05,Q04,做空,424,-0.001362910548717957,-0.02297771295452955
时序加减修正后,2025-11-06,Q04,做空,413,0.00022289373668586636,-0.02275994080614452
时序加减修正后,2025-11-07,Q04,做空,195,-0.0005115204409286469,-0.023259819072116494
时序加减修正后,2025-11-10,Q04,做空,119,-0.0007629872142227695,-0.024005059341782098
时序加减修正后,2025-11-11,Q04,做空,586,0.0017578080720502362,-0.022289447556812947
时序加减修正后,2025-11-12,Q04,做空,382,-0.00001572844784091841,-0.02230482542624057
时序加减修正后,2025-11-13,Q04,做空,456,-0.0009382388624377008,-0.023222137034643486
时序加减修正后,2025-11-14,Q04,做空,450,0.00048509807558326024,-0.022748303973046613
时序加减修正后,2025-11-17,Q04,做空,369,0.000139492375290398,-0.022611984812711206
时序加减修正后,2025-11-18,Q04,做空,412,0.0012004933091790996,-0.021438637040006925
时序加减修正后,2025-11-19,Q04,做空,356,0.00004621451029726834,-0.021393413305821896
时序加减修正后,2025-11-20,Q04,做空,433,0.0014413048812640158,-0.019982942855582442
时序加减修正后,2025-11-21,Q04,做空,278,0.00013153850310942722,-0.019854032878864114
时序加减修正后,2025-11-24,Q04,做空,260,-0.003136577207932043,-0.022928336379782754
时序加减修正后,2025-11-25,Q04,做空,330,0.00013083917514119424,-0.02280049712926091
时序加减修正后,2025-11-26,Q04,做空,213,-0.00034497278592395686,-0.023137604364169673
时序加减修正后,2025-11-27,Q04,做空,261,0.00047653825865845266,-0.022672092059204396
时序加减修正后,2025-11-28,Q04,做空,12,-0.0008532327653180497,-0.023505980252719216
时序加减修正后,2025-12-01,Q04,做空,493,-0.0002871363598217965,-0.023786367190937185
时序加减修正后,2025-12-02,Q04,做空,168,0.0007330057853345178,-0.023070796950365735
时序加减修正后,2025-12-03,Q04,做空,378,0.0010564221910687001,-0.022038747261161062
时序加减修正后,2025-12-04,Q04,做空,648,-0.00009061398597264032,-0.02212736422839856
时序加减修正后,2025-12-05,Q04,做空,308,-0.002649121125395814,-0.024717867285767636
时序加减修正后,2025-12-08,Q04,做空,251,-0.00024272297629517219,-0.024954590667747523
时序加减修正后,2025-12-09,Q04,做空,44,0.0015806714257202905,-0.023413364250436275
时序加减修正后,2025-12-10,Q04,做空,269,-0.000871750492252367,-0.024264704130878112
时序加减修正后,2025-12-11,Q04,做空,403,0.0006390415031319772,-0.02364116878074707
时序加减修正后,2025-12-12,Q04,做空,343,-0.001579099442027835,-0.025182936466344286
时序加减修正后,2025-12-15,Q04,做空,432,0.00015827913306633559,-0.025028643266629902
时序加减修正后,2025-12-16,Q04,做空,437,0.0009382257671807376,-0.024113900017479373
时序加减修正后,2025-12-17,Q04,做空,210,-0.0020024179492230316,-0.026068031860481677
时序加减修正后,2025-12-18,Q04,做空,269,-0.0002505389713074408,-0.02631203977390284
时序加减修正后,2025-12-19,Q04,做空,237,-0.000740890856847616,-0.027033436281056922
时序加减修正后,2025-12-22,Q04,做空,229,0.000042952486913685286,-0.026991644947461313
时序加减修正后,2025-12-23,Q04,做空,260,0.0001148351786468993,-0.02687990935918394
时序加减修正后,2025-12-24,Q04,做空,335,-0.001870082497608469,-0.028699724208762434
时序加减修正后,2025-12-25,Q04,做空,338,-0.0007311467087884711,-0.029409887208652563
时序加减修正后,2025-12-26,Q04,做空,246,0.00032286891685107843,-0.029096513830229265
时序加减修正后,2025-12-29,Q04,做空,196,0.0007292102414534643,-0.028388521064651284
时序加减修正后,2025-12-30,Q04,做空,268,-0.000017379952006099777,-0.028405407625523793
时序加减修正后,2025-12-31,Q04,做空,289,0.0007550943766017267,-0.027671762012485224
时序加减修正后,2026-01-05,Q04,做空,144,-0.004448266149564815,-0.0319969367997911
时序加减修正后,2026-01-06,Q04,做空,305,-0.001634620558902274,-0.033579254507978606
时序加减修正后,2026-01-07,Q04,做空,261,0.0003666562908508599,-0.03322491026203522
时序加减修正后,2026-01-08,Q04,做空,185,0.0010085483820050187,-0.032249870809517245
时序加减修正后,2026-01-09,Q04,做空,328,-0.0011645522005848052,-0.03337686635208226
时序加减修正后,2026-01-12,Q04,做空,302,-0.0013303463097054794,-0.03466280987080672
时序加减修正后,2026-01-13,Q04,做空,306,0.0015947940444235736,-0.03312329586912799
时序加减修正后,2026-01-14,Q04,做空,223,0.0030682658208887803,-0.03015666112482973
时序加减修正后,2026-01-15,Q04,做空,425,0.0005769725044143236,-0.029597088184709408
时序加减修正后,2026-01-16,Q04,做空,315,0.00121793706331075,-0.028415198512064865
时序加减修正后,2026-01-19,Q04,做空,233,-0.0011045625166332474,-0.029488374665519013
时序加减修正后,2026-01-20,Q04,做空,460,0.00011079532079115186,-0.029380846518658577
时序加减修正后,2026-01-21,Q04,做空,377,-0.000859289166574451,-0.030214889042114668
时序加减修正后,2026-01-22,Q04,做空,401,-0.00015070203205012016,-0.030361037628988008
时序加减修正后,2026-01-23,Q04,做空,329,-0.001142964726062718,-0.0314693007599941
时序加减修正后,2026-01-26,Q04,做空,254,0.0013068424939015452,-0.030203583685579072
时序加减修正后,2026-01-27,Q04,做空,314,-0.001514692196784601,-0.03167252674984011
时序加减修正后,2026-01-28,Q04,做空,221,-0.0007584337152662366,-0.03240693895297153
时序加减修正后,2026-01-29,Q04,做空,435,0.00046660289159660155,-0.031955457232798246
时序加减修正后,2026-01-30,Q04,做空,248,-0.0004579425938338259,-0.0323987660616597
时序加减修正后,2026-02-02,Q04,做空,111,0.004821399061207508,-0.0277335743807261
时序加减修正后,2026-02-03,Q04,做空,345,-0.000790076819765196,-0.0285017395462438
时序加减修正后,2026-02-04,Q04,做空,209,0.0008819211834634189,-0.027644954650651754
时序加减修正后,2026-02-05,Q04,做空,452,0.001189458775083587,-0.026488378409464164
时序加减修正后,2026-02-06,Q04,做空,282,0.0002062319922031825,-0.026287609168310633
时序加减修正后,2026-02-09,Q04,做空,182,-0.00012042920950609567,-0.02640487258182478
时序加减修正后,2026-02-10,Q04,做空,324,0.00002737504280082282,-0.026378220373541095
时序加减修正后,2026-02-11,Q04,做空,385,0.00014936146640552166,-0.02623279879681184
时序加减修正后,2026-02-12,Q04,做空,233,-0.0006012506975368656,-0.026818277005773772
时序加减修正后,2026-02-13,Q04,做空,425,0.0008796337108394843,-0.02596223355545524
时序加减修正后,2026-02-24,Q04,做空,478,-0.0009015878910367098,-0.026840414211094066
时序加减修正后,2026-02-25,Q04,做空,242,-0.0007893150264141342,-0.027608543695256227
时序加减修正后,2026-02-26,Q04,做空,122,-0.0005795781970115714,-0.028172120582290794
时序加减修正后,2026-02-27,Q04,做空,334,-0.00039534988511563907,-0.028556332622770797
时序加减修正后,2026-03-02,Q04,做空,270,0.0011779796718285609,-0.027411991730273866
时序加减修正后,2026-03-03,Q04,做空,329,0.0017939239903771134,-0.025667242769485843
时序加减修正后,2026-03-04,Q04,做空,323,0.0021721371478926796,-0.023550858393096785
时序加减修正后,2026-03-05,Q04,做空,157,0.0003876153069268764,-0.023172371759374366
时序加减修正后,2026-03-06,Q04,做空,378,0.0012815217100810346,-0.02192054594677706
时序加减修正后,2026-03-09,Q04,做空,250,-0.0038748982189572415,-0.025710504281286628
时序加减修正后,2026-03-10,Q04,做空,310,-0.00009005189079494636,-0.025798240892557778
时序加减修正后,2026-03-11,Q04,做空,284,0.0002548482895985165,-0.025549967240525384
时序加减修正后,2026-03-12,Q04,做空,113,-0.0003813051256479693,-0.025921530032704365
时序加减修正后,2026-03-13,Q04,做空,346,0.0021696022493499626,-0.023808167193219876
时序加减修正后,2026-03-16,Q04,做空,370,-0.00018402932914181588,-0.023987815121325085
时序加减修正后,2026-03-17,Q04,做空,479,0.0016141284872265374,-0.02241240604983208
时序加减修正后,2026-03-18,Q04,做空,318,-0.0009564496053054376,-0.023347419318217155
时序加减修正后,2026-03-19,Q04,做空,426,0.0016258379656678293,-0.021759540473277328
时序加减修正后,2026-03-20,Q04,做空,448,0.003232541638774527,-0.018597337455123153
时序加减修正后,2026-03-23,Q04,做空,291,0.004286242012012829,-0.014390808132222044
时序加减修正后,2026-03-24,Q04,做空,292,-0.00033523292626192066,-0.014721216785762548
时序加减修正后,2026-03-25,Q04,做空,323,1.9304961627569114e-6,-0.014719314708852349
时序加减修正后,2026-03-26,Q04,做空,116,0.0017082210243674566,-0.013036237527334738
时序加减修正后,2026-03-27,Q04,做空,340,-0.0023403568640359856,-0.015346084943392402
时序加减修正后,2026-03-30,Q04,做空,227,-0.0036246494847077503,-0.01891511024921777
时序加减修正后,2026-03-31,Q04,做空,267,0.0008649074943707419,-0.018066562575458467
时序加减修正后,2026-04-01,Q04,做空,403,0.00038891520653710506,-0.01768467372983684
时序加减修正后,2026-04-02,Q04,做空,42,0.00231969920085768,-0.015405997652497727
时序加减修正后,2026-04-03,Q04,做空,178,-0.0015560002717863294,-0.016938026187749644
时序加减修正后,2026-04-07,Q04,做空,278,-0.0035731757024412792,-0.020450679346569522
时序加减修正后,2026-04-08,Q04,做空,247,-0.0012109950661073276,-0.021636908740889638
时序加减修正后,2026-04-09,Q04,做空,176,0.0002603511468040861,-0.02138219078808956
时序加减修正后,2026-04-10,Q04,做空,189,-0.00042823574467403225,-0.021801269914368704
时序加减修正后,2026-04-13,Q04,做空,269,-0.0001903212605036997,-0.0219874419297017
时序加减修正后,2026-04-14,Q04,做空,298,0.0002901624830950664,-0.021703659377353857
时序加减修正后,2026-04-15,Q04,做空,257,0.0006379359059268722,-0.021079569015033717
时序加减修正后,2026-04-16,Q04,做空,179,0.0006098503980149227,-0.020482574000572518
时序加减修正后,2026-04-17,Q04,做空,320,-0.0006881965746913466,-0.021156674537995745
时序加减修正后,2026-04-20,Q04,做空,385,0.000096224351316825,-0.02106248597396243
时序加减修正后,2026-04-21,Q04,做空,328,-0.00006465358228524565,-0.021125777791077605
时序加减修正后,2026-04-22,Q04,做空,383,-0.0008583472606691948,-0.021965991798250317
时序加减修正后,2026-04-23,Q04,做空,170,0.002770603437837802,-0.019256247412804184
时序加减修正后,2026-04-24,Q04,做空,405,-0.001490809825370462,-0.02071834983533183
时序加减修正后,2026-04-27,Q04,做空,372,-5.055585686306429e-6,-0.02072330067762529
时序加减修正后,2026-04-28,Q04,做空,104,0.0012825192100605748,-0.019467359498779646
时序加减修正后,2026-04-29,Q04,做空,348,-0.0011239859744474133,-0.020569464434190943
时序加减修正后,2026-04-30,Q04,做空,398,-0.0034436523129539208,-0.02394228266336984
时序加减修正后,2026-05-06,Q04,做空,237,-0.0014424864765626765,-0.025350232720972588
时序加减修正后,2026-05-07,Q04,做空,211,-0.0009811686161754905,-0.026306528484389524
时序加减修正后,2026-05-08,Q04,做空,114,0.0001245634870939651,-0.026185241830216976
时序加减修正后,2026-05-11,Q04,做空,298,-0.0006258959240846933,-0.026794748518168987
时序加减修正后,2026-05-12,Q04,做空,266,0.00008041708988320919,-0.02671648618398581
时序加减修正后,2026-05-13,Q04,做空,243,-0.0017439311355521995,-0.028413825607449206
时序加减修正后,2026-05-14,Q04,做空,322,0.0019237886801917361,-0.026544699123322024
时序加减修正后,2026-05-15,Q04,做空,413,0.0021298521534435745,-0.024471383254468737
时序加减修正后,2026-05-18,Q04,做空,278,0.0019400934978869196,-0.022578766528118188
时序加减修正后,2026-05-19,Q04,做空,366,-0.000629881106979553,-0.023194425696642762
时序加减修正后,2026-05-20,Q04,做空,256,-0.002474067093039878,-0.025611108224324663
时序加减修正后,2026-05-21,Q04,做空,282,0.003120363252472747,-0.022570660932810127
时序加减修正后,2026-05-22,Q04,做空,327,-0.0011044731238160556,-0.02365020536823903
时序加减修正后,2026-05-25,Q04,做空,334,-0.001139699460051821,-0.024762950702002517
时序加减修正后,2026-05-26,Q04,做空,403,0.00003482164902379736,-0.024728991339756812
时序加减修正后,2026-05-27,Q04,做空,288,0.002696824569461064,-0.022098856521718946
时序加减修正后,2026-05-28,Q04,做空,51,-0.0005524811904430025,-0.02263912850960348
时序加减修正后,2026-05-29,Q04,做空,423,0.002300698444802214,-0.020390515872555026
时序加减修正后,2026-06-01,Q04,做空,104,0.0029713785580287757,-0.017479725256177137
时序加减修正后,2026-06-02,Q04,做空,296,-0.002044056203344922,-0.019488051918679417
时序加减修正后,2026-06-03,Q04,做空,263,0.0012405616479945509,-0.018271666400489384
时序加减修正后,2026-06-04,Q04,做空,232,-0.00008338906883997472,-0.018353531812082102
时序加减修正后,2026-06-05,Q04,做空,368,0.0001441985685865486,-0.018211979796511346
时序加减修正后,2026-06-08,Q04,做空,240,0.001728214509148529,-0.016515239495087375
时序加减修正后,2026-06-09,Q04,做空,143,-0.0008585813888381203,-0.01735964120666278
时序加减修正后,2026-06-10,Q04,做空,276,-0.00041960883960279676,-0.017771965787362953
时序加减修正后,2026-06-11,Q04,做空,318,-0.0010363984957684064,-0.018789945444522504
时序加减修正后,2026-06-12,Q04,做空,116,-0.0019983993606101963,-0.020750794990170518
时序加减修正后,2026-06-15,Q04,做空,142,-0.002861125484882841,-0.02355254984667543
时序加减修正后,2026-06-16,Q04,做空,244,-0.0004129206350313086,-0.02395574514786747
时序加减修正后,2026-06-17,Q04,做空,204,-0.0001937423288765393,-0.024144846234889106
时序加减修正后,2026-06-18,Q04,做空,382,-0.0002516268611700775,-0.024390397604187708
时序加减修正后,2026-06-22,Q04,做空,271,-0.0017600950551237757,-0.026107563241095866
时序加减修正后,2026-06-23,Q04,做空,150,0.004317096015632463,-0.02190317608270942
时序加减修正后,2026-06-24,Q04,做空,316,-0.0010609297804289263,-0.022940868131346215
时序加减修正后,2026-06-25,Q04,做空,171,0.0004859531960945048,-0.022466063123441238
时序加减修正后,2026-06-26,Q04,做空,403,0.002309765590388887,-0.020208188872606336
时序加减修正后,2026-06-29,Q04,做空,144,0.001322092216166008,-0.01891281374565157
时序加减修正后,2026-06-30,Q04,做空,172,-0.0016940803953032226,-0.020574854313968327
时序加减修正后,2024-02-01,Q05,做空,253,0.0019128930926879245,0.0019128930926879395
时序加减修正后,2024-02-02,Q05,做空,149,0.004090749850456022,0.006011468110276974
时序加减修正后,2024-02-05,Q05,做空,217,0.0032175842700147904,0.009248394785523084
时序加减修正后,2024-02-06,Q05,做空,160,-0.009534167354104284,-0.00037394831222314906
时序加减修正后,2024-02-07,Q05,做空,207,-0.004521738143618374,-0.004893995559494324
时序加减修正后,2024-02-08,Q05,做空,266,-0.00025962995272479895,-0.00515235488438337
时序加减修正后,2024-02-19,Q05,做空,250,0.0012041440419998254,-0.003954415019819857
时序加减修正后,2024-02-20,Q05,做空,364,-0.001259732148805147,-0.0052091656648948215
时序加减修正后,2024-02-21,Q05,做空,184,-0.004203629954249861,-0.009390898214319043
时序加减修正后,2024-02-22,Q05,做空,169,-0.0018578925421520016,-0.011231343476714506
时序加减修正后,2024-02-23,Q05,做空,339,-0.0011542685765441325,-0.01237264806641103
时序加减修正后,2024-02-26,Q05,做空,209,-0.00039571283862655356,-0.012763464889349985
时序加减修正后,2024-02-27,Q05,做空,348,-0.0020448448995848178,-0.014782210482854774
时序加减修正后,2024-02-28,Q05,做空,201,0.0028587040732196527,-0.011965764374953558
时序加减修正后,2024-02-29,Q05,做空,198,-0.0008764173308560257,-0.012831694702534424
时序加减修正后,2024-03-01,Q05,做空,285,-0.00024855902457809924,-0.013077064293593565
时序加减修正后,2024-03-04,Q05,做空,274,-0.0008622978564572094,-0.013928085825541614
时序加减修正后,2024-03-05,Q05,做空,274,0.000104556959999783,-0.01382498514385433
时序加减修正后,2024-03-06,Q05,做空,317,-0.000691771692559101,-0.014507193103040827
时序加减修正后,2024-03-07,Q05,做空,189,0.001511664587986488,-0.013017458525139358
时序加减修正后,2024-03-08,Q05,做空,477,0.00012245227413773546,-0.012896600268401559
时序加减修正后,2024-03-11,Q05,做空,307,-0.0006104138779248405,-0.01349914188254453
时序加减修正后,2024-03-12,Q05,做空,314,-0.0005106834574272762,-0.01400293155152299
时序加减修正后,2024-03-13,Q05,做空,289,-0.0002161462376458944,-0.014216051108198013
时序加减修正后,2024-03-14,Q05,做空,405,0.001347028443544534,-0.012888172089851047
时序加减修正后,2024-03-15,Q05,做空,383,-0.0012191397415927104,-0.014091599348652561
时序加减修正后,2024-03-18,Q05,做空,349,-0.0007600808127496036,-0.014840969407116322
时序加减修正后,2024-03-19,Q05,做空,285,0.0003699601925051722,-0.014476499782509977
时序加减修正后,2024-03-20,Q05,做空,369,-0.0001416615466058802,-0.014616110565767282
时序加减修正后,2024-03-21,Q05,做空,355,0.0013118220023334544,-0.01332346229886261
时序加减修正后,2024-03-22,Q05,做空,385,0.0029183742168998987,-0.010443970930815505
时序加减修正后,2024-03-25,Q05,做空,340,0.00008625797317483161,-0.010358613833405084
时序加减修正后,2024-03-26,Q05,做空,411,0.0001757546585800133,-0.010184679749462577
时序加减修正后,2024-03-27,Q05,做空,357,0.0006799873297786078,-0.009511617872871359
时序加减修正后,2024-03-28,Q05,做空,195,-0.0009269449377032475,-0.010429746064538059
时序加减修正后,2024-03-29,Q05,做空,381,-0.0018618539657058461,-0.012272181366172363
时序加减修正后,2024-04-01,Q05,做空,235,0.00027452554345376134,-0.01200102484997756
时序加减修正后,2024-04-02,Q05,做空,201,0.0008992314822046579,-0.011112585067136638
时序加减修正后,2024-04-03,Q05,做空,339,0.0009037082485503834,-0.010218919353374156
时序加减修正后,2024-04-08,Q05,做空,268,0.000793666806379433,-0.009433362964082481
时序加减修正后,2024-04-09,Q05,做空,175,0.00010920863727473521,-0.00932518453152198
时序加减修正后,2024-04-10,Q05,做空,333,0.00101163777102223,-0.008322980469393504
时序加减修正后,2024-04-11,Q05,做空,402,-0.00019270851135386248,-0.008514085071571142
时序加减修正后,2024-04-12,Q05,做空,551,0.0014440816524829427,-0.007082298453127689
时序加减修正后,2024-04-15,Q05,做空,219,-0.0005324308398958735,-0.0076109584589098
时序加减修正后,2024-04-16,Q05,做空,261,0.001577908238464069,-0.006045059614500525
时序加减修正后,2024-04-17,Q05,做空,224,-0.0013235441887055849,-0.007360602899682989
时序加减修正后,2024-04-18,Q05,做空,285,-0.001430600914280053,-0.008780673728725041
时序加减修正后,2024-04-19,Q05,做空,356,0.0009597538284365685,-0.007829347185515978
时序加减修正后,2024-04-22,Q05,做空,236,0.0005414859691789665,-0.007292100697985693
时序加减修正后,2024-04-23,Q05,做空,467,0.0006485271888043571,-0.006648302634747472
时序加减修正后,2024-04-24,Q05,做空,141,-0.001560657417772384,-0.008198584329697334
时序加减修正后,2024-04-25,Q05,做空,235,-0.000252496512907686,-0.008449010728651007
时序加减修正后,2024-04-26,Q05,做空,119,-0.00221043290892477,-0.010640767666213247
时序加减修正后,2024-04-29,Q05,做空,175,-0.002672168910981522,-0.013284502648648111
时序加减修正后,2024-04-30,Q05,做空,102,0.0014628632058042521,-0.011841072852975976
时序加减修正后,2024-05-06,Q05,做空,275,0.0007856719237249556,-0.011064704127738412
时序加减修正后,2024-05-07,Q05,做空,209,0.000861449874031695,-0.010212785941683622
时序加减修正后,2024-05-08,Q05,做空,243,0.0008051972278282899,-0.009415812020784009
时序加减修正后,2024-05-09,Q05,做空,221,0.0003986711291123784,-0.009020894704081406
时序加减修正后,2024-05-10,Q05,做空,400,0.00016996133048451155,-0.008852466576863005
时序加减修正后,2024-05-13,Q05,做空,158,-0.0021551118459199963,-0.010988500367197562
时序加减修正后,2024-05-14,Q05,做空,368,0.0009528322511770333,-0.010046138313562603
时序加减修正后,2024-05-15,Q05,做空,357,0.0003331786455437039,-0.009716306826775267
时序加减修正后,2024-05-16,Q05,做空,438,0.0009006173819531824,-0.008824440119638566
时序加减修正后,2024-05-17,Q05,做空,518,-0.0010985119820554569,-0.009913258348487664
时序加减修正后,2024-05-20,Q05,做空,171,-0.000248776738053972,-0.010159568898466254
时序加减修正后,2024-05-21,Q05,做空,282,0.0010026289878591833,-0.00916712618888893
时序加减修正后,2024-05-22,Q05,做空,313,0.0006903217859819499,-0.008483132669830029
时序加减修正后,2024-05-23,Q05,做空,378,0.0014067715160428883,-0.007088294983193855
时序加减修正后,2024-05-24,Q05,做空,375,0.0010312122643711822,-0.006064392255542783
时序加减修正后,2024-05-27,Q05,做空,367,-0.0011287724633005033,-0.007186319399858476
时序加减修正后,2024-05-28,Q05,做空,364,0.0006811562583467234,-0.0065100581479454744
时序加减修正后,2024-05-29,Q05,做空,472,0.00048185256181861437,-0.00603134247432302
时序加减修正后,2024-05-30,Q05,做空,294,0.0004956962194494297,-0.005538635968536432
时序加减修正后,2024-05-31,Q05,做空,334,0.0007887502378182177,-0.004754254331155505
时序加减修正后,2024-06-03,Q05,做空,158,0.001119530893136678,-0.003640045972616357
时序加减修正后,2024-06-04,Q05,做空,396,-0.002081705165593773,-0.005714173635705921
时序加减修正后,2024-06-05,Q05,做空,353,0.0008655859142458284,-0.0048535338296706865
时序加减修正后,2024-06-06,Q05,做空,432,0.001480225869491497,-0.003380492286512382
时序加减修正后,2024-06-07,Q05,做空,357,0.0021277987265935576,-0.0012598865671014092
时序加减修正后,2024-06-11,Q05,做空,482,-0.001205114951389006,-0.0024634832103512805
时序加减修正后,2024-06-12,Q05,做空,391,0.0005040526803521276,-0.0019606722553142664
时序加减修正后,2024-06-13,Q05,做空,287,0.0009499772350461619,-0.0010125576142760995
时序加减修正后,2024-06-14,Q05,做空,517,-0.0005500175755644826,-0.001562018265356513
时序加减修正后,2024-06-17,Q05,做空,382,0.00007822298447016982,-0.001483917466616802
时序加减修正后,2024-06-18,Q05,做空,365,0.00007198519284329824,-0.0014120390938585636
时序加减修正后,2024-06-19,Q05,做空,502,0.0005813990821943626,-0.0008314609698973907
时序加减修正后,2024-06-20,Q05,做空,506,0.0016859435579347703,0.0008530807917714878
时序加减修正后,2024-06-21,Q05,做空,428,0.0014036027240992858,0.0022578809023940938
时序加减修正后,2024-06-24,Q05,做空,328,0.0011988294354634446,0.003459417151945088
时序加减修正后,2024-06-25,Q05,做空,354,0.0006696405572220513,0.004131374275196276
时序加减修正后,2024-06-26,Q05,做空,271,-0.001222763212951419,0.0029035593697621653
时序加减修正后,2024-06-27,Q05,做空,295,-0.00024285356863648473,0.0026600006613710647
时序加减修正后,2024-06-28,Q05,做空,151,0.0013552502573746109,0.004018855885326689
时序加减修正后,2024-07-01,Q05,做空,204,-0.001170350021329439,0.002843802395926076
时序加减修正后,2024-07-02,Q05,做空,169,0.0012913210865212797,0.004138795744447199
时序加减修正后,2024-07-03,Q05,做空,395,0.00006849029294106095,0.004207569504721231
时序加减修正后,2024-07-04,Q05,做空,409,0.0026929828362056386,0.006911883253385209
时序加减修正后,2024-07-05,Q05,做空,310,0.0014290452921540558,0.008350805939762562
时序加减修正后,2024-07-08,Q05,做空,284,0.0011962958735725999,0.009557091848021892
时序加减修正后,2024-07-09,Q05,做空,277,-0.003684367919706366,0.005837512085705043
时序加减修正后,2024-07-10,Q05,做空,282,-0.0004455844304536334,0.005389326550753415
时序加减修正后,2024-07-11,Q05,做空,229,-0.001628836346837218,0.003751711872945318
时序加减修正后,2024-07-12,Q05,做空,306,0.0002872109145244311,0.004040000320067794
时序加减修正后,2024-07-15,Q05,做空,415,0.0005567531902199268,0.004599002793354456
时序加减修正后,2024-07-16,Q05,做空,304,-0.0003479456187338464,0.004249456971748167
时序加减修正后,2024-07-17,Q05,做空,180,0.0002788954680201843,0.004529537594059274
时序加减修正后,2024-07-18,Q05,做空,292,-0.0017252149926406835,0.0027965081752516774
时序加减修正后,2024-07-19,Q05,做空,274,-0.0006180692100952664,0.0021767105295575906
时序加减修正后,2024-07-22,Q05,做空,228,0.000708533726011458,0.0028867865283910277
时序加减修正后,2024-07-23,Q05,做空,398,0.003043060108362469,0.005938631301679376
时序加减修正后,2024-07-24,Q05,做空,350,0.0004545372278516879,0.006395867858540294
时序加减修正后,2024-07-25,Q05,做空,139,0.00028723098965057696,0.0066849359396456975
时序加减修正后,2024-07-26,Q05,做空,257,0.0008474693185224466,0.007538070536273311
时序加减修正后,2024-07-29,Q05,做空,253,0.00033874952776372254,0.00787937358187163
时序加减修正后,2024-07-30,Q05,做空,256,-0.002169953167324934,0.005692322542886208
时序加减修正后,2024-07-31,Q05,做空,265,-0.004645053157116119,0.0010208282449708506
时序加减修正后,2024-08-01,Q05,做空,205,0.000982338177975801,0.0020041692215049256
时序加减修正后,2024-08-02,Q05,做空,205,0.0013207689585503497,0.0033275852245506776
时序加减修正后,2024-08-05,Q05,做空,314,0.0008609076083384181,0.00419135757632616
时序加减修正后,2024-08-06,Q05,做空,347,0.0010162785127967823,0.005211895675767186
时序加减修正后,2024-08-07,Q05,做空,157,0.0000665743940377869,0.005278817048601336
时序加减修正后,2024-08-08,Q05,做空,310,-0.0020977584538242455,0.003169984911687296
时序加减修正后,2024-08-09,Q05,做空,205,0.0024689893780571476,0.005646800948819974
时序加减修正后,2024-08-12,Q05,做空,6,-0.00043283396371407434,0.0052115228578688555
时序加减修正后,2024-08-13,Q05,做空,628,-0.00039619033995437047,0.004813267762901807
时序加减修正后,2024-08-14,Q05,做空,216,0.0001265222527359179,0.004940399001118312
时序加减修正后,2024-08-15,Q05,做空,373,-0.0008628797302116676,0.004073256300749284
时序加减修正后,2024-08-16,Q05,做空,282,-0.0005726989356909073,0.0034982246155101926
时序加减修正后,2024-08-19,Q05,做空,266,0.0008384447031912851,0.004339602386600916
时序加减修正后,2024-08-20,Q05,做空,203,0.0017320904670189436,0.006079209437544364
时序加减修正后,2024-08-21,Q05,做空,212,-0.00032882161127109047,0.005748388850830732
时序加减修正后,2024-08-22,Q05,做空,486,0.000559576673049565,0.006311182188188713
时序加减修正后,2024-08-23,Q05,做空,450,-0.0007082263027971042,0.005598486140164116
时序加减修正后,2024-08-26,Q05,做空,272,0.001805508435034105,0.007414102689147661
时序加减修正后,2024-08-27,Q05,做空,311,0.0001524522867898039,0.007567685272846791
时序加减修正后,2024-08-28,Q05,做空,278,-0.0003486717915954529,0.007216374842869078
时序加减修正后,2024-08-29,Q05,做空,253,-0.0014843740427031194,0.005721289000666818
时序加减修正后,2024-08-30,Q05,做空,279,-0.00303028035919056,0.002673671531788324
时序加减修正后,2024-09-02,Q05,做空,210,0.0017812323420262795,0.004459666304019061
时序加减修正后,2024-09-03,Q05,做空,190,-0.00031494362031624307,0.004143318140251706
时序加减修正后,2024-09-04,Q05,做空,290,-0.000033813922182789295,0.004109364116231751
时序加减修正后,2024-09-05,Q05,做空,83,0.0023887318635958314,0.006507912148831174
时序加减修正后,2024-09-06,Q05,做空,425,0.0014935042156481787,0.008011135958708504
时序加减修正后,2024-09-09,Q05,做空,268,0.0014414436893492898,0.009464127249430021
时序加减修正后,2024-09-10,Q05,做空,320,0.001151453311149453,0.010626478061237954
时序加减修正后,2024-09-11,Q05,做空,276,-0.0013112599324655173,0.009301284053867542
时序加减修正后,2024-09-12,Q05,做空,404,0.0013892254544789287,0.010703431088913362
时序加减修正后,2024-09-13,Q05,做空,358,0.0016484831811078302,0.012369558696151417
时序加减修正后,2024-09-18,Q05,做空,309,-0.00029339227660293133,0.01207253728656199
时序加减修正后,2024-09-19,Q05,做空,272,-0.0027945961055593216,0.0092442033153175
时序加减修正后,2024-09-20,Q05,做空,529,-0.00027004606329120954,0.00897166089131285
时序加减修正后,2024-09-23,Q05,做空,375,-0.0011063527286266132,0.007855382341178885
时序加减修正后,2024-09-24,Q05,做空,196,-0.004981953846495623,0.00283429334241303
时序加减修正后,2024-09-25,Q05,做空,262,0.001269896265345591,0.004107788866289042
时序加减修正后,2024-09-26,Q05,做空,95,-0.006603012114800023,-0.0025223470281602323
时序加减修正后,2024-09-27,Q05,做空,286,-0.010092435463781833,-0.01258932586734307
时序加减修正后,2024-09-30,Q05,做空,266,-0.01505923938389983,-0.02745897957932464
时序加减修正后,2024-10-08,Q05,做空,197,0.017095303696921204,-0.010833095477519539
时序加减修正后,2024-10-09,Q05,做空,138,0.009732125405603058,-0.0012063991156345821
时序加减修正后,2024-10-10,Q05,做空,122,0.001537429722270272,0.0003291758527783628
时序加减修正后,2024-10-11,Q05,做空,148,0.0028504176101508878,0.0031805317515769538
时序加减修正后,2024-10-14,Q05,做空,283,-0.0037436705542505757,-0.0005750456657389602
时序加减修正后,2024-10-15,Q05,做空,110,-0.00024646302382197146,-0.0008213669620672492
时序加减修正后,2024-10-16,Q05,做空,188,-0.0007375127770114403,-0.0015582739704494974
时序加减修正后,2024-10-17,Q05,做空,292,0.0023420835027972726,0.0007801599245886859
时序加减修正后,2024-10-18,Q05,做空,224,-0.007382134141477893,-0.006607733462104304
时序加减修正后,2024-10-21,Q05,做空,187,-0.0012010157747657341,-0.007800813244746574
时序加减修正后,2024-10-22,Q05,做空,283,-0.0001784913315162739,-0.007977912198719905
时序加减修正后,2024-10-23,Q05,做空,144,0.0017380736177175196,-0.006253704779719427
时序加减修正后,2024-10-24,Q05,做空,138,0.00065378088370578,-0.005604012448651052
时序加减修正后,2024-10-25,Q05,做空,305,-0.000047278657916276794,-0.0056510261563798014
时序加减修正后,2024-10-28,Q05,做空,413,-0.0011733614842132716,-0.006817756944154985
时序加减修正后,2024-10-29,Q05,做空,152,0.001486599280485136,-0.005341292936237529
时序加减修正后,2024-10-30,Q05,做空,192,0.0008465395777837633,-0.004499274974320899
时序加减修正后,2024-10-31,Q05,做空,296,-0.001231403345799835,-0.0057251378978636636
时序加减修正后,2024-11-01,Q05,做空,346,0.00027025584976836186,-0.005456429300103038
时序加减修正后,2024-11-04,Q05,做空,454,-0.0014925252316610135,-0.006940810673358833
时序加减修正后,2024-11-05,Q05,做空,285,-0.0033986569165120415,-0.0103158781556697
时序加减修正后,2024-11-06,Q05,做空,103,0.0010395499241020692,-0.009287052101921378
时序加减修正后,2024-11-07,Q05,做空,139,-0.003039009322145562,-0.012297837986153914
时序加减修正后,2024-11-08,Q05,做空,200,0.0031825638826558133,-0.00915441275850748
时序加减修正后,2024-11-11,Q05,做空,168,-0.0012503783338096192,-0.010393344612945055
时序加减修正后,2024-11-12,Q05,做空,233,0.0021293953342711486,-0.008286080818200148
时序加减修正后,2024-11-13,Q05,做空,297,-0.000037516126356648924,-0.008323286082901782
时序加减修正后,2024-11-14,Q05,做空,216,0.002380144559959229,-0.005962952147033795
时序加减修正后,2024-11-15,Q05,做空,223,0.000770519281157518,-0.005197027435478119
时序加减修正后,2024-11-18,Q05,做空,318,0.0008027048480133936,-0.004398494266582342
时序加减修正后,2024-11-19,Q05,做空,530,-0.000058238747620840893,-0.0044564768514056
时序加减修正后,2024-11-20,Q05,做空,154,0.0003997434819625183,-0.004058514817017023
时序加减修正后,2024-11-21,Q05,做空,308,-0.0005089780733415663,-0.004565427195306393
时序加减修正后,2024-11-22,Q05,做空,381,0.0038359427531171907,-0.0007469971595539526
时序加减修正后,2024-11-25,Q05,做空,143,0.0014417241870362957,0.0006936500636098852
时序加减修正后,2024-11-26,Q05,做空,143,0.0005696190816636842,0.0012636642615859728
时序加减修正后,2024-11-27,Q05,做空,244,-0.003687861854054003,-0.0024288578116946624
时序加减修正后,2024-11-28,Q05,做空,259,0.0007948657250633907,-0.0016359227024568268
时序加减修正后,2024-11-29,Q05,做空,132,-0.004067509614645986,-0.005696778185781737
时序加减修正后,2024-12-02,Q05,做空,295,-0.000455639718242988,-0.00614982222561733
时序加减修正后,2024-12-03,Q05,做空,301,0.0002315418921391506,-0.005919704274952475
时序加减修正后,2024-12-04,Q05,做空,254,0.0007152585567096175,-0.005208679837378716
时序加减修正后,2024-12-05,Q05,做空,280,0.00001541968009145681,-0.005193340473464092
时序加减修正后,2024-12-06,Q05,做空,228,-0.002623209079916833,-0.007802926335495841
时序加减修正后,2024-12-09,Q05,做空,333,-0.00329597303263856,-0.011073181133356869
时序加减修正后,2024-12-10,Q05,做空,159,0.002563646042341683,-0.008537922808003806
时序加减修正后,2024-12-11,Q05,做空,296,-0.0002516591024490284,-0.008787433264462186
时序加减修正后,2024-12-12,Q05,做空,200,0.0008544455611263402,-0.007940496086682347
时序加减修正后,2024-12-13,Q05,做空,278,0.0009158812127751968,-0.007031887425093086
时序加减修正后,2024-12-16,Q05,做空,187,0.0007299634420691447,-0.006307057003772987
时序加减修正后,2024-12-17,Q05,做空,278,0.0014424949297417633,-0.004873659971780686
时序加减修正后,2024-12-18,Q05,做空,218,0.0004525461805114734,-0.004423319347474641
时序加减修正后,2024-12-19,Q05,做空,333,-0.002271945540833094,-0.00668521534764055
时序加减修正后,2024-12-20,Q05,做空,381,-0.00010550869273009901,-0.006790018692038657
时序加减修正后,2024-12-23,Q05,做空,315,0.0005046522935680557,-0.006288792996976822
时序加减修正后,2024-12-24,Q05,做空,308,0.0004001146482740107,-0.005891194586900905
时序加减修正后,2024-12-25,Q05,做空,418,0.0007721334563961066,-0.00512360991894345
时序加减修正后,2024-12-26,Q05,做空,286,-0.0006646043501942503,-0.005784809095696897
时序加减修正后,2024-12-27,Q05,做空,375,-0.00018312059135253852,-0.005966870369386923
时序加减修正后,2024-12-30,Q05,做空,216,0.00007231715906325715,-0.005894984717437213
时序加减修正后,2024-12-31,Q05,做空,152,0.0029260000263476335,-0.00298623341652815
时序加减修正后,2025-01-02,Q05,做空,204,0.003939594230716608,0.0009415962662491228
时序加减修正后,2025-01-03,Q05,做空,173,0.0004398427073267757,0.0013818531278266821
时序加减修正后,2025-01-06,Q05,做空,41,-0.0022296133428448585,-0.0008508412131899012
时序加减修正后,2025-01-07,Q05,做空,339,-0.0015856868221683278,-0.0024351788676586494
时序加减修正后,2025-01-08,Q05,做空,295,-0.00303479791881558,-0.00546258651071474
时序加减修正后,2025-01-09,Q05,做空,320,-0.00012033784008735893,-0.005582266994940133
时序加减修正后,2025-01-10,Q05,做空,480,0.002051795112970467,-0.0035419255501092373
时序加减修正后,2025-01-13,Q05,做空,258,-0.000666415533360546,-0.004205980689265143
时序加减修正后,2025-01-14,Q05,做空,162,-0.004065212282669417,-0.008254094767575881
时序加减修正后,2025-01-15,Q05,做空,193,-0.0012157675239768415,-0.00945982723119454
时序加减修正后,2025-01-16,Q05,做空,221,0.0004980425628467633,-0.00896649606494615
时序加减修正后,2025-01-17,Q05,做空,337,-0.0013496179232494394,-0.010304012644397509
时序加减修正后,2025-01-20,Q05,做空,344,0.0003393234348952192,-0.00996818560246604
时序加减修正后,2025-01-21,Q05,做空,386,-0.00038083672025755175,-0.010345226071611813
时序加减修正后,2025-01-22,Q05,做空,464,-0.001031144675537156,-0.01136570332236797
时序加减修正后,2025-01-23,Q05,做空,424,0.0021244558293835995,-0.009265393427662638
时序加减修正后,2025-01-24,Q05,做空,296,-0.0010700242920466808,-0.010325503523666346
时序加减修正后,2025-01-27,Q05,做空,459,0.0007881508087307546,-0.00954549076888822
时序加减修正后,2025-02-05,Q05,做空,379,0.001224075730444724,-0.008333099442028868
时序加减修正后,2025-02-06,Q05,做空,198,-0.0027458912981540317,-0.01105610895493836
时序加减修正后,2025-02-07,Q05,做空,153,-0.004669560453014865,-0.01567404223881308
时序加减修正后,2025-02-10,Q05,做空,310,0.0007304558213241586,-0.014955035612885914
时序加减修正后,2025-02-11,Q05,做空,313,0.00011954284914441559,-0.014837280531307617
时序加减修正后,2025-02-12,Q05,做空,203,-0.0031284317840715088,-0.017919294895375804
时序加减修正后,2025-02-13,Q05,做空,297,0.00021612981692197973,-0.017707037972379047
时序加减修正后,2025-02-14,Q05,做空,371,-0.0007386660851839261,-0.018432624469143732
时序加减修正后,2025-02-17,Q05,做空,504,0.0009544338345438605,-0.01749578335505253
时序加减修正后,2025-02-18,Q05,做空,375,0.0016662375993619207,-0.015858697887747075
时序加减修正后,2025-02-19,Q05,做空,286,-0.0015247866769158038,-0.01735930343341041
时序加减修正后,2025-02-20,Q05,做空,379,-0.0004991630762668805,-0.017849801386373598
时序加减修正后,2025-02-21,Q05,做空,249,-0.0007117175240907444,-0.018548814894016052
时序加减修正后,2025-02-24,Q05,做空,285,0.0017252904656312527,-0.016855526521870168
时序加减修正后,2025-02-25,Q05,做空,371,0.0003701440991030195,-0.016491621396446443
时序加减修正后,2025-02-26,Q05,做空,377,-0.0011047872273258054,-0.017578188891095525
时序加减修正后,2025-02-27,Q05,做空,357,-0.0002885820467679837,-0.017861698188134767
时序加减修正后,2025-02-28,Q05,做空,157,0.0018891372217775982,-0.01600630416524862
时序加减修正后,2025-03-03,Q05,做空,393,0.00097748691614493,-0.015044463202001035
时序加减修正后,2025-03-04,Q05,做空,434,-0.0009970924213942658,-0.016026554903152634
时序加减修正后,2025-03-05,Q05,做空,110,-0.001711632334561066,-0.01771075566812985
时序加减修正后,2025-03-06,Q05,做空,286,-0.0008285422106630656,-0.018524623770139192
时序加减修正后,2025-03-07,Q05,做空,218,0.0006636111055732568,-0.017873305810626294
时序加减修正后,2025-03-10,Q05,做空,292,0.0003915467959814123,-0.01748875725026866
时序加减修正后,2025-03-11,Q05,做空,255,-0.0020767310432240585,-0.01952916884840361
时序加减修正后,2025-03-12,Q05,做空,252,-0.0006889177799339883,-0.02020463263669059
时序加减修正后,2025-03-13,Q05,做空,358,0.00042691383566190335,-0.019786344438245784
时序加减修正后,2025-03-14,Q05,做空,179,-0.004099641696113557,-0.023804869211686674
时序加减修正后,2025-03-17,Q05,做空,216,-0.0006402488201510332,-0.02442987699241106
时序加减修正后,2025-03-18,Q05,做空,274,0.0008640607400487362,-0.02358692514995564
时序加减修正后,2025-03-19,Q05,做空,293,0.0009451130292179307,-0.022664104431016074
时序加减修正后,2025-03-20,Q05,做空,298,0.00018267828398397826,-0.0224855663867376
时序加减修正后,2025-03-21,Q05,做空,400,0.0027840324630869872,-0.019764134470422134
时序加减修正后,2025-03-24,Q05,做空,399,-0.00037510491152684073,-0.02013182575803707
时序加减修正后,2025-03-25,Q05,做空,454,0.000032465380072488044,-0.020100013965339336
时序加减修正后,2025-03-26,Q05,做空,440,0.000946147932865477,-0.019172883619137826
时序加减修正后,2025-03-27,Q05,做空,400,-0.0018441552889726155,-0.020981681133379393
时序加减修正后,2025-03-28,Q05,做空,147,0.0031462387074114515,-0.017901455803296273
时序加减修正后,2025-03-31,Q05,做空,52,0.0030657463192675584,-0.014890590806267201
时序加减修正后,2025-04-01,Q05,做空,314,-0.00016532564967845502,-0.015053454659346488
时序加减修正后,2025-04-02,Q05,做空,464,0.00027190887068047294,-0.014785638956522296
时序加减修正后,2025-04-03,Q05,做空,208,0.017720408431299663,0.002672761913550037
时序加减修正后,2025-04-07,Q05,做空,52,0.0031266937406214243,0.005807812562116599
时序加减修正后,2025-04-08,Q05,做空,215,-0.0006897912116052561,0.0051140151724473615
时序加减修正后,2025-04-09,Q05,做空,194,-0.002174258504852595,0.002928637476611984
时序加减修正后,2025-04-10,Q05,做空,190,0.000633399700879971,0.003563892175593608
时序加减修正后,2025-04-11,Q05,做空,291,-0.0016884312074008571,0.0018694435814237131
时序加减修正后,2025-04-14,Q05,做空,114,0.0002403052885870637,0.002110198107190042
时序加减修正后,2025-04-15,Q05,做空,296,0.00022380836378795574,0.002334478750963598
时序加减修正后,2025-04-16,Q05,做空,223,-0.0004026301728439885,0.0019309086465366665
时序加减修正后,2025-04-17,Q05,做空,354,0.0003015128990289483,0.0022330037394293623
时序加减修正后,2025-04-18,Q05,做空,462,-0.0010300066740975516,0.0012006970565767716
时序加减修正后,2025-04-21,Q05,做空,379,-0.0001423121069157576,0.001058214075933206
时序加减修正后,2025-04-22,Q05,做空,374,-0.0013521610986562615,-0.0002953778986305444
时序加减修正后,2025-04-23,Q05,做空,294,0.00018362975357859442,-0.00011180238522257024
时序加减修正后,2025-04-24,Q05,做空,210,0.0003611927816001255,0.0002493500141629301
时序加减修正后,2025-04-25,Q05,做空,529,0.00037326966239062853,0.0006227127513491748
时序加减修正后,2025-04-28,Q05,做空,100,-0.00026248767873767066,0.0003600616181869132
时序加减修正后,2025-04-29,Q05,做空,247,-0.00040229419874935127,-0.00004237743126267457
时序加减修正后,2025-04-30,Q05,做空,206,0.0005764686849890266,0.0005340668244642188
时序加减修正后,2025-05-06,Q05,做空,377,-0.001872862087454139,-0.0013397954964976533
时序加减修正后,2025-05-07,Q05,做空,202,-0.00017331125012121743,-0.0015128745449864978
时序加减修正后,2025-05-08,Q05,做空,363,-0.00014769229154790734,-0.0016603433966260184
时序加减修正后,2025-05-09,Q05,做空,173,-0.0011624316672074158,-0.002820845028090768
时序加减修正后,2025-05-12,Q05,做空,352,0.00041159772499874884,-0.002410408356488092
时序加减修正后,2025-05-13,Q05,做空,348,0.0004142599828946391,-0.0019971469093179595
时序加减修正后,2025-05-14,Q05,做空,222,-0.0001575418488780112,-0.0021543741239794523
时序加减修正后,2025-05-15,Q05,做空,314,0.0006350843156440441,-0.0015206580175516349
时序加减修正后,2025-05-16,Q05,做空,343,0.0016604530760467205,0.00013727007721220374
时序加减修正后,2025-05-19,Q05,做空,307,-0.0007066090660408998,-0.000569435985109723
时序加减修正后,2025-05-20,Q05,做空,292,-0.0005821510125041305,-0.0011512554998786007
时序加减修正后,2025-05-21,Q05,做空,329,0.00011397859371425782,-0.0010374081246471434
时序加减修正后,2025-05-22,Q05,做空,201,0.0004015565442676605,-0.0006362681584010099
时序加减修正后,2025-05-23,Q05,做空,343,0.00042316196573750214,-0.00021337543714805562
时序加减修正后,2025-05-26,Q05,做空,393,-0.00007619731377301627,-0.0002895564922860139
时序加减修正后,2025-05-27,Q05,做空,453,0.000050538452149412,-0.00023903267387348492
时序加减修正后,2025-05-28,Q05,做空,402,0.00012646307863432054,-0.0001125998240468773
时序加减修正后,2025-05-29,Q05,做空,383,-0.0012397696909615672,-0.001352229917159331
时序加减修正后,2025-05-30,Q05,做空,172,-0.0004573983518808788,-0.001809009761304714
时序加减修正后,2025-06-03,Q05,做空,361,-0.00020379515859490928,-0.002012436252468386
时序加减修正后,2025-06-04,Q05,做空,544,0.00011991673918199762,-0.0018927608380795435
时序加减修正后,2025-06-05,Q05,做空,424,-0.00043723879901524514,-0.0023291720486191547
时序加减修正后,2025-06-06,Q05,做空,295,-0.001176553147142532,-0.003502984801057596
时序加减修正后,2025-06-09,Q05,做空,345,0.00015820796210048855,-0.003345331039043664
时序加减修正后,2025-06-10,Q05,做空,251,-0.0019425169837820405,-0.005281349660466006
时序加减修正后,2025-06-11,Q05,做空,349,0.001111603431882891,-0.004175616994990583
时序加减修正后,2025-06-12,Q05,做空,299,-0.0002832742359054689,-0.004457708386182313
时序加减修正后,2025-06-13,Q05,做空,368,0.0008888580266161823,-0.003572812629445532
时序加减修正后,2025-06-16,Q05,做空,220,-0.00004448866435599154,-0.003617142344139679
时序加减修正后,2025-06-17,Q05,做空,540,0.0005517106070732957,-0.0030674273528649154
时序加减修正后,2025-06-18,Q05,做空,601,0.00028237992677389767,-0.0027859136060022216
时序加减修正后,2025-06-19,Q05,做空,580,0.0005366026791432825,-0.002250805855563698
时序加减修正后,2025-06-20,Q05,做空,521,0.000351581701605747,-0.0019000154961106297
时序加减修正后,2025-06-23,Q05,做空,287,-0.0019136330982431273,-0.0038100126618132446
时序加减修正后,2025-06-24,Q05,做空,137,-0.0016120931371663234,-0.005415963703714999
时序加减修正后,2025-06-25,Q05,做空,186,-0.0023969840724255903,-0.007799965797405939
时序加减修正后,2025-06-26,Q05,做空,264,-0.00023829798441731714,-0.008036405065695251
时序加减修正后,2025-06-27,Q05,做空,144,-0.0004908760475043689,-0.0085233362344449
时序加减修正后,2025-06-30,Q05,做空,398,0.0006794045116865292,-0.007849722515850699
时序加减修正后,2025-07-01,Q05,做空,273,6.366111947400086e-6,-0.00784340637611558
时序加减修正后,2025-07-02,Q05,做空,321,-0.00040851402112498236,-0.008248716255762512
时序加减修正后,2025-07-03,Q05,做空,411,-0.00017794368140420133,-0.008425192130229298
时序加减修正后,2025-07-04,Q05,做空,89,-0.002589948317088354,-0.010993319635138832
时序加减修正后,2025-07-07,Q05,做空,282,-0.00002960425473434656,-0.011022598440838305
时序加减修正后,2025-07-08,Q05,做空,267,-0.0009219224336315103,-0.011934358893690322
时序加减修正后,2025-07-09,Q05,做空,181,0.0005597253147147992,-0.011381313541763305
时序加减修正后,2025-07-10,Q05,做空,356,-0.0008800501617555751,-0.012251347576695548
时序加减修正后,2025-07-11,Q05,做空,164,-0.004217796374044755,-0.016417470261354095
时序加减修正后,2025-07-14,Q05,做空,267,0.00008352407544390437,-0.01633531743993477
时序加减修正后,2025-07-15,Q05,做空,282,-0.00002832452766390861,-0.016363179277447903
时序加减修正后,2025-07-16,Q05,做空,246,0.000011901118164021726,-0.016351472899413966
时序加减修正后,2025-07-17,Q05,做空,438,-0.001514620274667414,-0.017841326901707255
时序加减修正后,2025-07-18,Q05,做空,307,-0.0013969752291891101,-0.019213378239158807
时序加减修正后,2025-07-21,Q05,做空,226,-0.0006313024633342557,-0.01983255124948169
时序加减修正后,2025-07-22,Q05,做空,314,-0.0005336114392231388,-0.020355579812489144
时序加减修正后,2025-07-23,Q05,做空,279,0.00082928099405391,-0.019543179313896597
时序加减修正后,2025-07-24,Q05,做空,251,-0.001476762943885584,-0.020991081614765705
时序加减修正后,2025-07-25,Q05,做空,304,0.00040139796019981365,-0.02059810943190843
时序加减修正后,2025-07-28,Q05,做空,461,0.0004067530918407995,-0.020199734684765103
时序加减修正后,2025-07-29,Q05,做空,270,-0.0012564446636706297,-0.021430799499583486
时序加减修正后,2025-07-30,Q05,做空,301,0.0009160648889120659,-0.02053436661363417
时序加减修正后,2025-07-31,Q05,做空,147,0.0018933444677101334,-0.018679900775349978
时序加减修正后,2025-08-01,Q05,做空,287,0.0009438337583053461,-0.017753697737998175
时序加减修正后,2025-08-04,Q05,做空,530,-0.0011017122147265737,-0.01883585048707026
时序加减修正后,2025-08-05,Q05,做空,386,-0.00027390574861142644,-0.019104596987953304
时序加减修正后,2025-08-06,Q05,做空,441,-0.0011551633672333703,-0.020237691424600524
时序加减修正后,2025-08-07,Q05,做空,269,0.001264677534854043,-0.01899860804344833
时序加减修正后,2025-08-08,Q05,做空,146,-0.0004858704114293724,-0.019475247593371048
时序加减修正后,2025-08-11,Q05,做空,417,-0.0007649407502747732,-0.02022529093313996
时序加减修正后,2025-08-12,Q05,做空,379,-0.0005234049793619553,-0.02073810989451852
时序加减修正后,2025-08-13,Q05,做空,342,-0.0010838970913602296,-0.021799529008883822
时序加减修正后,2025-08-14,Q05,做空,215,0.0012081171916834984,-0.020617748202966468
时序加减修正后,2025-08-15,Q05,做空,374,-0.0020930078379821685,-0.022667602932358255
时序加减修正后,2025-08-18,Q05,做空,234,-0.00025459656221483653,-0.022916428400792888
时序加减修正后,2025-08-19,Q05,做空,211,0.0008588434555013311,-0.022077266569847098
时序加减修正后,2025-08-20,Q05,做空,299,-0.002275608355190331,-0.02430263571277136
时序加减修正后,2025-08-21,Q05,做空,261,-0.0006606099196335914,-0.02494719107017984
时序加减修正后,2025-08-22,Q05,做空,265,-0.001368390692602228,-0.026281444258715037
时序加减修正后,2025-08-25,Q05,做空,194,-0.0013704882139509865,-0.02761591406306385
时序加减修正后,2025-08-26,Q05,做空,233,0.0005812239632384688,-0.02705074113084549
时序加减修正后,2025-08-27,Q05,做空,87,0.0027738458525634305,-0.02435192986437662
时序加减修正后,2025-08-28,Q05,做空,122,-0.00016681708409317357,-0.024514684630537742
时序加减修正后,2025-08-29,Q05,做空,352,-0.0008290801063553358,-0.02532344009955223
时序加减修正后,2025-09-01,Q05,做空,370,0.00006646654227724128,-0.02525865671877703
时序加减修正后,2025-09-02,Q05,做空,146,0.003022726400247424,-0.022312280327028255
时序加减修正后,2025-09-03,Q05,做空,225,0.003216105313978106,-0.019167933656376923
时序加减修正后,2025-09-04,Q05,做空,221,0.0045849283918976335,-0.014670888867714282
时序加减修正后,2025-09-05,Q05,做空,70,-0.004314707905619539,-0.018922296173153774
时序加减修正后,2025-09-08,Q05,做空,340,-0.0007717236416069414,-0.019679417031450375
时序加减修正后,2025-09-09,Q05,做空,259,0.000019158911843524354,-0.019660635155822948
时序加减修正后,2025-09-10,Q05,做空,365,0.0009303912556738583,-0.018748535983178938
时序加减修正后,2025-09-11,Q05,做空,201,-0.005951772411443659,-0.02458872137540291
时序加减修正后,2025-09-12,Q05,做空,217,0.00021008474459659204,-0.024383802346056527
时序加减修正后,2025-09-15,Q05,做空,272,0.00042452154754274115,-0.023969632248020734
时序加减修正后,2025-09-16,Q05,做空,92,-0.0019654382385061067,-0.025887959654743664
时序加减修正后,2025-09-17,Q05,做空,395,-0.0013516623034072698,-0.027204630178973455
时序加减修正后,2025-09-18,Q05,做空,245,0.0008249745790654204,-0.02640209872823862
时序加减修正后,2025-09-19,Q05,做空,287,0.00002026287623073091,-0.026382370834466706
时序加减修正后,2025-09-22,Q05,做空,485,-0.0002874237815385922,-0.0266622116952141
时序加减修正后,2025-09-23,Q05,做空,356,0.000066003114891041,-0.026597968369344693
时序加减修正后,2025-09-24,Q05,做空,387,-0.0017711085689859345,-0.028321969048634044
时序加减修正后,2025-09-25,Q05,做空,229,-0.0005764750122028102,-0.028882117153383957
时序加减修正后,2025-09-26,Q05,做空,124,0.002801624309306076,-0.02616140968559899
时序加减修正后,2025-09-29,Q05,做空,344,-0.00286398155665052,-0.028950465447413976
时序加减修正后,2025-09-30,Q05,做空,323,-0.0009032890682495069,-0.029827603876704134
时序加减修正后,2025-10-09,Q05,做空,275,0.0005186742035320176,-0.02932440048185625
时序加减修正后,2025-10-10,Q05,做空,61,0.004175773471093843,-0.02527107906435022
时序加减修正后,2025-10-13,Q05,做空,250,-0.0004344622493517818,-0.02569456198384812
时序加减修正后,2025-10-14,Q05,做空,127,0.002587094806313678,-0.02317394144539342
时序加减修正后,2025-10-15,Q05,做空,179,-0.0024998508236538774,-0.025615860872437723
时序加减修正后,2025-10-16,Q05,做空,256,0.00009269880465012648,-0.02552553662747059
时序加减修正后,2025-10-17,Q05,做空,385,0.00255067272010855,-0.023039971197303832
时序加减修正后,2025-10-20,Q05,做空,315,0.00036047946789097746,-0.022687797165970136
时序加减修正后,2025-10-21,Q05,做空,465,-0.0005228220602817913,-0.023198757545394355
时序加减修正后,2025-10-22,Q05,做空,331,-0.0017183385077350702,-0.024877232734707544
时序加减修正后,2025-10-23,Q05,做空,399,-0.00274460743590557,-0.027553561932664672
时序加减修正后,2025-10-24,Q05,做空,322,-0.0020305563726504723,-0.0295281692445436
时序加减修正后,2025-10-27,Q05,做空,193,-0.0010436730083621618,-0.03054102449967888
时序加减修正后,2025-10-28,Q05,做空,209,0.0005098043215245512,-0.030046790124428013
时序加减修正后,2025-10-29,Q05,做空,242,-0.00032735961466950214,-0.03036431363346026
时序加减修正后,2025-10-30,Q05,做空,183,0.0020652261963499015,-0.028361796613060375
时序加减修正后,2025-10-31,Q05,做空,105,-0.00006320435648030114,-0.028423208380437104
时序加减修正后,2025-11-03,Q05,做空,251,-0.0017159216350479704,-0.030090358017287655
时序加减修正后,2025-11-04,Q05,做空,290,0.002113510620632763,-0.02804044368790315
时序加减修正后,2025-11-05,Q05,做空,304,-0.0019299791549596385,-0.02991630537104928
时序加减修正后,2025-11-06,Q05,做空,225,0.00029568080327913374,-0.02962947024497331
时序加减修正后,2025-11-07,Q05,做空,236,-0.0009585122542976948,-0.030559582288952836
时序加减修正后,2025-11-10,Q05,做空,244,-0.0007266074537002452,-0.03126398492237992
时序加减修正后,2025-11-11,Q05,做空,551,0.0012453147395116851,-0.030057603684107925
时序加减修正后,2025-11-12,Q05,做空,376,-0.00036385779722838783,-0.030410524787869875
时序加减修正后,2025-11-13,Q05,做空,554,-0.001035663111423959,-0.03141469284057208
时序加减修正后,2025-11-14,Q05,做空,469,0.0003510916591070886,-0.03107463061809468
时序加减修正后,2025-11-17,Q05,做空,511,0.00035835637630767886,-0.03072741003381041
时序加减修正后,2025-11-18,Q05,做空,445,0.0007150007164495895,-0.030034379437549608
时序加减修正后,2025-11-19,Q05,做空,230,-0.00048475027711981016,-0.030504570540913933
时序加减修正后,2025-11-20,Q05,做空,294,0.0014437172375604563,-0.029104893277667743
时序加减修正后,2025-11-21,Q05,做空,325,-0.00047535512027724715,-0.029566413237900324
时序加减修正后,2025-11-24,Q05,做空,283,-0.0015999853837678363,-0.031119092792637026
时序加减修正后,2025-11-25,Q05,做空,248,-0.0007942957100171512,-0.0318886707407493
时序加减修正后,2025-11-26,Q05,做空,128,-0.000496716279968723,-0.03236954739881448
时序加减修正后,2025-11-27,Q05,做空,331,0.0007990860712695238,-0.031596327382004685
时序加减修正后,2025-11-28,Q05,做空,28,-0.0007037589272970633,-0.032277850111836814
时序加减修正后,2025-12-01,Q05,做空,359,-0.0003123054095775941,-0.032580074974215
时序加减修正后,2025-12-02,Q05,做空,225,0.0004940311363558673,-0.03210213940932116
时序加减修正后,2025-12-03,Q05,做空,366,0.001133940935543733,-0.031004600403772176
时序加减修正后,2025-12-04,Q05,做空,536,-0.0005243014728869218,-0.031512646119001175
时序加减修正后,2025-12-05,Q05,做空,284,-0.0036323550614686378,-0.03503053606083917
时序加减修正后,2025-12-08,Q05,做空,226,0.000058710699020400725,-0.03497388202907792
时序加减修正后,2025-12-09,Q05,做空,32,0.0016494483456881426,-0.03338212129524498
时序加减修正后,2025-12-10,Q05,做空,129,-0.0007424584346012999,-0.03409979489232573
时序加减修正后,2025-12-11,Q05,做空,336,0.00014530260327341065,-0.03395944707802123
时序加减修正后,2025-12-12,Q05,做空,308,-0.0011979971134076243,-0.035116760871856445
时序加减修正后,2025-12-15,Q05,做空,459,-0.00006658182354402486,-0.03518100455742468
时序加减修正后,2025-12-16,Q05,做空,351,0.0009888224630622243,-0.03422696986194185
时序加减修正后,2025-12-17,Q05,做空,100,-0.0013309042836772277,-0.035512321324812524
时序加减修正后,2025-12-18,Q05,做空,202,-0.0004038829938958815,-0.03590186149605157
时序加减修正后,2025-12-19,Q05,做空,344,-0.0016092400309876105,-0.03745332681433278
时序加减修正后,2025-12-22,Q05,做空,282,-0.0000592531325361722,-0.0375103607199313
时序加减修正后,2025-12-23,Q05,做空,282,-0.00022209976036687785,-0.03772412943817105
时序加减修正后,2025-12-24,Q05,做空,253,-0.0010727006753261492,-0.03875636341437283
时序加减修正后,2025-12-25,Q05,做空,311,-0.0011889400976744459,-0.03989922451754391
时序加减修正后,2025-12-26,Q05,做空,326,0.0002179296713168758,-0.03968999007111185
时序加减修正后,2025-12-29,Q05,做空,266,0.0009976846585594554,-0.0387319035067446
时序加减修正后,2025-12-30,Q05,做空,264,-0.00015821108288285112,-0.03888398677323157
时序加减修正后,2025-12-31,Q05,做空,291,0.0008778236400401735,-0.03804029641599993
时序加减修正后,2026-01-05,Q05,做空,186,-0.0039513815713640935,-0.04184136626113666
时序加减修正后,2026-01-06,Q05,做空,283,-0.001447503726803241,-0.04322830445434234
时序加减修正后,2026-01-07,Q05,做空,187,0.00010133998895426315,-0.043131345221284034
时序加减修正后,2026-01-08,Q05,做空,189,0.0008951266035274356,-0.04227482663230997
时序加减修正后,2026-01-09,Q05,做空,301,-0.0009015291269864358,-0.04313824377174913
时序加减修正后,2026-01-12,Q05,做空,321,-0.0014828322529293215,-0.044557109245478954
时序加减修正后,2026-01-13,Q05,做空,227,0.0007744982826386554,-0.04381712036743013
时序加减修正后,2026-01-14,Q05,做空,166,0.0032181848313572467,-0.040739947128193066
时序加减修正后,2026-01-15,Q05,做空,300,0.0002680299419080257,-0.04048283671194719
时序加减修正后,2026-01-16,Q05,做空,189,0.0002197921452794357,-0.0402719423761958
时序加减修正后,2026-01-19,Q05,做空,391,-0.0002869450711067054,-0.0405473316119338
时序加减修正后,2026-01-20,Q05,做空,411,-0.00007557120417267959,-0.040619838605430614
时序加减修正后,2026-01-21,Q05,做空,254,-0.00036452579724292574,-0.04096955742362196
时序加减修正后,2026-01-22,Q05,做空,408,-0.00043714642924005243,-0.04138879415712682
时序加减修正后,2026-01-23,Q05,做空,410,-0.001059790202918698,-0.04240472092148717
时序加减修正后,2026-01-26,Q05,做空,256,0.0007990823834234106,-0.04163952340352606
时序加减修正后,2026-01-27,Q05,做空,264,-0.0013207826070053368,-0.042905309252255996
时序加减修正后,2026-01-28,Q05,做空,177,-0.0008813403929722835,-0.04374883546311126
时序加减修正后,2026-01-29,Q05,做空,406,0.00014730209093909364,-0.04360797766711211
时序加减修正后,2026-01-30,Q05,做空,323,-0.00026737517594936845,-0.04386369315235994
时序加减修正后,2026-02-02,Q05,做空,197,0.004450190967212722,-0.03960870399620242
时序加减修正后,2026-02-03,Q05,做空,332,-0.0005817198240772294,-0.04016738265195896
时序加减修正后,2026-02-04,Q05,做空,134,0.0015950302976538051,-0.03863642054661254
时序加减修正后,2026-02-05,Q05,做空,357,0.0014494989831271225,-0.037242925015779416
时序加减修正后,2026-02-06,Q05,做空,345,-0.00038356996182815434,-0.0376122097102809
时序加减修正后,2026-02-09,Q05,做空,193,-0.0007976211551925194,-0.038379830571315
时序加减修正后,2026-02-10,Q05,做空,372,-0.0002490035226352335,-0.03861927738093984
时序加减修正后,2026-02-11,Q05,做空,403,0.00012843473655999743,-0.03849580270109643
时序加减修正后,2026-02-12,Q05,做空,243,-0.0004603339429917686,-0.03893841571944212
时序加减修正后,2026-02-13,Q05,做空,467,0.0005135393702708997,-0.038444872758659154
时序加减修正后,2026-02-24,Q05,做空,366,-0.0010185478208544825,-0.03942426263814236
时序加减修正后,2026-02-25,Q05,做空,220,-0.00006984286228544079,-0.03949135199708165
时序加减修正后,2026-02-26,Q05,做空,214,-0.00017886949632649754,-0.03966315769516715
时序加减修正后,2026-02-27,Q05,做空,255,-0.00116989810793551,-0.040786653949960394
时序加减修正后,2026-03-02,Q05,做空,397,0.000796879745783564,-0.04002227626260779
时序加减修正后,2026-03-03,Q05,做空,290,0.0013718056368816178,-0.03870537340990399
时序加减修正后,2026-03-04,Q05,做空,312,0.0018750174748418385,-0.036902929186576006
时序加减修正后,2026-03-05,Q05,做空,107,0.00026404122920178105,-0.03664863185215772
时序加减修正后,2026-03-06,Q05,做空,359,0.0022099768348476942,-0.03451964764473203
时序加减修正后,2026-03-09,Q05,做空,221,-0.0036245032783655123,-0.038019034347041125
时序加减修正后,2026-03-10,Q05,做空,323,-0.0004942866345672798,-0.038494528681071505
时序加减修正后,2026-03-11,Q05,做空,222,0.00029841879930589475,-0.038207597372794555
时序加减修正后,2026-03-12,Q05,做空,154,-0.00041865951682772796,-0.03861026091536701
时序加减修正后,2026-03-13,Q05,做空,415,0.0025313436768665707,-0.036176653078330734
时序加减修正后,2026-03-16,Q05,做空,327,-0.000058328679023881584,-0.03623287162096911
时序加减修正后,2026-03-17,Q05,做空,390,0.0018202507222527997,-0.03447857380945363
时序加减修正后,2026-03-18,Q05,做空,288,0.00019871995608708757,-0.03428670543403989
时序加减修正后,2026-03-19,Q05,做空,314,0.0008241102626068209,-0.03349085119725226
时序加减修正后,2026-03-20,Q05,做空,447,0.003417472165656811,-0.030187833083366256
时序加减修正后,2026-03-23,Q05,做空,228,0.0035733251289664686,-0.02672237889694562
时序加减修正后,2026-03-24,Q05,做空,299,-0.0008919577963648669,-0.0275905014591159
时序加减修正后,2026-03-25,Q05,做空,280,-0.0001418709171243141,-0.02772845808649438
时序加减修正后,2026-03-26,Q05,做空,126,0.0012222433782996618,-0.026540105632481437
时序加减修正后,2026-03-27,Q05,做空,338,-0.0031309499111143286,-0.029587959802224728
时序加减修正后,2026-03-30,Q05,做空,299,-0.0022588175005356574,-0.03177994350135405
时序加减修正后,2026-03-31,Q05,做空,274,0.00030201615690381986,-0.03148752540085309
时序加减修正后,2026-04-01,Q05,做空,412,0.00010801278769082557,-0.031382913668558166
时序加减修正后,2026-04-02,Q05,做空,91,0.002470002721775717,-0.028990426828961136
时序加减修正后,2026-04-03,Q05,做空,222,-0.0012114511414151533,-0.03016675748470421
时序加减修正后,2026-04-07,Q05,做空,167,-0.0042930893385803755,-0.034330338238347524
时序加减修正后,2026-04-08,Q05,做空,235,-0.0009179520472668067,-0.03521677668134515
时序加减修正后,2026-04-09,Q05,做空,164,0.0002944037955452719,-0.034932740838521825
时序加减修正后,2026-04-10,Q05,做空,226,0.0008088448059296213,-0.0341521511985764
时序加减修正后,2026-04-13,Q05,做空,274,-0.000409965673803314,-0.03454811566270177
时序加减修正后,2026-04-14,Q05,做空,233,0.0005866739335548594,-0.03398171020805962
时序加减修正后,2026-04-15,Q05,做空,252,0.0006579699660621358,-0.03334609918670994
时序加减修正后,2026-04-16,Q05,做空,279,-0.00016644683356425435,-0.033506995667652806
时序加减修正后,2026-04-17,Q05,做空,315,-0.0009171762662715212,-0.03439344011274392
时序加减修正后,2026-04-20,Q05,做空,391,0.000010166906163028246,-0.03438362288145924
时序加减修正后,2026-04-21,Q05,做空,350,-0.00047162929261893233,-0.03483903585034087
时序加减修正后,2026-04-22,Q05,做空,319,-0.0006817087368943129,-0.03549699451211108
时序加减修正后,2026-04-23,Q05,做空,237,0.0021200749588963764,-0.033452175842396015
时序加减修正后,2026-04-24,Q05,做空,408,-0.0011337641655664616,-0.0345480131297321
时序加减修正后,2026-04-27,Q05,做空,340,-0.0004129390281110211,-0.03494668593487815
时序加减修正后,2026-04-28,Q05,做空,208,0.0006117363272656243,-0.03435632776491648
时序加减修正后,2026-04-29,Q05,做空,456,-0.001582312593942142,-0.03588427790875459
时序加减修正后,2026-04-30,Q05,做空,342,-0.004579744737081152,-0.04029968181293908
时序加减修正后,2026-05-06,Q05,做空,256,-0.0010012172956876952,-0.041260550370184945
时序加减修正后,2026-05-07,Q05,做空,201,-0.0013140688711087815,-0.042520400036447414
时序加减修正后,2026-05-08,Q05,做空,186,0.00008480330170739332,-0.04243920260505307
时序加减修正后,2026-05-11,Q05,做空,226,-0.0007059001077282803,-0.043115144875090605
时序加减修正后,2026-05-12,Q05,做空,266,0.0006938237408364255,-0.042451235445358115
时序加减修正后,2026-05-13,Q05,做空,240,-0.002277498364916634,-0.044632051190959254
时序加减修正后,2026-05-14,Q05,做空,307,0.002670429854807637,-0.04208080809813319
时序加减修正后,2026-05-15,Q05,做空,316,0.0029528001949281906,-0.03925226412155991
时序加减修正后,2026-05-18,Q05,做空,406,0.0013622354322497755,-0.037943499514292545
时序加减修正后,2026-05-19,Q05,做空,411,-0.0002339349651723432,-0.03816855816822751
时序加减修正后,2026-05-20,Q05,做空,151,-0.0022931197267014145,-0.04037415282125367
时序加减修正后,2026-05-21,Q05,做空,349,0.003234302537477566,-0.03727043250869444
时序加减修正后,2026-05-22,Q05,做空,366,-0.0007427310441121112,-0.03798548164555493
时序加减修正后,2026-05-25,Q05,做空,234,-0.0011859411980313025,-0.03912637429597565
时序加减修正后,2026-05-26,Q05,做空,372,-0.0006732607002323743,-0.0397732927460519
时序加减修正后,2026-05-27,Q05,做空,300,0.0030580625024352534,-0.036836859458761806
时序加减修正后,2026-05-28,Q05,做空,89,-0.0013594579220889398,-0.038146239220434586
时序加减修正后,2026-05-29,Q05,做空,422,0.0010961701604329042,-0.03709188382916795
时序加减修正后,2026-06-01,Q05,做空,175,0.0028387294314701906,-0.03435844821999223
时序加减修正后,2026-06-02,Q05,做空,334,-0.0016965351091685788,-0.03599669301545905
时序加减修正后,2026-06-03,Q05,做空,318,0.0022248516463791385,-0.03385192867079945
时序加减修正后,2026-06-04,Q05,做空,325,0.0004740666330102473,-0.03339391010763504
时序加减修正后,2026-06-05,Q05,做空,362,0.0018170246244932381,-0.031637563040115446
时序加减修正后,2026-06-08,Q05,做空,242,0.0025850319619820776,-0.02913431518979137
时序加减修正后,2026-06-09,Q05,做空,128,-0.0011008267954366602,-0.030203070150400357
时序加减修正后,2026-06-10,Q05,做空,259,-0.00003636194028735204,-0.030238333848454424
时序加减修正后,2026-06-11,Q05,做空,503,-0.0006593394653999411,-0.03087773598698018
时序加减修正后,2026-06-12,Q05,做空,170,-0.0036967285416775507,-0.03446031792073234
时序加减修正后,2026-06-15,Q05,做空,146,-0.001320165998823877,-0.03573499057952867
时序加减修正后,2026-06-16,Q05,做空,210,0.0007678802362923827,-0.03499455053624634
时序加减修正后,2026-06-17,Q05,做空,214,-0.0008851297672374352,-0.035848705585112994
时序加减修正后,2026-06-18,Q05,做空,374,0.0002015887300384587,-0.03565434355010699
时序加减修正后,2026-06-22,Q05,做空,261,-0.00009455934491510756,-0.035745531443652556
时序加减修正后,2026-06-23,Q05,做空,225,0.004308468978399307,-0.031591070978594704
时序加减修正后,2026-06-24,Q05,做空,318,-0.001800501754038329,-0.033334692953924105
时序加减修正后,2026-06-25,Q05,做空,106,0.0019311832041943111,-0.031467885148879327
时序加减修正后,2026-06-26,Q05,做空,418,0.0032358146696885503,-0.028333894723579722
时序加减修正后,2026-06-29,Q05,做空,196,-0.0006024690000212642,-0.028919293430380133
时序加减修正后,2026-06-30,Q05,做空,199,-0.0021691913043560365,-0.03102575325489887
时序加减修正后,2024-02-01,Q06,做多,225,-0.0007951621982243119,-0.0007951621982242862
时序加减修正后,2024-02-02,Q06,做多,149,-0.006478865984663205,-0.007268876433569105
时序加减修正后,2024-02-05,Q06,做多,172,-0.0053633849158020806,-0.012593275567152618
时序加减修正后,2024-02-06,Q06,做多,174,0.007590122560983197,-0.005098737511168405
时序加减修正后,2024-02-07,Q06,做多,199,0.007127725567868162,0.0019926456549774763
时序加减修正后,2024-02-08,Q06,做多,289,-0.0014549804289401694,0.00053476596560742
时序加减修正后,2024-02-19,Q06,做多,283,-0.000980356020115352,-0.0004461143155416458
时序加减修正后,2024-02-20,Q06,做多,366,0.001307501308225961,0.0008608036976331945
时序加减修正后,2024-02-21,Q06,做多,149,0.0014133467680802756,0.0022753670798376646
时序加减修正后,2024-02-22,Q06,做多,136,0.0018299371168348658,0.0041094679753463925
时序加减修正后,2024-02-23,Q06,做多,307,0.000987288344645583,0.0051008135498267215
时序加减修正后,2024-02-26,Q06,做多,332,0.0002226216484452752,0.005324570749792867
时序加减修正后,2024-02-27,Q06,做多,261,0.002047152998164172,0.007382623958931411
时序加减修正后,2024-02-28,Q06,做多,235,-0.00313363020411108,0.004225859341397076
时序加减修正后,2024-02-29,Q06,做多,264,0.0013368227574904847,0.005568331323825282
时序加减修正后,2024-03-01,Q06,做多,354,0.0003106208375978545,0.005880681801162968
时序加减修正后,2024-03-04,Q06,做多,232,0.001452273279922118,0.0073414954381325614
时序加减修正后,2024-03-05,Q06,做多,264,-0.00005171884843300425,0.007289396896009714
时序加减修正后,2024-03-06,Q06,做多,267,0.00029437828592978737,0.007585921022103204
时序加减修正后,2024-03-07,Q06,做多,198,-0.0010247544859973432,0.0065533928295080646
时序加减修正后,2024-03-08,Q06,做多,334,0.00005201318148857479,0.006605746873807217
时序加减修正后,2024-03-11,Q06,做多,421,0.000986883225661344,0.007599149200251398
时序加减修正后,2024-03-12,Q06,做多,330,0.00039163188154237683,0.007993757150893233
时序加减修正后,2024-03-13,Q06,做多,272,-0.00008234224204737556,0.007910756684959663
时序加减修正后,2024-03-14,Q06,做多,392,-0.0010115001968912037,0.0068912547561239546
时序加减修正后,2024-03-15,Q06,做多,392,0.0008324980001779462,0.007729489712104964
时序加减修正后,2024-03-18,Q06,做多,333,0.0006301897492312355,0.00836455050651952
时序加减修正后,2024-03-19,Q06,做多,251,-0.0005699320939589576,0.007789851186775332
时序加减修正后,2024-03-20,Q06,做多,327,-0.000022010693126069724,0.007767669033625246
时序加减修正后,2024-03-21,Q06,做多,404,-0.0009426041873000328,0.006817743008968424
时序加减修正后,2024-03-22,Q06,做多,365,-0.003037785451904287,0.0037592467165366017
时序加减修正后,2024-03-25,Q06,做多,327,0.0005594975186225464,0.004320847524368787
时序加减修正后,2024-03-26,Q06,做多,392,-0.00016529472558041953,0.004154838585482601
时序加减修正后,2024-03-27,Q06,做多,286,-0.0008831796229416439,0.0032679894937657217
时序加减修正后,2024-03-28,Q06,做多,325,0.0006043198174134327,0.0038742842219934293
时序加减修正后,2024-03-29,Q06,做多,450,0.001674794753586563,0.005555567606468914
时序加减修正后,2024-04-01,Q06,做多,234,0.000016752799731479266,0.005572413477511917
时序加减修正后,2024-04-02,Q06,做多,211,-0.000452503278073292,0.005117388664073186
时序加减修正后,2024-04-03,Q06,做多,360,-0.000989193309184581,0.004123133268261636
时序加减修正后,2024-04-08,Q06,做多,237,-0.001150624007237746,0.0029677650849004866
时序加减修正后,2024-04-09,Q06,做多,111,-0.0003277974829616797,0.0026389947760139254
时序加减修正后,2024-04-10,Q06,做多,306,-0.0006303004606380021,0.002007030955752942
时序加减修正后,2024-04-11,Q06,做多,416,0.0005868484593415465,0.002595057238118814
时序加减修正后,2024-04-12,Q06,做多,488,-0.0017462427623345842,0.000844282875864355
时序加减修正后,2024-04-15,Q06,做多,322,0.0015418119891935321,0.0023873965905181205
时序加减修正后,2024-04-16,Q06,做多,269,-0.0010654576763045043,0.0013193952441898915
时序加减修正后,2024-04-17,Q06,做多,231,0.0007103027772922896,0.0020306351915884147
时序加减修正后,2024-04-18,Q06,做多,257,0.0011125589231235711,0.003145453316014013
时序加减修正后,2024-04-19,Q06,做多,419,-0.0006096733524137607,0.0025338622645321163
时序加减修正后,2024-04-22,Q06,做多,265,-0.00036250802600165427,0.0021704356931226965
时序加减修正后,2024-04-23,Q06,做多,472,-0.000525686908855216,0.001643607814637127
时序加减修正后,2024-04-24,Q06,做多,129,0.0019487826505138056,0.003595593499544414
时序加减修正后,2024-04-25,Q06,做多,182,0.0008714447684234563,0.004470171629112452
时序加减修正后,2024-04-26,Q06,做多,198,0.002188749188949581,0.0066687049025897505
时序加减修正后,2024-04-29,Q06,做多,222,0.0019385862413089541,0.00862021900347032
时序加减修正后,2024-04-30,Q06,做多,135,-0.00141495013066796,0.007193071692797037
时序加减修正后,2024-05-06,Q06,做多,188,-0.0006924332261366951,0.006495657744822303
时序加减修正后,2024-05-07,Q06,做多,205,-0.0012849985960645249,0.0052023122376752
时序加减修正后,2024-05-08,Q06,做多,302,-0.00097517342521242,0.004222065655818952
时序加减修正后,2024-05-09,Q06,做多,209,5.599541313757977e-6,0.004227688838763788
时序加减修正后,2024-05-10,Q06,做多,441,0.00002334562351916866,0.0042511331603150015
时序加减修正后,2024-05-13,Q06,做多,270,0.0011958066375276151,0.005452023331092848
时序加减修正后,2024-05-14,Q06,做多,339,-0.0006618062914983585,0.004786608856252483
时序加减修正后,2024-05-15,Q06,做多,317,-0.0005342490957064403,0.0042498025190931266
时序加减修正后,2024-05-16,Q06,做多,341,-0.0013096713634089894,0.0029345653110246506
时序加减修正后,2024-05-17,Q06,做多,377,0.001241961485191047,0.004180171413307843
时序加减修正后,2024-05-20,Q06,做多,196,0.00017511286932858638,0.0043560162844469286
时序加减修正后,2024-05-21,Q06,做多,411,-0.0006222153558472139,0.0037310905483771695
时序加减修正后,2024-05-22,Q06,做多,256,-0.0018820195019628727,0.0018420490612387486
时序加减修正后,2024-05-23,Q06,做多,423,-0.0013030684546137617,0.0005365802906014405
时序加减修正后,2024-05-24,Q06,做多,293,-0.0005782447039933816,-0.00004197468810318572
时序加减修正后,2024-05-27,Q06,做多,395,0.0008211208363925696,0.0007791116819984012
时序加减修正后,2024-05-28,Q06,做多,406,-0.0011873209318966178,-0.0004091343055065977
时序加减修正后,2024-05-29,Q06,做多,523,-0.00045674237763265637,-0.0008656898141636837
时序加减修正后,2024-05-30,Q06,做多,374,-0.0007287758970362343,-0.0015938348173289985
时序加减修正后,2024-05-31,Q06,做多,362,-0.0010417617044900576,-0.0026339361257431415
时序加减修正后,2024-06-03,Q06,做多,395,-0.001485231499772672,-0.004115255620613434
时序加减修正后,2024-06-04,Q06,做多,260,0.002660535232756117,-0.0014656691704276748
时序加减修正后,2024-06-05,Q06,做多,339,-0.0008328730215202257,-0.002297321475637437
时序加减修正后,2024-06-06,Q06,做多,398,-0.0018432234251693571,-0.004136310424047829
时序加减修正后,2024-06-07,Q06,做多,283,-0.0017856642970088836,-0.0059145886592111285
时序加减修正后,2024-06-11,Q06,做多,480,0.0007510860405318453,-0.0051679449836568025
时序加减修正后,2024-06-12,Q06,做多,296,-0.0005267006928521811,-0.005691923716305447
时序加减修正后,2024-06-13,Q06,做多,410,-0.0009092080908264572,-0.006595956664036673
时序加减修正后,2024-06-14,Q06,做多,432,0.00021534472741930385,-0.0063820323411072355
时序加减修正后,2024-06-17,Q06,做多,291,0.000523098199692802,-0.005862272571042326
时序加减修正后,2024-06-18,Q06,做多,456,-0.00019348384841035577,-0.006054622164395229
时序加减修正后,2024-06-19,Q06,做多,431,-0.0007224798531975411,-0.006772727675060208
时序加减修正后,2024-06-20,Q06,做多,425,-0.0021000680415154955,-0.008858572527631448
时序加减修正后,2024-06-21,Q06,做多,344,-0.0017928488328453928,-0.010635539279060024
时序加减修正后,2024-06-24,Q06,做多,314,-0.0009015011079551928,-0.011527452436571384
时序加减修正后,2024-06-25,Q06,做多,423,-0.0004934424050373849,-0.012015206707754467
时序加减修正后,2024-06-26,Q06,做多,353,0.0011167997404596263,-0.010911825547027743
时序加减修正后,2024-06-27,Q06,做多,343,-0.00030853113472170153,-0.011216990043831587
时序加减修正后,2024-06-28,Q06,做多,298,-0.00008762102072752603,-0.011303628220442064
时序加减修正后,2024-07-01,Q06,做多,374,0.001819827972961802,-0.009504370906311843
时序加减修正后,2024-07-02,Q06,做多,153,-0.0007742135410308929,-0.010271226034688108
时序加减修正后,2024-07-03,Q06,做多,327,0.00037044375932925673,-0.009904587186944092
时序加减修正后,2024-07-04,Q06,做多,420,-0.0025611411633213893,-0.01244036130431525
时序加减修正后,2024-07-05,Q06,做多,305,-0.0017625030702085914,-0.01418093819953048
时序加减修正后,2024-07-08,Q06,做多,274,-0.0012204606726724844,-0.015384091594828786
时序加减修正后,2024-07-09,Q06,做多,292,0.0029824614727023227,-0.012447512582600573
时序加减修正后,2024-07-10,Q06,做多,253,0.0012081506766867549,-0.011254400376663476
时序加减修正后,2024-07-11,Q06,做多,220,0.00022158533677363513,-0.01103530884998738
时序加减修正后,2024-07-12,Q06,做多,294,0.00003514266543689843,-0.011000553994717444
时序加减修正后,2024-07-15,Q06,做多,398,-0.0006165253284573614,-0.01161029720300999
时序加减修正后,2024-07-16,Q06,做多,299,0.0006654180322213482,-0.010952604871906857
时序加减修正后,2024-07-17,Q06,做多,151,-0.0010558850297830392,-0.011996925210168485
时序加减修正后,2024-07-18,Q06,做多,367,0.0007493611481981237,-0.01125655409162074
时序加减修正后,2024-07-19,Q06,做多,239,0.001289396300601016,-0.009981671950222926
时序加减修正后,2024-07-22,Q06,做多,311,-0.00005468827573527504,-0.010035814345530358
时序加减修正后,2024-07-23,Q06,做多,407,-0.00241370523858018,-0.012425296086451376
时序加减修正后,2024-07-24,Q06,做多,302,-0.001305582137783798,-0.01371465597960797
时序加减修正后,2024-07-25,Q06,做多,109,-0.001146931963893446,-0.014845858166184667
时序加减修正后,2024-07-26,Q06,做多,139,-0.0006816772274629434,-0.015517415310213556
时序加减修正后,2024-07-29,Q06,做多,414,-0.0005101081093491065,-0.016019607860176865
时序加减修正后,2024-07-30,Q06,做多,343,0.0010857755897730268,-0.014951225969576099
时序加减修正后,2024-07-31,Q06,做多,295,0.003693032156384029,-0.011313409171475164
时序加减修正后,2024-08-01,Q06,做多,227,-0.0008778198667713964,-0.01218129790291489
时序加减修正后,2024-08-02,Q06,做多,182,-0.0007849331981320814,-0.012956669595926673
时序加减修正后,2024-08-05,Q06,做多,272,-0.0011278263513946406,-0.01406988307392476
时序加减修正后,2024-08-06,Q06,做多,164,0.0002403333886965212,-0.013832931147906069
时序加减修正后,2024-08-07,Q06,做多,107,-0.0010806574842785964,-0.014898639971610117
时序加减修正后,2024-08-08,Q06,做多,343,0.0014908848870750964,-0.013429967241706642
时序加减修正后,2024-08-09,Q06,做多,278,-0.0019107166050070447,-0.015315022985300297
时序加减修正后,2024-08-12,Q06,做多,40,0.00041174727684847314,-0.01490958162746081
时序加减修正后,2024-08-13,Q06,做多,529,7.3314638867127466e-6,-0.014902359472633409
时序加减修正后,2024-08-14,Q06,做多,109,0.0007615865429090613,-0.014152122366156261
时序加减修正后,2024-08-15,Q06,做多,328,0.0007521503207499336,-0.013410616568783285
时序加减修正后,2024-08-16,Q06,做多,193,0.0005140921060145781,-0.012903418754883544
时序加减修正后,2024-08-19,Q06,做多,439,-0.0009355887325791772,-0.013826935194263923
时序加减修正后,2024-08-20,Q06,做多,319,-0.0016475232312866146,-0.015451678228600496
时序加减修正后,2024-08-21,Q06,做多,100,0.0005555912382624228,-0.014904671807378311
时序加减修正后,2024-08-22,Q06,做多,343,-0.0004822686733533737,-0.015379752424432347
时序加减修正后,2024-08-23,Q06,做多,353,0.0011531528321660563,-0.014244334797332558
时序加减修正后,2024-08-26,Q06,做多,346,-0.0005658966111417287,-0.014802170587684516
时序加减修正后,2024-08-27,Q06,做多,550,-0.0003495876598687821,-0.01514658359137655
时序加减修正后,2024-08-28,Q06,做多,349,0.0001758943383024377,-0.014973353451372517
时序加减修正后,2024-08-29,Q06,做多,257,0.0015384367669290223,-0.01345795224191726
时序加减修正后,2024-08-30,Q06,做多,260,0.001212270967684722,-0.012261995959019889
时序加减修正后,2024-09-02,Q06,做多,257,-0.002399623637063409,-0.014632195420742455
时序加减修正后,2024-09-03,Q06,做多,200,0.000153561925944814,-0.014480880442907296
时序加减修正后,2024-09-04,Q06,做多,224,0.0005936256282309062,-0.013895851036426654
时序加减修正后,2024-09-05,Q06,做多,45,-0.0018649510033558019,-0.0157348869584496
时序加减修正后,2024-09-06,Q06,做多,352,-0.00214888694863062,-0.017849961413856974
时序加减修正后,2024-09-09,Q06,做多,347,-0.0013948192568691293,-0.019219883200811694
时序加减修正后,2024-09-10,Q06,做多,213,-0.0015601569046023163,-0.020750054071932644
时序加减修正后,2024-09-11,Q06,做多,185,0.0016917719032986693,-0.019093386527104794
时序加减修正后,2024-09-12,Q06,做多,382,-0.0008446057270712546,-0.019921865870566102
时序加减修正后,2024-09-13,Q06,做多,527,-0.00136484881294783,-0.021259524348528847
时序加减修正后,2024-09-18,Q06,做多,424,-5.196136387311063e-6,-0.021264610017528107
时序加减修正后,2024-09-19,Q06,做多,237,0.0014032649005189016,-0.019891184997870015
时序加减修正后,2024-09-20,Q06,做多,446,0.0008122873280182112,-0.01909505502736475
时序加减修正后,2024-09-23,Q06,做多,385,0.00044755635069843453,-0.018656044789810644
时序加减修正后,2024-09-24,Q06,做多,270,0.006408186327543162,-0.012367409873415558
时序加减修正后,2024-09-25,Q06,做多,314,-0.0008581395597074027,-0.013214936469459482
时序加减修正后,2024-09-26,Q06,做多,98,0.006377884551047642,-0.0069213352575635545
时序加减修正后,2024-09-27,Q06,做多,232,0.013752112137871305,0.006735593901701753
时序加减修正后,2024-09-30,Q06,做多,236,0.019318379831760067,0.026184094494847265
时序加减修正后,2024-10-08,Q06,做多,212,-0.017497623440558184,0.008228311628686313
时序加减修正后,2024-10-09,Q06,做多,157,-0.005153497279592742,0.003032409767499633
时序加减修正后,2024-10-10,Q06,做多,129,-0.0022312344470180484,0.0007944093033509514
时序加减修正后,2024-10-11,Q06,做多,140,-0.0023901383785414508,-0.001597627823354708
时序加减修正后,2024-10-14,Q06,做多,254,0.003926292935207094,0.0023223923570163674
时序加减修正后,2024-10-15,Q06,做多,66,0.00043338617582445625,0.002756785025583186
时序加减修正后,2024-10-16,Q06,做多,296,0.0005453723514177467,0.0033036608513326016
时序加减修正后,2024-10-17,Q06,做多,232,-0.0018357550762975107,0.0014618410628568501
时序加减修正后,2024-10-18,Q06,做多,200,0.006376717075581837,0.007847879885305886
时序加减修正后,2024-10-21,Q06,做多,181,0.0016372553388429266,0.009497984207389454
时序加减修正后,2024-10-22,Q06,做多,276,0.00036871047321229537,0.009870196686853294
时序加减修正后,2024-10-23,Q06,做多,135,-0.002664190364157548,0.00717971023979036
时序加减修正后,2024-10-24,Q06,做多,194,-0.001019109616180751,0.006153283711862745
时序加减修正后,2024-10-25,Q06,做多,258,-0.000348395066617924,0.005802744871556076
时序加减修正后,2024-10-28,Q06,做多,495,0.0012366544401491851,0.0070465753019157695
时序加减修正后,2024-10-29,Q06,做多,163,-0.0018605907008445042,0.00517287380859166
时序加减修正后,2024-10-30,Q06,做多,237,0.0002598201273234398,0.005434037952646742
时序加减修正后,2024-10-31,Q06,做多,296,0.000858416276109032,0.006297118895379317
时序加减修正后,2024-11-01,Q06,做多,375,-0.0005158713735872879,0.00577799901841769
时序加减修正后,2024-11-04,Q06,做多,582,0.001777894145330451,0.0075661658343746385
时序加减修正后,2024-11-05,Q06,做多,306,0.002821095047621901,0.010408605754961497
时序加减修正后,2024-11-06,Q06,做多,77,-0.0026133624064228075,0.007768041889555377
时序加减修正后,2024-11-07,Q06,做多,137,0.002791411766823191,0.010581137459914292
时序加减修正后,2024-11-08,Q06,做多,221,-0.002944372907848249,0.007605609737594943
时序加减修正后,2024-11-11,Q06,做多,276,0.0010715882800086283,0.008685348099860546
时序加减修正后,2024-11-12,Q06,做多,234,-0.0021246817017464875,0.006542212797932878
时序加减修正后,2024-11-13,Q06,做多,236,2.5302469096505634e-6,0.006544759598256178
时序加减修正后,2024-11-14,Q06,做多,183,-0.0021082865935623074,0.0044226747757747376
时序加减修正后,2024-11-15,Q06,做多,139,0.0014392325318361493,0.005868272565025867
时序加减修正后,2024-11-18,Q06,做多,390,-0.0024924667515547182,0.003361179339213871
时序加减修正后,2024-11-19,Q06,做多,433,0.0010895231695098031,0.004454364591490734
时序加减修正后,2024-11-20,Q06,做多,152,-0.000025520153222283914,0.004428730762201516
时序加减修正后,2024-11-21,Q06,做多,225,0.0011598158268962934,0.0055936831011289545
时序加减修正后,2024-11-22,Q06,做多,395,-0.0029060397617838673,0.002671387873838471
时序加减修正后,2024-11-25,Q06,做多,293,-0.0016503890352713027,0.0010165900093113134
时序加减修正后,2024-11-26,Q06,做多,117,-0.000514381969995343,0.0005016851237442665
时序加减修正后,2024-11-27,Q06,做多,383,0.0036359620753026144,0.004139471307130549
时序加减修正后,2024-11-28,Q06,做多,285,-0.00016091125978977958,0.003977893959797862
时序加减修正后,2024-11-29,Q06,做多,158,0.002987082718552497,0.006976858976653899
时序加减修正后,2024-12-02,Q06,做多,276,0.0006271666396165476,0.007608401269469933
时序加减修正后,2024-12-03,Q06,做多,284,0.00045939556721478624,0.00807129210250146
时序加减修正后,2024-12-04,Q06,做多,248,-0.0006317846796557733,0.007434408104150414
时序加减修正后,2024-12-05,Q06,做多,207,-0.00019817684591069573,0.007234757930690394
时序加减修正后,2024-12-06,Q06,做多,254,0.0008315127772765141,0.008072286501626724
时序加减修正后,2024-12-09,Q06,做多,318,0.0057553343196685425,0.013874079528836347
时序加减修正后,2024-12-10,Q06,做多,121,-0.0019112312111547525,0.011936331743860107
时序加减修正后,2024-12-11,Q06,做多,356,-0.00005495687317184246,0.011880718887218533
时序加减修正后,2024-12-12,Q06,做多,203,-0.002442059064526403,0.009409646405440508
时序加减修正后,2024-12-13,Q06,做多,225,-0.000766037415079255,0.00863640084915196
时序加减修正后,2024-12-16,Q06,做多,124,-0.0007997529081612517,0.007829740954295561
时序加减修正后,2024-12-17,Q06,做多,284,-0.0014792236598354272,0.006338935356390074
时序加减修正后,2024-12-18,Q06,做多,125,-0.0007826979993842542,0.005551275884984053
时序加减修正后,2024-12-19,Q06,做多,339,0.0016009903482288868,0.0071611537723250684
时序加减修正后,2024-12-20,Q06,做多,327,-0.00038245388104463573,0.006775961080227377
时序加减修正后,2024-12-23,Q06,做多,455,-0.0010428766404012484,0.005726017948299189
时序加减修正后,2024-12-24,Q06,做多,416,-0.000015521201073799883,0.0057104078725493945
时序加减修正后,2024-12-25,Q06,做多,329,-0.0006251051412657537,0.005081733125963828
时序加减修正后,2024-12-26,Q06,做多,334,0.0007489591292299931,0.005834498265610888
时序加减修正后,2024-12-27,Q06,做多,402,0.0002518088537514058,0.0060877762976827565
时序加减修正后,2024-12-30,Q06,做多,225,0.000023421657905499968,0.006111340541402166
时序加减修正后,2024-12-31,Q06,做多,243,-0.002284158504254366,0.0038132227666778373
时序加减修正后,2025-01-02,Q06,做多,223,-0.003897893466020808,-0.00009953423544961648
时序加减修正后,2025-01-03,Q06,做多,191,-0.0004907430810393663,-0.0005902284707516303
时序加减修正后,2025-01-06,Q06,做多,17,0.0022417089361731674,0.0016501573449843043
时序加减修正后,2025-01-07,Q06,做多,260,0.001479036032777423,0.0031316340199347703
时序加减修正后,2025-01-08,Q06,做多,283,0.0012906549566364914,0.004426330835541448
时序加减修正后,2025-01-09,Q06,做多,241,0.0008487682963462539,0.0052788560611700674
时序加减修正后,2025-01-10,Q06,做多,524,-0.0014878603332786633,0.00378314152735304
时序加减修正后,2025-01-13,Q06,做多,313,0.0008844593872947353,0.004670946949685062
时序加减修正后,2025-01-14,Q06,做多,200,0.0033420655239751796,0.00802862308442509
时序加减修正后,2025-01-15,Q06,做多,159,0.002248989444964788,0.01029566881796451
时序加减修正后,2025-01-16,Q06,做多,182,-0.00024171722509561152,0.010051462952371804
时序加减修正后,2025-01-17,Q06,做多,227,0.001961975262364699,0.01203315893639978
时序加减修正后,2025-01-20,Q06,做多,421,-0.0001855828754148018,0.01184534291274919
时序加减修正后,2025-01-21,Q06,做多,403,0.0004947303571929247,0.01234593352067237
时序加减修正后,2025-01-22,Q06,做多,413,0.0017946985792181203,0.01416278932923909
时序加减修正后,2025-01-23,Q06,做多,331,-0.002514636225880052,0.011612538840252151
时序加减修正后,2025-01-24,Q06,做多,354,0.00125420508144695,0.012881308426921034
时序加减修正后,2025-01-27,Q06,做多,415,-0.00031392802761345877,0.01256333659555997
时序加减修正后,2025-02-05,Q06,做多,367,-0.0011735905632580476,0.011375001819030395
时序加减修正后,2025-02-06,Q06,做多,155,0.0029277581451160294,0.014336063218372663
时序加减修正后,2025-02-07,Q06,做多,127,0.004850773303208077,0.019256377514313527
时序加减修正后,2025-02-10,Q06,做多,360,-0.00022350645645524816,0.019028567133155816
时序加减修正后,2025-02-11,Q06,做多,317,-0.0002696836806767824,0.018753751758456616
时序加减修正后,2025-02-12,Q06,做多,203,0.002753034479583624,0.02155841596325292
时序加减修正后,2025-02-13,Q06,做多,233,0.00046728792621693153,0.022035777876957763
时序加减修正后,2025-02-14,Q06,做多,369,0.0006664503187168772,0.022716913946863926
时序加减修正后,2025-02-17,Q06,做多,496,-0.0009374481780777123,0.021758169839195096
时序加减修正后,2025-02-18,Q06,做多,566,-0.0019003520064228075,0.01981646965106232
时序加减修正后,2025-02-19,Q06,做多,361,0.0010783872161094594,0.020916226694712048
时序加减修正后,2025-02-20,Q06,做多,240,0.0010437360376878738,0.02198179375197351
时序加减修正后,2025-02-21,Q06,做多,273,0.0003998120825995918,0.02239039442131241
时序加减修正后,2025-02-24,Q06,做多,260,-0.00246141847562215,0.01987386381518519
时序加减修正后,2025-02-25,Q06,做多,301,-0.00025159292727945903,0.019617270764332062
时序加减修正后,2025-02-26,Q06,做多,335,0.0006878734899010621,0.020318638454736027
时序加减修正后,2025-02-27,Q06,做多,307,0.0000957486539704085,0.02041633259098896
时序加减修正后,2025-02-28,Q06,做多,299,-0.002208328532321919,0.01816291808888093
时序加减修正后,2025-03-03,Q06,做多,485,-0.001072483675033226,0.017070954980706432
时序加减修正后,2025-03-04,Q06,做多,361,0.0012625977201259906,0.01835510644967142
时序加减修正后,2025-03-05,Q06,做多,48,0.0008221485681284927,0.019192345642285336
时序加减修正后,2025-03-06,Q06,做多,212,0.0006043758737332438,0.019808320906685273
时序加减修正后,2025-03-07,Q06,做多,235,-0.00036972775029580783,0.019431269470463475
时序加减修正后,2025-03-10,Q06,做多,325,-0.000692602150554124,0.01872520918088605
时序加减修正后,2025-03-11,Q06,做多,204,0.0025705068680740534,0.021343849327765785
时序加减修正后,2025-03-12,Q06,做多,159,0.0011149785253184528,0.022482625786732324
时序加减修正后,2025-03-13,Q06,做多,443,-0.0003354980832006011,0.022139584825674907
时序加减修正后,2025-03-14,Q06,做多,233,0.005748828337178066,0.0280156898354722
时序加减修正后,2025-03-17,Q06,做多,166,0.0009504842890741399,0.028992802597582523
时序加减修正后,2025-03-18,Q06,做多,237,-0.00044145297194968756,0.02853855066676103
时序加减修正后,2025-03-19,Q06,做多,314,-0.00017727743828695885,0.028356213987319467
时序加减修正后,2025-03-20,Q06,做多,355,-0.00027300774078393145,0.02807546478061762
时序加减修正后,2025-03-21,Q06,做多,285,-0.0026594384595227893,0.025341361350288194
时序加减修正后,2025-03-24,Q06,做多,298,0.00013945819280450562,0.025484353603549836
时序加减修正后,2025-03-25,Q06,做多,458,-0.0004960386197054865,0.024975673760258665
时序加减修正后,2025-03-26,Q06,做多,312,-0.0004287403680558409,0.024536225312642435
时序加减修正后,2025-03-27,Q06,做多,470,0.0019220999709238854,0.026505486361526387
时序加减修正后,2025-03-28,Q06,做多,293,-0.0019242701551843387,0.02453021248998799
时序加减修正后,2025-03-31,Q06,做多,92,-0.0022885113326280944,0.02218556348808476
时序加减修正后,2025-04-01,Q06,做多,217,0.0007659301785017205,0.022968486259189014
时序加减修正后,2025-04-02,Q06,做多,381,-0.00003167546478632087,0.022936083256924977
时序加减修正后,2025-04-03,Q06,做多,321,-0.010656949244494908,0.01203470533729356
时序加减修正后,2025-04-07,Q06,做多,59,-0.004399831468926079,0.007581923193105133
时序加减修正后,2025-04-08,Q06,做多,233,0.0006932998985263705,0.00828047963821188
时序加减修正后,2025-04-09,Q06,做多,231,0.0031898288784700584,0.011496721829759471
时序加减修正后,2025-04-10,Q06,做多,227,-0.0008544575346300187,0.010632440834538404
时序加减修正后,2025-04-11,Q06,做多,270,0.0017707350763009379,0.012422003146771887
时序加减修正后,2025-04-14,Q06,做多,109,6.153415430629831e-6,0.01242823299994833
时序加减修正后,2025-04-15,Q06,做多,347,-0.00007266684216442142,0.01235466303733812
时序加减修正后,2025-04-16,Q06,做多,189,0.00013009983948515064,0.01248637021650123
时序加减修正后,2025-04-17,Q06,做多,281,-0.000363345587479234,0.012118487761500152
时序加减修正后,2025-04-18,Q06,做多,508,0.0012555177297510066,0.013389220467493468
时序加减修正后,2025-04-21,Q06,做多,409,0.0006347797876372644,0.014032499461655856
时序加减修正后,2025-04-22,Q06,做多,309,0.0013339467071217914,0.015385164775227222
时序加减修正后,2025-04-23,Q06,做多,352,-0.00024368720898399425,0.015137728398379346
时序加减修正后,2025-04-24,Q06,做多,262,-0.0005142905670566971,0.014615652640400656
时序加减修正后,2025-04-25,Q06,做多,405,-0.0008989881401012772,0.013703525201915756
时序加减修正后,2025-04-28,Q06,做多,144,0.0002178613548393413,0.013924372025321707
时序加减修正后,2025-04-29,Q06,做多,311,0.00012607833436915615,0.014052205921322836
时序加减修正后,2025-04-30,Q06,做多,240,-0.0003899534033280361,0.013656772812471463
时序加减修正后,2025-05-06,Q06,做多,418,0.0019906987637074904,0.015674658096932914
时序加减修正后,2025-05-07,Q06,做多,173,0.00033152879831836035,0.016011383495814213
时序加减修正后,2025-05-08,Q06,做多,486,0.00015089176091583016,0.016164691242580576
时序加减修正后,2025-05-09,Q06,做多,246,0.0005708495228919503,0.01674476837175609
时序加减修正后,2025-05-12,Q06,做多,340,-0.00043614875480938386,0.016301316407071775
时序加减修正后,2025-05-13,Q06,做多,251,-0.00006236313037881331,0.016237936675572495
时序加减修正后,2025-05-14,Q06,做多,189,0.0006038900215119289,0.01685163262501277
时序加减修正后,2025-05-15,Q06,做多,406,-0.001043006073240993,0.015791050196599876
时序加减修正后,2025-05-16,Q06,做多,272,-0.0014372680895094697,0.014331086134542925
时序加减修正后,2025-05-19,Q06,做多,368,0.0006499216122531083,0.014990321829401854
时序加减修正后,2025-05-20,Q06,做多,248,0.0004957828000149147,0.01549353657314656
时序加减修正后,2025-05-21,Q06,做多,274,0.00023118291195661737,0.015728301326004557
时序加减修正后,2025-05-22,Q06,做多,293,-0.00028789141106865456,0.015435881872073454
时序加减修正后,2025-05-23,Q06,做多,408,-0.0004319686473964419,0.014997245407663229
时序加减修正后,2025-05-26,Q06,做多,607,-0.00033213231776037586,0.014660132020025474
时序加减修正后,2025-05-27,Q06,做多,353,-0.0001761503103846274,0.014481399322835209
时序加减修正后,2025-05-28,Q06,做多,364,0.00034574859301546193,0.014832154839291345
时序加减修正后,2025-05-29,Q06,做多,333,0.0008673537029843154,0.01571237326669883
时序加减修正后,2025-05-30,Q06,做多,320,0.0002671029329121666,0.01598367302059356
时序加减修正后,2025-06-03,Q06,做多,248,0.0005691024047659847,0.016561871772112546
时序加减修正后,2025-06-04,Q06,做多,412,0.000018446973441420146,0.016580624261962607
时序加减修正后,2025-06-05,Q06,做多,470,0.0006491411990669377,0.017240528627344265
时序加减修正后,2025-06-06,Q06,做多,420,0.0003150686694598768,0.017561029247219695
时序加减修正后,2025-06-09,Q06,做多,325,0.00023009994013521533,0.01779516997913344
时序加减修正后,2025-06-10,Q06,做多,392,0.0007575246317990567,0.018566174890518594
时序加减修正后,2025-06-11,Q06,做多,359,-0.0007696373535494137,0.017782248315260984
时序加减修正后,2025-06-12,Q06,做多,352,-0.0002895767378173663,0.017487522251985466
时序加减修正后,2025-06-13,Q06,做多,235,-0.001812657248197827,0.015643166119824636
时序加减修正后,2025-06-16,Q06,做多,94,-0.00017947653117168577,0.015460882007461318
时序加减修正后,2025-06-17,Q06,做多,567,-0.0003459909652298496,0.015109541716742392
时序加减修正后,2025-06-18,Q06,做多,490,0.00019575350475230263,0.015308252967241032
时序加减修正后,2025-06-19,Q06,做多,658,-0.0009086284620088835,0.01438571499088237
时序加减修正后,2025-06-20,Q06,做多,511,-0.000035686392627894305,0.014349515223981202
时序加减修正后,2025-06-23,Q06,做多,282,0.0014729641782180141,0.01584361572409909
时序加减修正后,2025-06-24,Q06,做多,191,0.0023815973592661225,0.01826294619673474
时序加减修正后,2025-06-25,Q06,做多,156,0.002553829291103354,0.02086341593477714
时序加减修正后,2025-06-26,Q06,做多,186,0.0005070699880497971,0.021381065134895794
时序加减修正后,2025-06-27,Q06,做多,145,0.000169860372612863,0.021554557303199218
时序加减修正后,2025-06-30,Q06,做多,423,-0.0006047259787964909,0.020936796723640017
时序加减修正后,2025-07-01,Q06,做多,285,-0.00028163951260227663,0.020649260581812934
时序加减修正后,2025-07-02,Q06,做多,224,0.000839329779604928,0.021505921900750957
时序加减修正后,2025-07-03,Q06,做多,307,-0.00003059451132789042,0.021474669426251758
时序加减修正后,2025-07-04,Q06,做多,226,0.002170603129633113,0.02369188554054924
时序加减修正后,2025-07-07,Q06,做多,508,0.0002850903129216222,0.023983730180533458
时序加减修正后,2025-07-08,Q06,做多,263,0.0010313253982039965,0.025039790608816226
时序加减修正后,2025-07-09,Q06,做多,115,-0.00036446853596514657,0.024666195857026896
时序加减修正后,2025-07-10,Q06,做多,284,0.0007866686471996371,0.025472268627152905
时序加减修正后,2025-07-11,Q06,做多,247,0.0027447641127083455,0.028286948108658283
时序加减修正后,2025-07-14,Q06,做多,252,0.00007382318586130009,0.028362859527147233
时序加减修正后,2025-07-15,Q06,做多,234,0.0007710630199700319,0.02915579209923913
时序加减修正后,2025-07-16,Q06,做多,180,0.0004209298470313014,0.029588994489378795
时序加减修正后,2025-07-17,Q06,做多,253,0.0019536432094898228,0.03160044403702833
时序加减修正后,2025-07-18,Q06,做多,396,0.0007660154794917396,0.0323906659458113
时序加减修正后,2025-07-21,Q06,做多,248,0.0007280098437208395,0.033142256513185364
时序加减修正后,2025-07-22,Q06,做多,332,0.0010179272941464462,0.034193920214826035
时序加减修正后,2025-07-23,Q06,做多,283,-0.0013051921939830067,0.0328440983830971
时序加减修正后,2025-07-24,Q06,做多,255,0.0015293845421575835,0.03442371418162282
时序加减修正后,2025-07-25,Q06,做多,356,-0.00059596277064935,0.033807236158893694
时序加减修正后,2025-07-28,Q06,做多,591,0.00028096638846697875,0.03409770124440836
时序加减修正后,2025-07-29,Q06,做多,245,0.001625024518847456,0.035778135363814245
时序加减修正后,2025-07-30,Q06,做多,275,0.0002554829054861329,0.03604275897127596
时序加减修正后,2025-07-31,Q06,做多,327,-0.0018648790451555601,0.03411066454018541
时序加减修正后,2025-08-01,Q06,做多,301,-0.0010241698807757502,0.03305155954417427
时序加减修正后,2025-08-04,Q06,做多,424,0.0016693504965819299,0.03477608467809401
时序加减修正后,2025-08-05,Q06,做多,258,0.0005107352861498015,0.03530458133780301
时序加减修正后,2025-08-06,Q06,做多,254,0.0013606321401713052,0.03671325002603787
时序加减修正后,2025-08-07,Q06,做多,288,-0.0006741969182384208,0.036014301147773375
时序加减修正后,2025-08-08,Q06,做多,250,0.00003743660444160923,0.03605308600536117
时序加减修正后,2025-08-11,Q06,做多,465,0.0007602456642670923,0.03684074087194711
时序加减修正后,2025-08-12,Q06,做多,344,0.0005743446897562281,0.03743624484558983
时序加减修正后,2025-08-13,Q06,做多,367,0.0011530887692377996,0.03863250092832149
时序加减修正后,2025-08-14,Q06,做多,224,-0.0008187366142757517,0.037782134471034734
时序加减修正后,2025-08-15,Q06,做多,378,0.0024125122685743332,0.04028579660255338
时序加减修正后,2025-08-18,Q06,做多,245,0.00048107974844799394,0.04078625703189709
时序加减修正后,2025-08-19,Q06,做多,252,-0.0011141089216835098,0.039626707777372205
时序加减修正后,2025-08-20,Q06,做多,352,0.0032143809074279325,0.04296846401770393
时序加减修正后,2025-08-21,Q06,做多,197,0.0005540220829366285,0.043546291578576035
时序加减修正后,2025-08-22,Q06,做多,289,0.0015768354229061465,0.04519179233657944
时序加减修正后,2025-08-25,Q06,做多,186,0.0012833178938973272,0.046533105666239694
时序加减修正后,2025-08-26,Q06,做多,148,-0.00009740916249103139,0.046431163752897575
时序加减修正后,2025-08-27,Q06,做多,135,-0.0025777353412262593,0.04373374115993123
时序加减修正后,2025-08-28,Q06,做多,120,0.0008724929084564792,0.04464439144740995
时序加减修正后,2025-08-29,Q06,做多,336,0.0001970645845024895,0.04485025386036323
时序加减修正后,2025-09-01,Q06,做多,267,0.00011369387996293628,0.044969046939704826
时序加减修正后,2025-09-02,Q06,做多,205,-0.001833495854349699,0.04305310052421718
时序加减修正后,2025-09-03,Q06,做多,267,-0.003440046466528159,0.039464949391357695
时序加减修正后,2025-09-04,Q06,做多,251,-0.004479390883317822,0.03480877957352568
时序加减修正后,2025-09-05,Q06,做多,74,0.0038457927901716276,0.038788439717215795
时序加减修正后,2025-09-08,Q06,做多,294,0.0003875867810444217,0.03919106038475184
时序加减修正后,2025-09-09,Q06,做多,337,0.0005063098934315834,0.03971721309979026
时序加减修正后,2025-09-10,Q06,做多,286,0.00002184549978480575,0.039739926241945334
时序加减修正后,2025-09-11,Q06,做多,167,0.005841916827324633,0.045814000413099576
时序加减修正后,2025-09-12,Q06,做多,267,0.00023946226435774077,0.046064433401735494
时序加减修正后,2025-09-15,Q06,做多,204,-0.00009747985391453874,0.04596246319358244
时序加减修正后,2025-09-16,Q06,做多,59,0.002723438394210554,0.04881107752474678
时序加减修正后,2025-09-17,Q06,做多,310,0.0009665737773414753,0.049824830809667375
时序加减修正后,2025-09-18,Q06,做多,319,-0.0012332769700744428,0.0485301060232175
时序加减修正后,2025-09-19,Q06,做多,393,0.0007222530529576617,0.049287410093410644
时序加减修正后,2025-09-22,Q06,做多,435,0.0005611901733719532,0.04987625987699795
时序加减修正后,2025-09-23,Q06,做多,276,0.000770389327123627,0.05068507334240757
时序加减修正后,2025-09-24,Q06,做多,316,0.0016344731654176548,0.05240238990009072
时序加减修正后,2025-09-25,Q06,做多,191,0.0008089167139877984,0.05325369578312156
时序加减修正后,2025-09-26,Q06,做多,138,-0.0027019219584569023,0.050407886494659326
时序加减修正后,2025-09-29,Q06,做多,313,0.002519848992815474,0.05305475574948848
时序加减修正后,2025-09-30,Q06,做多,307,0.0012601934075135593,0.05438180841043483
时序加减修正后,2025-10-09,Q06,做多,281,-0.0008256514756471122,0.05351125651442534
时序加减修正后,2025-10-10,Q06,做多,104,-0.003541436766611766,0.049780313016565714
时序加减修正后,2025-10-13,Q06,做多,315,0.0018985751088910056,0.05177339978866269
时序加减修正后,2025-10-14,Q06,做多,120,-0.0010397098728086955,0.05067986060094487
时序加减修正后,2025-10-15,Q06,做多,150,0.0024214211967773735,0.05322399908643116
时序加减修正后,2025-10-16,Q06,做多,199,-0.0011164877673146847,0.05204808737520894
时序加减修正后,2025-10-17,Q06,做多,353,-0.0017377996634136755,0.050219838563073216
时序加减修正后,2025-10-20,Q06,做多,403,-0.0007207486298474065,0.04946289405339033
时序加减修正后,2025-10-21,Q06,做多,487,0.0002880926610918625,0.049765236611255315
时序加减修正后,2025-10-22,Q06,做多,314,0.0014367149609836578,0.051273450032215395
时序加减修正后,2025-10-23,Q06,做多,353,0.003018204671333306,0.05444640846995141
时序加减修正后,2025-10-24,Q06,做多,410,0.0017885645509522873,0.05633235393701974
时序加减修正后,2025-10-27,Q06,做多,224,0.0009135532123342013,0.057297369752251415
时序加减修正后,2025-10-28,Q06,做多,188,-0.0006191051612559216,0.056642791493655364
时序加减修正后,2025-10-29,Q06,做多,238,0.0003681688367349033,0.05703181444104399
时序加减修正后,2025-10-30,Q06,做多,195,-0.0016501664418730145,0.055287536012861294
时序加减修正后,2025-10-31,Q06,做多,168,-0.001054403062989011,0.05417483760255526
时序加减修正后,2025-11-03,Q06,做多,360,0.002207537201795478,0.05650196777375971
时序加减修正后,2025-11-04,Q06,做多,327,-0.002185507542300622,0.054192974754734724
时序加减修正后,2025-11-05,Q06,做多,196,0.0018599662705258066,0.05615373813040381
时序加减修正后,2025-11-06,Q06,做多,113,-0.0010347911214664068,0.055060839619282875
时序加减修正后,2025-11-07,Q06,做多,255,0.00034294973368506523,0.05542267245325183
时序加减修正后,2025-11-10,Q06,做多,447,0.0004112102138418944,0.05585667303608477
时序加减修正后,2025-11-11,Q06,做多,441,-0.000914170348435633,0.05489144017339731
时序加减修正后,2025-11-12,Q06,做多,356,-0.00005443500153019107,0.05483401715623715
时序加减修正后,2025-11-13,Q06,做多,533,0.0007473475527719203,0.05562234477753947
时序加减修正后,2025-11-14,Q06,做多,424,-0.0007684804642617822,0.05481111962793972
时序加减修正后,2025-11-17,Q06,做多,619,-0.0003976822896067449,0.05439163992678342
时序加减修正后,2025-11-18,Q06,做多,421,-0.0005680310850840429,0.05379271269945218
时序加减修正后,2025-11-19,Q06,做多,143,0.0017407793923418715,0.05562713333751934
时序加减修正后,2025-11-20,Q06,做多,200,-0.002368093279310415,0.05312730981760505
时序加减修正后,2025-11-21,Q06,做多,288,0.00036287190926663645,0.05350946013521929
时序加减修正后,2025-11-24,Q06,做多,331,0.0013170296115057052,0.05489696329021876
时序加减修正后,2025-11-25,Q06,做多,215,0.000922248006302885,0.0558698399114681
时序加减修正后,2025-11-26,Q06,做多,105,0.000013899909702429016,0.0558845164069004
时序加减修正后,2025-11-27,Q06,做多,395,-0.001116043714979771,0.05470610312862001
时序加减修正后,2025-11-28,Q06,做多,103,0.0009594796542886382,0.05571807217582592
时序加减修正后,2025-12-01,Q06,做多,312,-0.0003617222656045599,0.05533619544291879
时序加减修正后,2025-12-02,Q06,做多,319,-0.00040166266592116197,0.0549123062932142
时序加减修正后,2025-12-03,Q06,做多,382,-0.0008726342598945286,0.05399175367355835
时序加减修正后,2025-12-04,Q06,做多,239,0.0015973579562136419,0.05567535578707239
时序加减修正后,2025-12-05,Q06,做多,251,0.0047100220588154156,0.06064760999977725
时序加减修正后,2025-12-08,Q06,做多,223,0.00021673628911670953,0.06087749082682925
时序加减修正后,2025-12-09,Q06,做多,33,-0.001555292134677681,0.059227516409489755
时序加减修正后,2025-12-10,Q06,做多,110,0.0005219789155737751,0.05978041083985097
时序加减修正后,2025-12-11,Q06,做多,219,-0.0007231288123111715,0.05901405309004959
时序加减修正后,2025-12-12,Q06,做多,268,0.0009391211143243275,0.060008595547672794
时序加减修正后,2025-12-15,Q06,做多,367,-0.00025520771247815663,0.05973807317879598
时序加减修正后,2025-12-16,Q06,做多,325,-0.0017964540259317102,0.05783430245080079
时序加减修正后,2025-12-17,Q06,做多,104,0.0008265885533091932,0.05870869617650443
时序加减修正后,2025-12-18,Q06,做多,185,-0.00004831437492268034,0.05865754532762346
时序加减修正后,2025-12-19,Q06,做多,428,0.0019666971479509643,0.0607396041026762
时序加减修正后,2025-12-22,Q06,做多,405,-0.0000316882679602893,0.06070599110186525
时序加减修正后,2025-12-23,Q06,做多,273,8.900216606299771e-7,0.060706935153172825
时序加减修正后,2025-12-24,Q06,做多,267,0.0009620429246864292,0.06172738075530271
时序加减修正后,2025-12-25,Q06,做多,214,0.001303012512911766,0.06311082481772812
时序加减修正后,2025-12-26,Q06,做多,355,-0.0008260570675983999,0.06223263460724704
时序加减修正后,2025-12-29,Q06,做多,336,-0.0011258798143509402,0.06103668832579778
时序加减修正后,2025-12-30,Q06,做多,249,0.0003638067231307846,0.061422700606499125
时序加减修正后,2025-12-31,Q06,做多,321,-0.0007300033454480527,0.06064785848412191
时序加减修正后,2026-01-05,Q06,做多,284,0.0034166178389363855,0.06427168687824847
时序加减修正后,2026-01-06,Q06,做多,290,0.0018313351247970472,0.0662207250007556
时序加减修正后,2026-01-07,Q06,做多,169,0.00009325170932248435,0.06632015190587692
时序加减修正后,2026-01-08,Q06,做多,199,-0.000671122940295948,0.06560451999023309
时序加减修正后,2026-01-09,Q06,做多,254,0.0011988716036084523,0.06688204298992617
时序加减修正后,2026-01-12,Q06,做多,259,0.0012873896443103907,0.0682555358837722
时序加减修正后,2026-01-13,Q06,做多,211,-0.0008660030096386707,0.06733042337463369
时序加减修正后,2026-01-14,Q06,做多,166,-0.004140132292772009,0.06291153422176232
时序加减修正后,2026-01-15,Q06,做多,267,0.0011803700950206869,0.06416616321041024
时序加减修正后,2026-01-16,Q06,做多,128,0.0002615103136633934,0.06444445363754148
时序加减修正后,2026-01-19,Q06,做多,571,0.0002703702957023301,0.06473224779923026
时序加减修正后,2026-01-20,Q06,做多,389,0.0004027353441504316,0.06516105310747577
时序加减修正后,2026-01-21,Q06,做多,203,-0.00018552353611291073,0.06496344066237358
时序加减修正后,2026-01-22,Q06,做多,389,0.0004267360458339718,0.06541789894999939
时序加减修正后,2026-01-23,Q06,做多,541,0.0008273750191618229,0.06629939910455862
时序加减修正后,2026-01-26,Q06,做多,270,-0.0008301878720077285,0.0654141702754929
时序加减修正后,2026-01-27,Q06,做多,316,0.001042346667637054,0.06652470118553278
时序加减修正后,2026-01-28,Q06,做多,157,0.0007466879825494816,0.06732106236300028
时序加减修正后,2026-01-29,Q06,做多,328,-0.00008243783175691155,0.06723307472883056
时序加减修正后,2026-01-30,Q06,做多,357,-0.00015059379340415718,0.06707235605166062
时序加减修正后,2026-02-02,Q06,做多,238,-0.004595989108909772,0.062168103124828455
时序加减修正后,2026-02-03,Q06,做多,344,0.0008924387642880817,0.06311602311424735
时序加减修正后,2026-02-04,Q06,做多,96,-0.0017801440223289926,0.061223523480658404
时序加减修正后,2026-02-05,Q06,做多,304,-0.0012885132829835225,0.05985612287443898
时序加减修正后,2026-02-06,Q06,做多,394,0.0009340337011021318,0.060846064211523165
时序加减修正后,2026-02-09,Q06,做多,277,0.0008987450753933845,0.06179949438748378
时序加减修正后,2026-02-10,Q06,做多,386,0.0005986276683008157,0.06243511694301196
时序加减修正后,2026-02-11,Q06,做多,338,-0.00019749139692766432,0.06222529514762187
时序加减修正后,2026-02-12,Q06,做多,308,0.0005379761355647865,0.06279674700700455
时序加减修正后,2026-02-13,Q06,做多,370,-0.0005725355682640126,0.06218825806750772
时序加减修正后,2026-02-24,Q06,做多,177,0.0008491792782350565,0.06309024632584315
时序加减修正后,2026-02-25,Q06,做多,229,0.00034825402897647654,0.06346047178729175
时序加减修正后,2026-02-26,Q06,做多,356,-0.0001665231679754889,0.06328338098051312
时序加减修正后,2026-02-27,Q06,做多,200,0.0015683304023150412,0.06495096063318129
时序加减修正后,2026-03-02,Q06,做多,463,-0.0011293573408917127,0.06374825044810062
时序加减修正后,2026-03-03,Q06,做多,306,-0.00152687596760099,0.062124038808913706
时序加减修正后,2026-03-04,Q06,做多,265,-0.0012128681560428067,0.060835822384474714
时序加减修正后,2026-03-05,Q06,做多,79,0.000013041250331067964,0.06084965700999456
时序加减修正后,2026-03-06,Q06,做多,360,-0.003984044879022501,0.05662318436657121
时序加减修正后,2026-03-09,Q06,做多,209,0.004476157300222696,0.061352795946858274
时序加减修正后,2026-03-10,Q06,做多,321,0.0007262917087900519,0.06212364768265566
时序加减修正后,2026-03-11,Q06,做多,215,-0.0005887485415790485,0.061498323934105814
时序加减修正后,2026-03-12,Q06,做多,198,-0.00006977410675696747,0.061424258836729306
时序加减修正后,2026-03-13,Q06,做多,428,-0.002974255756551803,0.0582673116247403
时序加减修正后,2026-03-16,Q06,做多,254,-0.00034463156894556116,0.05790259930077113
时序加减修正后,2026-03-17,Q06,做多,330,-0.0015334831748711594,0.05628032346409095
时序加减修正后,2026-03-18,Q06,做多,287,-0.0005516013754858272,0.05569767778476953
时序加减修正后,2026-03-19,Q06,做多,195,-0.0003542568857366673,0.055323689613158145
时序加减修正后,2026-03-20,Q06,做多,349,-0.003822928310467336,0.05128926280342916
时序加减修正后,2026-03-23,Q06,做多,196,-0.003938060569601717,0.04714922201033733
时序加减修正后,2026-03-24,Q06,做多,235,0.002609478228615889,0.04988173510728533
时序加减修正后,2026-03-25,Q06,做多,233,-0.0001840883822905678,0.04968846407707295
时序加减修正后,2026-03-26,Q06,做多,195,-0.001545698336439016,0.048065962364369774
时序加减修正后,2026-03-27,Q06,做多,325,0.0014182942046765954,0.049552428244909796
时序加减修正后,2026-03-30,Q06,做多,313,0.0024380073951447184,0.05211124482656282
时序加减修正后,2026-03-31,Q06,做多,270,0.000019438295216618657,0.05213169607554047
时序加减修正后,2026-04-01,Q06,做多,358,0.00029219260881159015,0.0524391211806301
时序加减修正后,2026-04-02,Q06,做多,188,-0.0028144857034853787,0.049477046320278495
时序加减修正后,2026-04-03,Q06,做多,335,0.0008339753969728429,0.05035228435659733
时序加减修正后,2026-04-07,Q06,做多,122,0.0049475099007037495,0.05554891268267825
时序加减修正后,2026-04-08,Q06,做多,235,0.0008397822284252393,0.05643534390078275
时序加减修正后,2026-04-09,Q06,做多,170,-0.0001282316415788099,0.05629987546241244
时序加减修正后,2026-04-10,Q06,做多,288,-0.0013062910491422979,0.05492004038988574
时序加减修正后,2026-04-13,Q06,做多,263,0.0008629944985021993,0.05583043058110193
时序加减修正后,2026-04-14,Q06,做多,112,-0.0013116866444988773,0.0544455119064533
时序加减修正后,2026-04-15,Q06,做多,222,-0.0006600305296816005,0.05374954567670942
时序加减修正后,2026-04-16,Q06,做多,288,0.0005292063051077397,0.05430719658028593
时序加减修正后,2026-04-17,Q06,做多,343,0.001348450411715339,0.05572887755358913
时序加减修正后,2026-04-20,Q06,做多,341,0.0001028099779373846,0.055837417016198376
时序加减修正后,2026-04-21,Q06,做多,403,0.0007488654858525366,0.05662809721647344
时序加减修正后,2026-04-22,Q06,做多,312,0.00009673390956357672,0.056730308983272026
时序加减修正后,2026-04-23,Q06,做多,346,-0.001938367408474943,0.054681977392791126
时序加减修正后,2026-04-24,Q06,做多,384,0.0004782563950935052,0.055186385793269066
时序加减修正后,2026-04-27,Q06,做多,296,0.00022732269838810238,0.05542625360979003
时序加减修正后,2026-04-28,Q06,做多,265,-0.0008065782745208433,0.054574969723269584
时序加减修正后,2026-04-29,Q06,做多,467,0.0017594799824022303,0.05643047327244033
时序加减修正后,2026-04-30,Q06,做多,318,0.004314437601528851,0.06098837662972789
时序加减修正后,2026-05-06,Q06,做多,266,0.0007239763305726666,0.061756507101420555
时序加减修正后,2026-05-07,Q06,做多,229,0.0009578101965547925,0.06277346831018082
时序加减修正后,2026-05-08,Q06,做多,252,0.0005258042121625742,0.06333227907639283
时序加减修正后,2026-05-11,Q06,做多,172,0.00043957877372566485,0.06379969737569224
时序加减修正后,2026-05-12,Q06,做多,254,-0.00033938732744220006,0.06343865723946607
时序加减修正后,2026-05-13,Q06,做多,248,0.0019304871335671418,0.06549161188460495
时序加减修正后,2026-05-14,Q06,做多,354,-0.0017008094924512269,0.06367941363698448
时序加减修正后,2026-05-15,Q06,做多,261,-0.0025509677817001854,0.060966001722738916
时序加减修正后,2026-05-18,Q06,做多,457,-0.0010618813239708016,0.059839381740141695
时序加减修正后,2026-05-19,Q06,做多,351,0.0006896934643123455,0.06057034603494871
时序加减修正后,2026-05-20,Q06,做多,102,-0.0004193613260890832,0.06012558384822464
时序加减修正后,2026-05-21,Q06,做多,502,-0.00262368971757623,0.05734414325454251
时序加减修正后,2026-05-22,Q06,做多,344,0.0012070570492036241,0.058620417956092075
时序加减修正后,2026-05-25,Q06,做多,236,0.00027369211624071624,0.05891015401857813
时序加减修正后,2026-05-26,Q06,做多,342,0.0010325645659220925,0.06000354712211298
时序加减修正后,2026-05-27,Q06,做多,304,-0.0030322697463912177,0.056789330435107255
时序加减修正后,2026-05-28,Q06,做多,141,0.0015681513459962488,0.058446536046063535
时序加减修正后,2026-05-29,Q06,做多,312,-0.0015834102916111685,0.0567705809077681
时序加减修正后,2026-06-01,Q06,做多,275,-0.0032945250158743214,0.053289023792927326
时序加减修正后,2026-06-02,Q06,做多,416,0.0018890747619654856,0.05527876550482991
时序加减修正后,2026-06-03,Q06,做多,290,-0.0023505497195934555,0.05279828029847966
时序加减修正后,2026-06-04,Q06,做多,380,-0.0005007969964265755,0.05227104208186306
时序加减修正后,2026-06-05,Q06,做多,326,-0.003278103376964773,0.048821588825332274
时序加减修正后,2026-06-08,Q06,做多,216,-0.0017850137003194875,0.04694942792008816
时序加减修正后,2026-06-09,Q06,做多,108,0.00011490009893788267,0.04706972251293906
时序加减修正后,2026-06-10,Q06,做多,239,-0.0005755232959927525,0.04646710949510413
时序加减修正后,2026-06-11,Q06,做多,511,0.00024989308298451764,0.046728614387337775
时序加减修正后,2026-06-12,Q06,做多,163,0.006099235817031725,0.05311285904292107
时序加减修正后,2026-06-15,Q06,做多,121,0.0015311859800525526,0.054725370688100794
时序加减修正后,2026-06-16,Q06,做多,225,-0.0005215353806852363,0.05417529409038058
时序加减修正后,2026-06-17,Q06,做多,232,0.0015931381538566397,0.05585474097224896
时序加减修正后,2026-06-18,Q06,做多,341,-0.00024601459401971874,0.055594985296804955
时序加减修正后,2026-06-22,Q06,做多,225,0.0012446506598563346,0.056908832291795663
时序加减修正后,2026-06-23,Q06,做多,242,-0.0037394669269522353,0.052956556668636745
时序加减修正后,2026-06-24,Q06,做多,255,0.0022915236080092763,0.055369431476451014
时序加减修正后,2026-06-25,Q06,做多,100,-0.0018023446750157746,0.05346729200145517
时序加减修正后,2026-06-26,Q06,做多,389,-0.002766682633549615,0.05055268233966226
时序加减修正后,2026-06-29,Q06,做多,284,0.0024404932978861426,0.05311654911998853
时序加减修正后,2026-06-30,Q06,做多,244,0.0026281728176504432,0.05588432140820365
时序加减修正后,2024-02-01,Q07,做多,240,0.00003683153301305235,0.00003683153301303754
时序加减修正后,2024-02-02,Q07,做多,225,-0.005556616961516233,-0.005519990087224258
时序加减修正后,2024-02-05,Q07,做多,177,-0.004335175968899318,-0.009831235927748927
时序加减修正后,2024-02-06,Q07,做多,214,0.006661779986380025,-0.0032349494721137795
时序加减修正后,2024-02-07,Q07,做多,197,0.00758776681341537,0.004328271299053998
时序加减修正后,2024-02-08,Q07,做多,318,-0.0013219661548348955,0.003000583316052685
时序加减修正后,2024-02-19,Q07,做多,296,-0.0009697112407814751,0.0020279623759007492
时序加减修正后,2024-02-20,Q07,做多,325,0.0009687646116295722,0.0029986916057138657
时序加减修正后,2024-02-21,Q07,做多,176,-0.00034283976343762004,0.00265482377155557
时序加减修正后,2024-02-22,Q07,做多,88,0.0025606164391237226,0.0052222381960715936
时序加减修正后,2024-02-23,Q07,做多,312,0.0009645599736872193,0.00619183533169565
时序加减修正后,2024-02-26,Q07,做多,373,-0.0003013887081230334,0.00588858047432117
时序加减修正后,2024-02-27,Q07,做多,284,0.0018526433447386551,0.007752133258485339
时序加减修正后,2024-02-28,Q07,做多,239,-0.003690648865623002,0.004032873991045793
时序加减修正后,2024-02-29,Q07,做多,409,0.0019122589225704328,0.005952844812889158
时序加减修正后,2024-03-01,Q07,做多,375,0.0008455857566926473,0.0068034642103673715
时序加减修正后,2024-03-04,Q07,做多,198,0.0015504305964060049,0.00836444310584672
时序加减修正后,2024-03-05,Q07,做多,237,-0.000092035688004036,0.008271637590566705
时序加减修正后,2024-03-06,Q07,做多,233,-0.0011360564000508348,0.00712618414369226
时序加减修正后,2024-03-07,Q07,做多,263,-0.0001253057685529082,0.006999985423158384
时序加减修正后,2024-03-08,Q07,做多,289,0.0006858177935525534,0.007690603931268747
时序加减修正后,2024-03-11,Q07,做多,470,0.0014511552564533516,0.009152919448042196
时序加减修正后,2024-03-12,Q07,做多,322,0.0003148757375767549,0.009470677217881196
时序加减修正后,2024-03-13,Q07,做多,302,-0.00031076356038506705,0.00915697051612474
时序加减修正后,2024-03-14,Q07,做多,375,-0.0005212204604758881,0.008630977255259964
时序加减修正后,2024-03-15,Q07,做多,333,0.0005330495462715647,0.00916862754004133
时序加减修正后,2024-03-18,Q07,做多,257,0.0008037164564410239,0.009979712973319232
时序加减修正后,2024-03-19,Q07,做多,242,-0.0012227816129351528,0.008744728350857933
时序加减修正后,2024-03-20,Q07,做多,322,0.00030341415345133357,0.009050795778658971
时序加减修正后,2024-03-21,Q07,做多,393,-0.0012206724484518654,0.0078190752731635
时序加减修正后,2024-03-22,Q07,做多,302,-0.003493072555368641,0.004298690120549731
时序加减修正后,2024-03-25,Q07,做多,268,0.0006082008155195282,0.004909505402906245
时序加减修正后,2024-03-26,Q07,做多,465,0.00014877263760139104,0.005059008440575941
时序加减修正后,2024-03-27,Q07,做多,187,-0.00145571957013002,0.0035959243728536094
时序加减修正后,2024-03-28,Q07,做多,486,0.0009010309223850965,0.004500195334293355
时序加减修正后,2024-03-29,Q07,做多,503,0.0014382182462665712,0.005944885843601533
时序加减修正后,2024-04-01,Q07,做多,234,-0.000318429572669427,0.005624563243473268
时序加减修正后,2024-04-02,Q07,做多,250,-0.00009099281569069717,0.005533058632936072
时序加减修正后,2024-04-03,Q07,做多,364,-0.0007468833093078721,0.004782042774485795
时序加减修正后,2024-04-08,Q07,做多,238,-0.0015407499733341597,0.003233924868874416
时序加减修正后,2024-04-09,Q07,做多,90,-0.002038304883980244,0.0011890282600395263
时序加减修正后,2024-04-10,Q07,做多,337,-0.0006978873643674888,0.0004903110878735628
时序加减修正后,2024-04-11,Q07,做多,430,0.0006930208160304383,0.0011836716996942442
时序加减修正后,2024-04-12,Q07,做多,315,-0.0023266181166584987,-0.00114570036898487
时序加减修正后,2024-04-15,Q07,做多,439,0.0012186510982841136,0.00007155452028628773
时序加减修正后,2024-04-16,Q07,做多,281,-0.0012040135347710266,-0.001132545167095711
时序加减修正后,2024-04-17,Q07,做多,220,0.002331316167560131,0.001196130679606
时序加减修正后,2024-04-18,Q07,做多,265,0.000202156781363916,0.0013985292668980964
时序加减修正后,2024-04-19,Q07,做多,399,-0.00043442080386101446,0.0009635009128288186
时序加减修正后,2024-04-22,Q07,做多,241,-0.0005512803860761793,0.00041168936759738983
时序加减修正后,2024-04-23,Q07,做多,372,-0.00024143213239992577,0.00017015784015561586
时序加减修正后,2024-04-24,Q07,做多,138,0.0010048212885601022,0.0011751501069359183
时序加减修正后,2024-04-25,Q07,做多,153,0.0010462356038652954,0.00222261519468292
时序加减修正后,2024-04-26,Q07,做多,399,0.0021782072536988104,0.0044056637649210195
时序加减修正后,2024-04-29,Q07,做多,306,0.0017582505926981742,0.006171660618544905
时序加减修正后,2024-04-30,Q07,做多,187,-0.0010711477168995694,0.005093902141464435
时序加减修正后,2024-05-06,Q07,做多,129,-0.0010785865546100368,0.004009821372494171
时序加减修正后,2024-05-07,Q07,做多,232,-0.0003438276160303413,0.00366461506914062
时序加减修正后,2024-05-08,Q07,做多,324,-0.0010979555674095064,0.002562635917213507
时序加减修正后,2024-05-09,Q07,做多,154,0.0002708274536322373,0.0028341574030057437
时序加减修正后,2024-05-10,Q07,做多,416,-0.00024815549556059035,0.002585298595710439
时序加减修正后,2024-05-13,Q07,做多,457,0.0011403480408735767,0.0037285947767726757
时序加减修正后,2024-05-14,Q07,做多,260,-0.0011506353077073493,0.002573669216267005
时序加减修正后,2024-05-15,Q07,做多,207,-0.00035652667141304655,0.002216224963135005
时序加减修正后,2024-05-16,Q07,做多,216,-0.001341985784855987,0.0008712650358824181
时序加减修正后,2024-05-17,Q07,做多,243,0.001433963191491545,0.0023064775893653078
时序加减修正后,2024-05-20,Q07,做多,229,0.00019262168759733792,0.002499543554568273
时序加减修正后,2024-05-21,Q07,做多,576,-0.0004939295471204888,0.0020043794090318645
时序加减修正后,2024-05-22,Q07,做多,177,-0.002887097218787195,-0.0008885046479725212
时序加减修正后,2024-05-23,Q07,做多,325,-0.0016195442281493272,-0.002506609903547563
时序加减修正后,2024-05-24,Q07,做多,231,-0.0008363185435284314,-0.0033408321227321736
时序加减修正后,2024-05-27,Q07,做多,463,0.0005731864778408439,-0.0027695605646888
时序加减修正后,2024-05-28,Q07,做多,333,-0.0006191916635961625,-0.0033870373394714326
时序加减修正后,2024-05-29,Q07,做多,558,-0.0005958684870103661,-0.0039808875976667935
时序加减修正后,2024-05-30,Q07,做多,542,-0.0011149982759842115,-0.005091447190842646
时序加减修正后,2024-05-31,Q07,做多,440,-0.001168467764513149,-0.006253965763438618
时序加减修正后,2024-06-03,Q07,做多,635,-0.0009088723705043397,-0.0071571540772544795
时序加减修正后,2024-06-04,Q07,做多,170,0.0021903990557749398,-0.004982432045012364
时序加减修正后,2024-06-05,Q07,做多,247,-0.0006947230297515003,-0.005673693664478008
时序加减修正后,2024-06-06,Q07,做多,435,-0.001949000350594716,-0.007611635984131504
时序加减修正后,2024-06-07,Q07,做多,164,-0.0012927127331417202,-0.00889450905851652
时序加减修正后,2024-06-11,Q07,做多,378,0.0007801659518374541,-0.00812128229980491
时序加减修正后,2024-06-12,Q07,做多,174,-0.0001852891998806762,-0.00830506671378628
时序加减修正后,2024-06-13,Q07,做多,482,-0.0005777369300389582,-0.008878005500078223
时序加减修正后,2024-06-14,Q07,做多,322,0.00023146221662630393,-0.008648598206284053
时序加减修正后,2024-06-17,Q07,做多,247,0.0010806164245141447,-0.0075773275990407285
时序加减修正后,2024-06-18,Q07,做多,565,-0.00022621319653204667,-0.007801826704075476
时序加减修正后,2024-06-19,Q07,做多,313,-0.0006618010508149085,-0.008458464497779317
时序加减修正后,2024-06-20,Q07,做多,220,-0.002428953937454604,-0.010866873214587236
时序加减修正后,2024-06-21,Q07,做多,242,-0.0019053948368715538,-0.012751562367342761
时序加减修正后,2024-06-24,Q07,做多,283,-0.0012846608066348468,-0.014019841741580885
时序加减修正后,2024-06-25,Q07,做多,413,-0.0008013590416518242,-0.014809965856290574
时序加减修正后,2024-06-26,Q07,做多,395,0.0007919786085615589,-0.014029716423880734
时序加减修正后,2024-06-27,Q07,做多,401,0.00001583863585372165,-0.014014099999596574
时序加减修正后,2024-06-28,Q07,做多,484,-0.0004773578046763211,-0.014484768064262576
时序加减修正后,2024-07-01,Q07,做多,572,0.0010783975531394009,-0.013421990849561416
时序加减修正后,2024-07-02,Q07,做多,133,-0.0007014738784937094,-0.014114049552076846
时序加减修正后,2024-07-03,Q07,做多,276,0.0007864071214657008,-0.013338741819691746
时序加减修正后,2024-07-04,Q07,做多,422,-0.0019287361200617226,-0.015241751026609629
时序加减修正后,2024-07-05,Q07,做多,272,-0.0015700749107268434,-0.016787895246453965
时序加减修正后,2024-07-08,Q07,做多,256,-0.001208307439853229,-0.01797591774758145
时序加减修正后,2024-07-09,Q07,做多,322,0.0014302618341649317,-0.0165713661825051
时序加减修正后,2024-07-10,Q07,做多,205,0.0022257311407174268,-0.014382518447544235
时序加减修正后,2024-07-11,Q07,做多,232,-0.000036314190216718744,-0.014418310348250252
时序加减修正后,2024-07-12,Q07,做多,307,-0.00010382575993043149,-0.014520639116151868
时序加减修正后,2024-07-15,Q07,做多,344,-0.00022740022521163135,-0.01474473734475823
时序加减修正后,2024-07-16,Q07,做多,185,0.0006894088915794634,-0.014065493606208235
时序加减修正后,2024-07-17,Q07,做多,136,-0.0026824042492722476,-0.016710168515663093
时序加减修正后,2024-07-18,Q07,做多,370,0.000046032880089950525,-0.016664904852756734
时序加减修正后,2024-07-19,Q07,做多,306,0.00157940625428512,-0.015111819253423198
时序加减修正后,2024-07-22,Q07,做多,402,0.0003206431728860697,-0.014796021582210495
时序加减修正后,2024-07-23,Q07,做多,552,-0.0020209058368667343,-0.016787026052699328
时序加减修正后,2024-07-24,Q07,做多,299,-0.0020383811044368703,-0.018791188800430736
时序加减修正后,2024-07-25,Q07,做多,136,-0.0008194839443229499,-0.019595273667237012
时序加减修正后,2024-07-26,Q07,做多,94,-0.0012549023562546898,-0.020825585868395224
时序加减修正后,2024-07-29,Q07,做多,414,-0.0006329566847782831,-0.021445360859383644
时序加减修正后,2024-07-30,Q07,做多,361,0.0011426601130831368,-0.0203272055047653
时序加减修正后,2024-07-31,Q07,做多,368,0.0026578065654061706,-0.017723424719606085
时序加减修正后,2024-08-01,Q07,做多,210,-0.00033868340760818684,-0.018056105497335828
时序加减修正后,2024-08-02,Q07,做多,216,-0.0003001924628060132,-0.01835087765336385
时序加减修正后,2024-08-05,Q07,做多,223,-0.0004022259030200336,-0.01874572235804861
时序加减修正后,2024-08-06,Q07,做多,102,0.0006617619301145097,-0.018096365633343048
时序加减修正后,2024-08-07,Q07,做多,67,-0.0022351211530926163,-0.02029103921681452
时序加减修正后,2024-08-08,Q07,做多,388,0.0012263310932352977,-0.019089591655884974
时序加减修正后,2024-08-09,Q07,做多,340,-0.0018315480574849917,-0.020886176208854468
时序加减修正后,2024-08-12,Q07,做多,233,0.0003266454376363997,-0.02056635314538624
时序加减修正后,2024-08-13,Q07,做多,296,0.00011520873479369313,-0.020453513834117643
时序加减修正后,2024-08-14,Q07,做多,52,0.0009643887196244367,-0.019508850252511478
时序加减修正后,2024-08-15,Q07,做多,258,0.0017651064215671738,-0.017778179027802432
时序加减修正后,2024-08-16,Q07,做多,137,0.001357777806320338,-0.0164445400384029
时序加减修正后,2024-08-19,Q07,做多,515,-0.0009795855871911469,-0.017408016791184422
时序加减修正后,2024-08-20,Q07,做多,499,-0.0015018443611811171,-0.018883717020508395
时序加减修正后,2024-08-21,Q07,做多,59,-0.0007419528186092374,-0.01961165901204842
时序加减修正后,2024-08-22,Q07,做多,226,-1.9842463937501498e-6,-0.01961360434407855
时序加减修正后,2024-08-23,Q07,做多,318,0.001092966382522901,-0.01854207497174376
时序加减修正后,2024-08-26,Q07,做多,568,0.000014047336912561048,-0.01852828810160534
时序加减修正后,2024-08-27,Q07,做多,700,-0.0004831322011991038,-0.01900246869018951
时序加减修正后,2024-08-28,Q07,做多,402,-0.000013938142086346796,-0.019016141973167255
时序加减修正后,2024-08-29,Q07,做多,369,0.0015722354300219824,-0.017473804395297776
时序加减修正后,2024-08-30,Q07,做多,277,0.0008568832450127103,-0.01663189416049804
时序加减修正后,2024-09-02,Q07,做多,244,-0.002835072234522725,-0.01941981377367885
时序加减修正后,2024-09-03,Q07,做多,319,-0.0001565341704136759,-0.01957330807965396
时序加减修正后,2024-09-04,Q07,做多,193,0.0009556864129858625,-0.018636327611256998
时序加减修正后,2024-09-05,Q07,做多,33,-0.00022164879236229217,-0.018853845684110193
时序加减修正后,2024-09-06,Q07,做多,309,-0.0022693619917892446,-0.021080421475104916
时序加减修正后,2024-09-09,Q07,做多,377,-0.0012477285566741127,-0.02230184738791785
时序加减修正后,2024-09-10,Q07,做多,217,-0.000995512715444797,-0.023275158330710144
时序加减修正后,2024-09-11,Q07,做多,105,0.0022172729479886283,-0.02110949276164842
时序加减修正后,2024-09-12,Q07,做多,364,-0.0003475035064552885,-0.02144966064534959
时序加减修正后,2024-09-13,Q07,做多,660,-0.0007377112518263334,-0.022171548241169958
时序加减修正后,2024-09-18,Q07,做多,482,-0.0005117075468291078,-0.02267191043943917
时序加减修正后,2024-09-19,Q07,做多,159,0.0004547111261586597,-0.022227508483208647
时序加减修正后,2024-09-20,Q07,做多,349,0.0021796883728813325,-0.020096269152126367
时序加减修正后,2024-09-23,Q07,做多,358,0.0003275084373503455,-0.019775342412482577
时序加减修正后,2024-09-24,Q07,做多,385,0.009860827699216694,-0.010109515957488324
时序加减修正后,2024-09-25,Q07,做多,249,-0.001214248417651895,-0.01131148891138567
时序加减修正后,2024-09-26,Q07,做多,97,0.00865004278460491,-0.00275929098982175
时序加减修正后,2024-09-27,Q07,做多,203,0.012651480953415553,0.009857280846191196
时序加减修正后,2024-09-30,Q07,做多,240,0.016980778904811207,0.02700544405765437
时序加减修正后,2024-10-08,Q07,做多,293,-0.017229234160749726,0.009310926777620354
时序加减修正后,2024-10-09,Q07,做多,182,-0.0033497668789625474,0.005929970464525702
时序加减修正后,2024-10-10,Q07,做多,131,-0.003980621671413413,0.0019257438241704339
时序加减修正后,2024-10-11,Q07,做多,130,-0.0016338184520673866,0.00028877905630930734
时序加减修正后,2024-10-14,Q07,做多,206,0.002124077469912681,0.0024134699153093297
时序加减修正后,2024-10-15,Q07,做多,54,0.0013488335292398308,0.003765558813692671
时序加减修正后,2024-10-16,Q07,做多,329,0.0018941851542857624,0.005666876633581008
时序加减修正后,2024-10-17,Q07,做多,176,0.000701239515819907,0.006372089987227714
时序加减修正后,2024-10-18,Q07,做多,177,0.004856251694668494,0.01125928615469518
时序加减修正后,2024-10-21,Q07,做多,156,0.0013559644025801204,0.012630517748499326
时序加减修正后,2024-10-22,Q07,做多,256,0.0015847279762652988,0.014235261659595322
时序加减修正后,2024-10-23,Q07,做多,121,-0.0031279213921648493,0.01106281348796223
时序加减修正后,2024-10-24,Q07,做多,249,-0.0010946334521606449,0.00995607031008272
时序加减修正后,2024-10-25,Q07,做多,293,-0.0007726882916330654,0.009175689079490512
时序加减修正后,2024-10-28,Q07,做多,563,0.0008598553093948313,0.010043434153857778
时序加减修正后,2024-10-29,Q07,做多,189,-0.002041018601356348,0.007981916716572002
时序加减修正后,2024-10-30,Q07,做多,325,-0.000045306785435129245,0.007936248296148918
时序加减修正后,2024-10-31,Q07,做多,351,0.0005172289532691869,0.00845758210681713
时序加减修正后,2024-11-01,Q07,做多,410,-0.0004858669219662793,0.007967605925465415
时序加减修正后,2024-11-04,Q07,做多,544,0.0014690877500243005,0.009448398787751833
时序加减修正后,2024-11-05,Q07,做多,361,0.0033092388023299533,0.012788904597970108
时序加减修正后,2024-11-06,Q07,做多,98,-0.0026387432774253265,0.010116414684511188
时序加减修正后,2024-11-07,Q07,做多,139,0.003726229769009812,0.013880340539073943
时序加减修正后,2024-11-08,Q07,做多,219,-0.0033960532109714517,0.010437148953045261
时序加减修正后,2024-11-11,Q07,做多,403,0.0013357266649768067,0.011786816796184985
时序加减修正后,2024-11-12,Q07,做多,264,-0.0014002651952675176,0.010370046931594823
时序加减修正后,2024-11-13,Q07,做多,243,0.0006580000663384098,0.011034870489502024
时序加减修正后,2024-11-14,Q07,做多,131,-0.0023413916121886595,0.008667641924107627
时序加减修正后,2024-11-15,Q07,做多,148,0.0016233413655484313,0.010305053831333177
时序加减修正后,2024-11-18,Q07,做多,385,-0.0026131004256188003,0.007665025265161773
时序加减修正后,2024-11-19,Q07,做多,338,0.0022825964984136836,0.00996511792340593
时序加减修正后,2024-11-20,Q07,做多,144,-0.0007934211828594723,0.009163790204896216
时序加减修正后,2024-11-21,Q07,做多,111,0.0014829697267470675,0.010660349555099424
时序加减修正后,2024-11-22,Q07,做多,355,-0.003187081700336011,0.007439292449777257
时序加减修正后,2024-11-25,Q07,做多,410,-0.0008044651806568897,0.00662884261737573
时序加减修正后,2024-11-26,Q07,做多,69,0.0011837438197698498,0.00782043328862625
时序加减修正后,2024-11-27,Q07,做多,494,0.0032599626800897514,0.011105890289379028
时序加减修正后,2024-11-28,Q07,做多,217,0.0006049882854878997,0.011717597508391853
时序加减修正后,2024-11-29,Q07,做多,207,0.0003591210306387289,0.012080926574724371
时序加减修正后,2024-12-02,Q07,做多,305,0.000588255810153434,0.012676289060127521
时序加减修正后,2024-12-03,Q07,做多,291,0.001175718448172132,0.013866911255202119
时序加减修正后,2024-12-04,Q07,做多,237,-0.0006127733508083686,0.013245640630718647
时序加减修正后,2024-12-05,Q07,做多,135,-0.000660721662710852,0.012576167286306728
时序加减修正后,2024-12-06,Q07,做多,293,0.0004902915725790031,0.013072624847721537
时序加减修正后,2024-12-09,Q07,做多,352,0.00526294539283547,0.018404370751271548
时序加减修正后,2024-12-10,Q07,做多,148,-0.0023785779172809467,0.015982016604140226
时序加减修正后,2024-12-11,Q07,做多,349,0.00008195182827253289,0.01606527818789316
时序加减修正后,2024-12-12,Q07,做多,195,-0.0017049628688628451,0.014332924616242027
时序加减修正后,2024-12-13,Q07,做多,198,-0.0017828226739242602,0.01252454887932819
时序加减修正后,2024-12-16,Q07,做多,82,-0.0005302611429126445,0.011987646454812317
时序加减修正后,2024-12-17,Q07,做多,281,-0.0020869882216670234,0.009875640156188581
时序加减修正后,2024-12-18,Q07,做多,62,-0.00010891566606944488,0.009765648878193645
时序加减修正后,2024-12-19,Q07,做多,327,0.0006666063818556722,0.010438765103914394
时序加减修正后,2024-12-20,Q07,做多,328,-0.00029967149997147074,0.010135965403546443
时序加减修正后,2024-12-23,Q07,做多,488,-0.0011880723656878351,0.008935850777463061
时序加减修正后,2024-12-24,Q07,做多,473,0.0006101973510626532,0.009551500760999643
时序加减修正后,2024-12-25,Q07,做多,311,0.0003654777574177174,0.009920469379495644
时序加减修正后,2024-12-26,Q07,做多,359,0.0004855599870191385,0.010410846349497849
时序加减修正后,2024-12-27,Q07,做多,392,0.0001621012691021879,0.010574635230005791
时序加减修正后,2024-12-30,Q07,做多,350,-0.00020589091477242098,0.010366567093912593
时序加减修正后,2024-12-31,Q07,做多,386,-0.002850235727020534,0.007486784206994335
时序加减修正后,2025-01-02,Q07,做多,229,-0.003939123713987367,0.003518169123795545
时序加减修正后,2025-01-03,Q07,做多,165,-0.0016473521887250668,0.0018650212714641512
时序加减修正后,2025-01-06,Q07,做多,13,-0.0025637793206932167,-0.0007035395521974852
时序加减修正后,2025-01-07,Q07,做多,182,0.0014294285462041203,0.0007248833344875028
时序加减修正后,2025-01-08,Q07,做多,313,-0.0003587840302075005,0.0003658392277157141
时序加减修正后,2025-01-09,Q07,做多,224,0.0013602155931136753,0.0017265524410514654
时序加减修正后,2025-01-10,Q07,做多,419,-0.001424995043426755,0.0002990970689540351
时序加减修正后,2025-01-13,Q07,做多,430,0.00022199776601980353,0.0005211612338549276
时序加减修正后,2025-01-14,Q07,做多,215,0.0028416405206540775,0.003364282707388977
时序加减修正后,2025-01-15,Q07,做多,144,0.004147206378724554,0.007525441460817239
时序加减修正后,2025-01-16,Q07,做多,209,-0.001085157025212254,0.006432118149935828
时序加减修正后,2025-01-17,Q07,做多,148,0.002339477711732773,0.008786643658719617
时序加减修正后,2025-01-20,Q07,做多,397,-0.00002200145912045843,0.008764448880618003
时序加减修正后,2025-01-21,Q07,做多,452,0.0006724797207007053,0.009442822515454141
时序加减修正后,2025-01-22,Q07,做多,279,0.00331520753223159,0.012789334964014465
时序加减修正后,2025-01-23,Q07,做多,220,-0.0026977902541561473,0.010057041766635244
时序加减修正后,2025-01-24,Q07,做多,364,0.0012632626040203331,0.011333009055426446
时序加减修正后,2025-01-27,Q07,做多,454,-0.0004395540746024144,0.010888473510516139
时序加减修正后,2025-02-05,Q07,做多,372,-0.00045875232695169704,0.010424726071004642
时序加减修正后,2025-02-06,Q07,做多,134,0.001999187271598094,0.012444754322273877
时序加减修正后,2025-02-07,Q07,做多,210,0.002454221170392841,0.014929517672184867
时序加减修正后,2025-02-10,Q07,做多,435,-0.000024256840588768472,0.014904898688665735
时序加减修正后,2025-02-11,Q07,做多,414,-0.00014866723893954133,0.014754015579591329
时序加减修正后,2025-02-12,Q07,做多,154,0.0023198400349074646,0.01710808257051588
时序加减修正后,2025-02-13,Q07,做多,137,0.0007599042581447451,0.017880987333454668
时序加减修正后,2025-02-14,Q07,做多,332,0.000993897969095427,0.018892657179546024
时序加减修正后,2025-02-17,Q07,做多,396,-0.0010190154054744382,0.01785438986535537
时序加减修正后,2025-02-18,Q07,做多,617,-0.0014422299640474035,0.016386409765254406
时序加减修正后,2025-02-19,Q07,做多,407,0.0014240077031857543,0.017833751842173395
时序加减修正后,2025-02-20,Q07,做多,193,0.0010746958301525679,0.018927613531066756
时序加减修正后,2025-02-21,Q07,做多,334,0.00016965262585869937,0.019100477276262406
时序加减修正后,2025-02-24,Q07,做多,278,-0.0017221947854647343,0.01734538774843264
时序加减修正后,2025-02-25,Q07,做多,228,-0.001206729709066853,0.0161177268446544
时序加减修正后,2025-02-26,Q07,做多,331,0.0007036549704110853,0.016832723133671568
时序加减修正后,2025-02-27,Q07,做多,278,0.000723829237954011,0.0175687363887842
时序加减修正后,2025-02-28,Q07,做多,351,-0.002165379105424349,0.015365314308674938
时序加减修正后,2025-03-03,Q07,做多,441,-0.0007286312988372688,0.014625487360915956
时序加减修正后,2025-03-04,Q07,做多,282,0.0005443200027247716,0.015177768308960893
时序加减修正后,2025-03-05,Q07,做多,17,0.0005540964797118624,0.01574027473666262
时序加减修正后,2025-03-06,Q07,做多,240,0.0003231663799851958,0.0160685278442545
时序加减修正后,2025-03-07,Q07,做多,273,-0.0005437777571264149,0.0155160123790965
时序加减修正后,2025-03-10,Q07,做多,392,-0.0009147729991368856,0.014587045750780847
时序加减修正后,2025-03-11,Q07,做多,241,0.002871285229923756,0.017500214549716953
时序加减修正后,2025-03-12,Q07,做多,127,-0.0005363891719380764,0.016954438452187803
时序加减修正后,2025-03-13,Q07,做多,467,0.00013363339663201513,0.01709033752801803
时序加减修正后,2025-03-14,Q07,做多,222,0.006302451275824988,0.023500499823400745
时序加减修正后,2025-03-17,Q07,做多,131,0.0008161420028184394,0.02433582157121239
时序加减修正后,2025-03-18,Q07,做多,212,-0.000019903658505667545,0.02431543354082466
时序加减修正后,2025-03-19,Q07,做多,400,-0.0004062009864355787,0.023899355601299188
时序加减修正后,2025-03-20,Q07,做多,364,-0.00043492674864195336,0.023454034383630917
时序加减修正后,2025-03-21,Q07,做多,196,-0.002202918410835175,0.02119944864864376
时序加减修正后,2025-03-24,Q07,做多,229,0.00011716173968049616,0.021319094152608242
时序加减修正后,2025-03-25,Q07,做多,385,-0.00026894998865189976,0.021044410393825874
时序加减修正后,2025-03-26,Q07,做多,213,-0.0008688943341777205,0.020157230690690975
时序加减修正后,2025-03-27,Q07,做多,346,0.002022687361441163,0.022220689827891826
时序加减修正后,2025-03-28,Q07,做多,505,-0.000865026430364025,0.021336441913525794
时序加减修正后,2025-03-31,Q07,做多,257,-0.0015158037932815913,0.01978829626065659
时序加减修正后,2025-04-01,Q07,做多,246,0.0006412723470294452,0.020442258294872895
时序加减修正后,2025-04-02,Q07,做多,285,0.000016043751192659043,0.020458630016571444
时序加减修正后,2025-04-03,Q07,做多,400,-0.010614384247865018,0.009627090008525574
时序加减修正后,2025-04-07,Q07,做多,87,-0.0015781569453866232,0.008033740004178114
时序加减修正后,2025-04-08,Q07,做多,259,0.0012724597633105674,0.009316422378392808
时序加减修正后,2025-04-09,Q07,做多,263,0.004337300812938877,0.013694131317687042
时序加减修正后,2025-04-10,Q07,做多,301,-0.00006919598969862181,0.013623987749018962
时序加减修正后,2025-04-11,Q07,做多,315,0.002825141910660831,0.016487619358459993
时序加减修正后,2025-04-14,Q07,做多,127,-0.00006140685201082635,0.016425200053647115
时序加减修正后,2025-04-15,Q07,做多,378,0.0002335040307688932,0.016662539434834756
时序加减修正后,2025-04-16,Q07,做多,113,0.0014476222677974842,0.018134282765756238
时序加减修正后,2025-04-17,Q07,做多,278,-0.0010453961100119415,0.01706992914708305
时序加减修正后,2025-04-18,Q07,做多,405,0.0004953754257628505,0.01757376059626492
时序加减修正后,2025-04-21,Q07,做多,399,0.0009955927145852354,0.018586849618867696
时序加减修正后,2025-04-22,Q07,做多,257,0.0016036159567288503,0.020220271744230578
时序加减修正后,2025-04-23,Q07,做多,283,-0.0001583890441026417,0.02005868003061484
时序加减修正后,2025-04-24,Q07,做多,297,-0.00020597426767377905,0.01984857419101127
时序加减修正后,2025-04-25,Q07,做多,260,-0.0008353670887607642,0.01899662625661258
时序加减修正后,2025-04-28,Q07,做多,209,-0.00048464129812030666,0.01850277840888337
时序加减修正后,2025-04-29,Q07,做多,344,0.0003634330216385045,0.018872935951187664
时序加减修正后,2025-04-30,Q07,做多,197,-0.0006840089231884334,0.018176017771401876
时序加减修正后,2025-05-06,Q07,做多,343,0.0023907371013070274,0.0206102089527489
时序加减修正后,2025-05-07,Q07,做多,139,0.0008097257750509173,0.02143662334521812
时序加减修正后,2025-05-08,Q07,做多,405,-0.00026472481286525436,0.021166223726249322
时序加减修正后,2025-05-09,Q07,做多,366,0.0003930261531114595,0.02156756875884791
时序加减修正后,2025-05-12,Q07,做多,219,-0.0008549305903922009,0.020694199394163393
时序加减修正后,2025-05-13,Q07,做多,193,0.0002704015523186219,0.020970196690122345
时序加减修正后,2025-05-14,Q07,做多,220,0.0002915233947119718,0.021267833387761392
时序加减修正后,2025-05-15,Q07,做多,467,-0.0012079057522092292,0.02003423809726601
时序加减修正后,2025-05-16,Q07,做多,263,-0.0017677238769181907,0.018231099219307545
时序加减修正后,2025-05-19,Q07,做多,466,0.0007275273269071726,0.018971890169096284
时序加减修正后,2025-05-20,Q07,做多,195,0.0007071666063730402,0.019692473062656646
时序加减修正后,2025-05-21,Q07,做多,174,-0.00036779212216019025,0.019317438204038195
时序加减修正后,2025-05-22,Q07,做多,444,-0.0004657641400315386,0.01884267669401396
时序加减修正后,2025-05-23,Q07,做多,356,-0.0012964207161929337,0.017521827941406443
时序加减修正后,2025-05-26,Q07,做多,632,-0.0004831326042118304,0.0170302299708307
时序加减修正后,2025-05-27,Q07,做多,324,-0.0005079451282901214,0.01651363442019327
时序加减修正后,2025-05-28,Q07,做多,367,0.0008494226069745357,0.017377084081567684
时序加减修正后,2025-05-29,Q07,做多,275,0.00055058410572449,0.017937235733591406
时序加减修正后,2025-05-30,Q07,做多,610,0.00040249166854291763,0.018346946990073887
时序加减修正后,2025-06-03,Q07,做多,171,0.0017585968603191105,0.02013780873376625
时序加减修正后,2025-06-04,Q07,做多,292,0.00021362577361486892,0.020355736462350782
时序加减修正后,2025-06-05,Q07,做多,408,0.0009868209158323189,0.02136264484468131
时序加减修正后,2025-06-06,Q07,做多,549,0.00007613664742520813,0.021440407972264985
时序加减修正后,2025-06-09,Q07,做多,354,0.0005659288390182613,0.02201847055647521
时序加减修正后,2025-06-10,Q07,做多,577,0.00016664848210592916,0.022188788383277647
时序加减修正后,2025-06-11,Q07,做多,283,-0.0008951451133786702,0.02127378108440592
时序加减修正后,2025-06-12,Q07,做多,477,-0.0002734664994703442,0.020994496918491867
时序加减修正后,2025-06-13,Q07,做多,101,-0.002254698371069764,0.018692462289418676
时序加减修正后,2025-06-16,Q07,做多,62,0.000043012010146706033,0.018736278299942954
时序加减修正后,2025-06-17,Q07,做多,495,0.0001273544340169838,0.018866018882078395
时序加减修正后,2025-06-18,Q07,做多,492,0.00023831121125926356,0.019108826077149033
时序加减修正后,2025-06-19,Q07,做多,469,-0.0010738322496468668,0.018014474153807747
时序加减修正后,2025-06-20,Q07,做多,521,-0.00013550033928401233,0.01787653284716395
时序加减修正后,2025-06-23,Q07,做多,334,0.0013157549185847757,0.01921580890176955
时序加减修正后,2025-06-24,Q07,做多,219,0.0030948513264679586,0.0223701302999062
时序加减修正后,2025-06-25,Q07,做多,172,0.0023099160961316746,0.024731719520090234
时序加减修正后,2025-06-26,Q07,做多,170,0.0008272441427834565,0.025579422832987753
时序加减修正后,2025-06-27,Q07,做多,190,0.0004870232424429177,0.026078903848878676
时序加减修正后,2025-06-30,Q07,做多,436,-0.000313242721758714,0.025757492100297874
时序加减修正后,2025-07-01,Q07,做多,279,-0.0002530806677798385,0.025497892709216874
时序加减修正后,2025-07-02,Q07,做多,234,0.0010515076980334567,0.026576211637717728
时序加减修正后,2025-07-03,Q07,做多,192,-0.0004952540429599139,0.02606779561849759
时序加减修正后,2025-07-04,Q07,做多,370,0.0019988274056034956,0.028118728048387
时序加减修正后,2025-07-07,Q07,做多,637,0.00040777911758603156,0.028537973396084215
时序加减修正后,2025-07-08,Q07,做多,186,0.0010249966086434221,0.029592221330676294
时序加减修正后,2025-07-09,Q07,做多,83,-0.00009668105047305552,0.029492679273159128
时序加减修正后,2025-07-10,Q07,做多,279,0.0006731828105193437,0.030185716048401368
时序加减修正后,2025-07-11,Q07,做多,374,0.0012101869240742772,0.03143243333133139
时序加减修正后,2025-07-14,Q07,做多,203,0.0001542654348748938,0.03159154770420347
时序加减修正后,2025-07-15,Q07,做多,127,0.000466750509993175,0.032073043585199024
时序加减修正后,2025-07-16,Q07,做多,142,0.0011909915892188813,0.033302233899568545
时序加减修正后,2025-07-17,Q07,做多,170,0.0018480339343702379,0.03521181149227548
时序加减修正后,2025-07-18,Q07,做多,470,0.0004377333338197786,0.03566495820972948
时序加减修正后,2025-07-21,Q07,做多,270,0.0002944089984305686,0.03596986729278551
时序加减修正后,2025-07-22,Q07,做多,309,0.001468605593732324,0.0374912984348299
时序加减修正后,2025-07-23,Q07,做多,264,-0.0011755694820363494,0.036271655326511665
时序加减修正后,2025-07-24,Q07,做多,271,0.0010927565024731374,0.037404047916198335
时序加减修正后,2025-07-25,Q07,做多,439,-0.0006542559068150536,0.036725320190095445
时序加减修正后,2025-07-28,Q07,做多,450,0.0007830870449955303,0.03753716635755522
时序加减修正后,2025-07-29,Q07,做多,170,0.001083327031815048,0.03866115841638318
时序加减修正后,2025-07-30,Q07,做多,200,0.0010540553708051448,0.03975596478885879
时序加减修正后,2025-07-31,Q07,做多,479,-0.002036792660953945,0.037638197470593715
时序加减修正后,2025-08-01,Q07,做多,389,-0.0006049378628100796,0.03701049083704566
时序加减修正后,2025-08-04,Q07,做多,255,0.0018156352424257955,0.03889332363097475
时序加减修正后,2025-08-05,Q07,做多,121,0.0005229407221979407,0.03943660325592102
时序加减修正后,2025-08-06,Q07,做多,91,0.001272477177665748,0.04075926261119456
时序加减修正后,2025-08-07,Q07,做多,338,-0.0003616883591913667,0.04038283210118743
时序加减修正后,2025-08-08,Q07,做多,403,-0.00002839537333450384,0.04035329004225896
时序加减修正后,2025-08-11,Q07,做多,550,0.0006785956803254191,0.041059269290893985
时序加减修正后,2025-08-12,Q07,做多,267,0.0007923815297572184,0.04188418542726269
时序加减修正后,2025-08-13,Q07,做多,237,0.001179231345043336,0.04311280791662342
时序加减修正后,2025-08-14,Q07,做多,297,-0.0002739162967063687,0.042827082319231824
时序加减修正后,2025-08-15,Q07,做多,319,0.0022438984866642963,0.045167080431100626
时序加减修正后,2025-08-18,Q07,做多,270,0.0009118964764908284,0.046120164609090075
时序加减修正后,2025-08-19,Q07,做多,257,-0.0008177858515777798,0.04526466233942261
时序加减修正后,2025-08-20,Q07,做多,380,0.003942646464235478,0.04938577136458555
时序加减修正后,2025-08-21,Q07,做多,164,-0.0007140947209780101,0.048636410524984575
时序加减修正后,2025-08-22,Q07,做多,314,0.0015392753095546338,0.050250550660405624
时序加减修正后,2025-08-25,Q07,做多,235,-0.00009634173362196344,0.0501493677016176
时序加减修正后,2025-08-26,Q07,做多,173,0.0004307016536170843,0.05060166877083172
时序加减修正后,2025-08-27,Q07,做多,141,-0.002651677869699655,0.04781581157588266
时序加减修正后,2025-08-28,Q07,做多,179,0.0012776018126039147,0.04915450295602719
时序加减修正后,2025-08-29,Q07,做多,265,0.0006377317030850429,0.04982358204399673
时序加减修正后,2025-09-01,Q07,做多,181,0.0008612884569061581,0.05072778297699898
时序加减修正后,2025-09-02,Q07,做多,314,-0.0004423475747956849,0.05026299609042861
时序加减修正后,2025-09-03,Q07,做多,313,-0.0035814102925295116,0.0465015733863674
时序加减修正后,2025-09-04,Q07,做多,259,-0.002944165651780768,0.04342049939946868
时序加减修正后,2025-09-05,Q07,做多,47,0.004091948097722823,0.047690121927111306
时序加减修正后,2025-09-08,Q07,做多,217,-0.00008760395636599648,0.04759834012738495
时序加减修正后,2025-09-09,Q07,做多,437,0.0003684593223081489,0.04798433750183939
时序加减修正后,2025-09-10,Q07,做多,276,0.00007003781910089606,0.04805773603928998
时序加减修正后,2025-09-11,Q07,做多,163,0.005159886900138787,0.05346559542206819
时序加减修正后,2025-09-12,Q07,做多,281,-0.00001526009009952584,0.05344951944216536
时序加减修正后,2025-09-15,Q07,做多,162,0.0002480258091604754,0.05371080211163459
时序加减修正后,2025-09-16,Q07,做多,63,0.002951302303237811,0.05682062122885312
时序加减修正后,2025-09-17,Q07,做多,276,0.000713932332407727,0.05757511963990347
时序加减修正后,2025-09-18,Q07,做多,337,-0.001827896443517424,0.05564198183996116
时序加减修正后,2025-09-19,Q07,做多,385,0.0007176065137692993,0.05639951740233773
时序加减修正后,2025-09-22,Q07,做多,419,0.0005829819527897553,0.05701537925591915
时序加减修正后,2025-09-23,Q07,做多,210,0.0019979188758173093,0.05912721023416356
时序加减修正后,2025-09-24,Q07,做多,247,0.0012256999334457344,0.060425382385258075
时序加减修正后,2025-09-25,Q07,做多,132,0.0007491394115993788,0.06121978883226342
时序加减修正后,2025-09-26,Q07,做多,253,-0.0019359048174837053,0.05916536833065389
时序加减修正后,2025-09-29,Q07,做多,337,0.003000937290647715,0.062343857181439866
时序加减修正后,2025-09-30,Q07,做多,227,0.00130100051373949,0.0637259670854009
时序加减修正后,2025-10-09,Q07,做多,327,-0.0006453069959248634,0.06303953727709377
时序加减修正后,2025-10-10,Q07,做多,175,-0.004944934100411566,0.05778287681912664
时序加减修正后,2025-10-13,Q07,做多,427,0.0029406311638030033,0.06089342611123816
时序加减修正后,2025-10-14,Q07,做多,110,0.0006934128823393787,0.061629063279692975
时序加减修正后,2025-10-15,Q07,做多,117,0.0017252508172159418,0.06346063968869631
时序加减修正后,2025-10-16,Q07,做多,171,-0.001629382792206029,0.061727855222199146
时序加减修正后,2025-10-17,Q07,做多,347,-0.0014956531982791075,0.06013987855983394
时序加减修正后,2025-10-20,Q07,做多,483,-0.00038926014745834295,0.05972720835437939
时序加减修正后,2025-10-21,Q07,做多,402,0.001215501215139639,0.06101530806385069
时序加减修正后,2025-10-22,Q07,做多,283,0.0008005819362240112,0.06186473775354373
时序加减修正后,2025-10-23,Q07,做多,197,0.003805109949107784,0.06590524983177648
时序加减修正后,2025-10-24,Q07,做多,424,0.0017186749593816305,0.06773719449373572
时序加减修正后,2025-10-27,Q07,做多,193,0.0003418418490738063,0.06810219175062615
时序加减修正后,2025-10-28,Q07,做多,234,-0.0006627721145650089,0.06739428340242815
时序加减修正后,2025-10-29,Q07,做多,284,0.00046824030723143206,0.06789408042962553
时序加减修正后,2025-10-30,Q07,做多,221,-0.0013541806862179646,0.0664479588909812
时序加减修正后,2025-10-31,Q07,做多,315,-0.0010158122217814836,0.06536464802044573
时序加减修正后,2025-11-03,Q07,做多,374,0.0018369402595585038,0.06732165923350486
时序加减修正后,2025-11-04,Q07,做多,334,-0.0015888458897742551,0.06562584960216467
时序加减修正后,2025-11-05,Q07,做多,169,0.001915483904721597,0.0676670387655327
时序加减修正后,2025-11-06,Q07,做多,110,-0.0019163814522802237,0.06562098145523154
时序加减修正后,2025-11-07,Q07,做多,397,-2.9575048138121242e-6,0.06561782987604925
时序加减修正后,2025-11-10,Q07,做多,692,0.00021184656945657965,0.06584357735766022
时序加减修正后,2025-11-11,Q07,做多,237,-0.0004163764161192851,0.06539978522877643
时序加减修正后,2025-11-12,Q07,做多,281,0.0004979769143454476,0.06593032972636892
时序加减修正后,2025-11-13,Q07,做多,370,0.0009375931399739095,0.06692973869121066
时序加减修正后,2025-11-14,Q07,做多,284,-0.0014063649414182832,0.06542924611175871
时序加减修正后,2025-11-17,Q07,做多,471,-0.0003904427462532108,0.06501325699096827
时序加减修正后,2025-11-18,Q07,做多,332,0.0004457046698555505,0.06548793837306732
时序加减修正后,2025-11-19,Q07,做多,74,0.002024192352011498,0.06764469090908243
时序加减修正后,2025-11-20,Q07,做多,100,-0.0035776888686814344,0.06382499038271017
时序加减修正后,2025-11-21,Q07,做多,279,-0.0022490414175795146,0.061432403918283196
时序加减修正后,2025-11-24,Q07,做多,329,0.0009019161725325133,0.06238972696942713
时序加减修正后,2025-11-25,Q07,做多,238,0.0010479253767453967,0.06350303212431219
时序加减修正后,2025-11-26,Q07,做多,96,-0.00033080330746315667,0.0631512218037884
时序加减修正后,2025-11-27,Q07,做多,349,-0.0007459903403167295,0.06235812126202678
时序加减修正后,2025-11-28,Q07,做多,238,0.000974262486491499,0.06339313692679194
时序加减修正后,2025-12-01,Q07,做多,275,-0.0010763773197488098,0.0622485246722273
时序加减修正后,2025-12-02,Q07,做多,529,-0.0003301450800006929,0.06189782854806869
时序加减修正后,2025-12-03,Q07,做多,351,-0.0007452223258158669,0.06110647857849938
时序加减修正后,2025-12-04,Q07,做多,128,0.0023634110493730986,0.06361430935453316
时序加减修正后,2025-12-05,Q07,做多,163,0.005599280081836127,0.06956978377165779
时序加减修正后,2025-12-08,Q07,做多,311,0.000031880194667900445,0.06960388186457545
时序加减修正后,2025-12-09,Q07,做多,45,-0.0013467160667965396,0.06816342913176032
时序加减修正后,2025-12-10,Q07,做多,93,-0.00004648153926903052,0.06811377925138351
时序加减修正后,2025-12-11,Q07,做多,115,-0.00045231731757825323,0.06763065289188419
时序加减修正后,2025-12-12,Q07,做多,278,-0.000214048922126828,0.06740212770140319
时序加减修正后,2025-12-15,Q07,做多,274,-0.0005219151070092386,0.06684503440570189
时序加减修正后,2025-12-16,Q07,做多,227,-0.002178624337669852,0.06452077984922355
时序加减修正后,2025-12-17,Q07,做多,81,0.002051928760695852,0.06670510065375468
时序加减修正后,2025-12-18,Q07,做多,165,0.00021477474563818595,0.06693420197041866
时序加减修正后,2025-12-19,Q07,做多,481,0.0014034503225944215,0.06843159112036101
时序加减修正后,2025-12-22,Q07,做多,424,0.00003607495507839183,0.06847013474201491
时序加减修正后,2025-12-23,Q07,做多,274,-0.00033066995716036633,0.06811682376833272
时序加减修正后,2025-12-24,Q07,做多,257,0.0005274739525724132,0.06868022757117487
时序加减修正后,2025-12-25,Q07,做多,133,0.001096904651337142,0.06985246788358968
时序加减修正后,2025-12-26,Q07,做多,395,-0.00026482648309762296,0.0695691426170868
时序加减修正后,2025-12-29,Q07,做多,373,-0.000559855292434336,0.06897033867196822
时序加减修正后,2025-12-30,Q07,做多,270,0.00035625213301197317,0.06935116163524668
时序加减修正后,2025-12-31,Q07,做多,342,-0.00046006346682806696,0.06885919223256809
时序加减修正后,2026-01-05,Q07,做多,398,0.003442608654648522,0.07253885613834865
时序加减修正后,2026-01-06,Q07,做多,352,0.001105693356635129,0.07372475522631383
时序加减修正后,2026-01-07,Q07,做多,135,-0.00016424437694863796,0.07354840197287738
时序加减修正后,2026-01-08,Q07,做多,222,-0.0005315500572766912,0.07297775725831945
时序加减修正后,2026-01-09,Q07,做多,244,0.0007381975017063373,0.07376982675811394
时序加减修正后,2026-01-12,Q07,做多,291,0.0011734444303807116,0.07502983598083413
时序加减修正后,2026-01-13,Q07,做多,231,-0.00022210582707266754,0.07479106558998572
时序加减修正后,2026-01-14,Q07,做多,184,-0.005195866775387042,0.06920659440180388
时序加减修正后,2026-01-15,Q07,做多,219,0.00146177771981855,0.07076953677938347
时序加减修正后,2026-01-16,Q07,做多,69,0.0014003473088846279,0.07226898601864806
时序加减修正后,2026-01-19,Q07,做多,561,-0.0003102999988562758,0.0719362609535128
时序加减修正后,2026-01-20,Q07,做多,393,0.0010744465341949692,0.07308799915397213
时序加减修正后,2026-01-21,Q07,做多,229,0.00025821172131030256,0.07336508305335121
时序加减修正后,2026-01-22,Q07,做多,297,0.0004308425889909816,0.07382753444466639
时序加减修正后,2026-01-23,Q07,做多,497,0.0007271787558906368,0.0746083990152051
时序加减修正后,2026-01-26,Q07,做多,353,-0.0012557196010525961,0.0732589921851059
时序加减修正后,2026-01-27,Q07,做多,369,0.0009194765344597645,0.07424582864381812
时序加减修正后,2026-01-28,Q07,做多,143,0.00043824192808305607,0.0747166082069981
时序加减修正后,2026-01-29,Q07,做多,266,-0.0005999685205657935,0.07407181207354463
时序加减修正后,2026-01-30,Q07,做多,340,-0.0003272165582422852,0.0737203579918928
时序加减修正后,2026-02-02,Q07,做多,256,-0.004128166869001859,0.06928786118345776
时序加减修正后,2026-02-03,Q07,做多,348,0.000284394326323915,0.06959196058438555
时序加减修正后,2026-02-04,Q07,做多,72,-0.002097547527733291,0.06734844061177836
时序加减修正后,2026-02-05,Q07,做多,313,-0.0020661173477068175,0.06514317348258247
时序加减修正后,2026-02-06,Q07,做多,408,0.0013934531090194022,0.06662740054922267
时序加减修正后,2026-02-09,Q07,做多,332,0.0008134880449962297,0.06749508918803482
时序加减修正后,2026-02-10,Q07,做多,385,0.0005712192362960951,0.06810486291763063
时序加减修正后,2026-02-11,Q07,做多,248,-0.00004098935658241258,0.06806108198653704
时序加减修正后,2026-02-12,Q07,做多,288,0.0001418170140065437,0.06821255121996095
时序加减修正后,2026-02-13,Q07,做多,321,-0.000670685294914118,0.06749611677001499
时序加减修正后,2026-02-24,Q07,做多,95,0.0009978769471145872,0.06856134653607415
时序加减修正后,2026-02-25,Q07,做多,223,0.00016818912631953178,0.06874106693536675
时序加减修正后,2026-02-26,Q07,做多,378,-0.000016763475806718426,0.06872315112034744
时序加减修正后,2026-02-27,Q07,做多,223,0.0018732777711592881,0.0707251664428643
时序加减修正后,2026-03-02,Q07,做多,513,-0.001370674030067055,0.06925755126388178
时序加减修正后,2026-03-03,Q07,做多,247,-0.001012363663314524,0.06817507377225751
时序加减修正后,2026-03-04,Q07,做多,221,-0.0005240375663824664,0.06761530990612763
时序加减修正后,2026-03-05,Q07,做多,73,0.0018659717280159335,0.06960744989080925
时序加减修正后,2026-03-06,Q07,做多,353,-0.003441936037324149,0.06592592946323972
时序加减修正后,2026-03-09,Q07,做多,174,0.0051611727491746575,0.07142735732302419
时序加减修正后,2026-03-10,Q07,做多,328,0.0004151641266572569,0.07187217552610381
时序加减修正后,2026-03-11,Q07,做多,180,-0.0007377348679761377,0.07108141804820467
时序加减修正后,2026-03-12,Q07,做多,217,-0.00018972192223297543,0.07087821042270459
时序加减修正后,2026-03-13,Q07,做多,397,-0.0016163748734026135,0.06914726979090302
时序加减修正后,2026-03-16,Q07,做多,224,-0.0007169311985535387,0.06838076475734156
时序加减修正后,2026-03-17,Q07,做多,258,-0.001836704709596459,0.06641846477506963
时序加减修正后,2026-03-18,Q07,做多,307,-0.0015605618413341504,0.0647542528120475
时序加减修正后,2026-03-19,Q07,做多,212,-0.00024007256799347298,0.06449863452429283
时序加减修正后,2026-03-20,Q07,做多,317,-0.003969371437240809,0.06027324404943024
时序加减修正后,2026-03-23,Q07,做多,133,-0.0030574955465665957,0.05703146332760545
时序加减修正后,2026-03-24,Q07,做多,232,0.003703223239426734,0.060945886807405536
时序加减修正后,2026-03-25,Q07,做多,249,-0.00028281091677291923,0.06064583972851101
时序加减修正后,2026-03-26,Q07,做多,349,-0.0017044948432303917,0.05883797436420002
时序加减修正后,2026-03-27,Q07,做多,310,0.00139942781592723,0.0603197416780854
时序加减修正后,2026-03-30,Q07,做多,388,0.0020433673981389484,0.06248636446983369
时序加减修正后,2026-03-31,Q07,做多,214,-0.0002462904527742594,0.062224684222061954
时序加减修正后,2026-04-01,Q07,做多,318,0.0005894299369597691,0.06285079125072013
时序加减修正后,2026-04-02,Q07,做多,311,-0.002408137392440127,0.06029130051772458
时序加减修正后,2026-04-03,Q07,做多,467,-0.00019568457904692324,0.060083817860915545
时序加减修正后,2026-04-07,Q07,做多,123,0.010025201177359862,0.07071137139983485
时序加减修正后,2026-04-08,Q07,做多,237,0.0005912197445280298,0.07134439710329721
时序加减修正后,2026-04-09,Q07,做多,178,7.40037178862683e-6,0.07135232545014958
时序加减修正后,2026-04-10,Q07,做多,323,-0.0012557690899580177,0.0700069543153945
时序加减修正后,2026-04-13,Q07,做多,255,0.001476667455084252,0.07158699876154606
时序加减修正后,2026-04-14,Q07,做多,45,-0.0010216813877276661,0.07049217826958043
时序加减修正后,2026-04-15,Q07,做多,219,-0.0004056720635947398,0.07005790949855983
时序加减修正后,2026-04-16,Q07,做多,344,0.0008719948085494845,0.07099099444048984
时序加减修正后,2026-04-17,Q07,做多,341,0.0010550486297200535,0.0721209420216169
时序加减修正后,2026-04-20,Q07,做多,238,0.00025522306315310325,0.07239457201251032
时序加减修正后,2026-04-21,Q07,做多,436,0.0013519852557884414,0.07384443366225879
时序加减修正后,2026-04-22,Q07,做多,249,-0.00005439426785593957,0.0737860226804985
时序加减修正后,2026-04-23,Q07,做多,457,-0.0012669882682840904,0.07242554838711479
时序加减修正后,2026-04-24,Q07,做多,347,0.0002514101503583719,0.07269516705548296
时序加减修正后,2026-04-27,Q07,做多,279,-0.00004533009920241086,0.07264654167714646
时序加减修正后,2026-04-28,Q07,做多,423,-0.0007448276113916213,0.07184760491564157
时序加减修正后,2026-04-29,Q07,做多,423,0.001513054898568695,0.07346936918477831
时序加减修正后,2026-04-30,Q07,做多,228,0.0044372982049121915,0.07823267288969005
时序加减修正后,2026-05-06,Q07,做多,299,0.0006151823266717897,0.0788959825740918
时序加减修正后,2026-05-07,Q07,做多,222,0.0006933478478884779,0.07964403278170518
时序加减修正后,2026-05-08,Q07,做多,323,0.0006174277808073361,0.0803106350009275
时序加减修正后,2026-05-11,Q07,做多,127,-0.00021424794040357246,0.0800791806723824
时序加减修正后,2026-05-12,Q07,做多,253,0.00008113119488388986,0.08016680878687943
时序加减修正后,2026-05-13,Q07,做多,259,0.0013490391984761964,0.081623996152826
时序加减修正后,2026-05-14,Q07,做多,339,-0.0016964638291355988,0.07978906016662757
时序加减修正后,2026-05-15,Q07,做多,225,-0.0011774476238093081,0.0785176651035191
时序加减修正后,2026-05-18,Q07,做多,418,-0.0007976278040291292,0.07765740942669597
时序加减修正后,2026-05-19,Q07,做多,427,0.0006978174177072321,0.07840941753731512
时序加减修正后,2026-05-20,Q07,做多,54,-0.000812444888988803,0.07753326931779947
时序加减修正后,2026-05-21,Q07,做多,498,-0.0032914005818581124,0.0739866756881955
时序加减修正后,2026-05-22,Q07,做多,408,0.0012318706247724015,0.07530968832537277
时序加减修正后,2026-05-25,Q07,做多,263,0.00034352668665947936,0.07567908589973582
时序加减修正后,2026-05-26,Q07,做多,240,0.0010860473838116983,0.0768473243567982
时序加减修正后,2026-05-27,Q07,做多,333,-0.002053716031365763,0.07463578574343344
时序加减修正后,2026-05-28,Q07,做多,242,0.001062289539709315,0.07577736009762592
时序加减修正后,2026-05-29,Q07,做多,265,0.0005302025347260016,0.07634773998075062
时序加减修正后,2026-06-01,Q07,做多,375,-0.003424362112011295,0.07266193556061151
时序加减修正后,2026-06-02,Q07,做多,442,0.002084716801865846,0.07489813192039674
时序加减修正后,2026-06-03,Q07,做多,204,-0.0021149689562698056,0.07262475574023264
时序加减修正后,2026-06-04,Q07,做多,443,-0.0004617089233972825,0.07212951531905065
时序加减修正后,2026-06-05,Q07,做多,251,-0.00443972437570045,0.0673695557759808
时序加减修正后,2026-06-08,Q07,做多,170,-0.0023517055601319846,0.06485941685694674
时序加减修正后,2026-06-09,Q07,做多,112,0.00032235598031807707,0.06520268065816848
时序加减修正后,2026-06-10,Q07,做多,290,-0.0015309383931143485,0.06357192097790065
时序加减修正后,2026-06-11,Q07,做多,502,0.0008091450323241675,0.06443250491427954
时序加减修正后,2026-06-12,Q07,做多,197,0.005561107024506118,0.07035192799447088
时序加减修正后,2026-06-15,Q07,做多,106,0.0007575564521965065,0.07116278000364407
时序加减修正后,2026-06-16,Q07,做多,223,-0.0000699242350553745,0.07108787976563247
时序加减修正后,2026-06-17,Q07,做多,231,0.0022672573648150245,0.07351631164939532
时序加减修正后,2026-06-18,Q07,做多,284,-0.00019730623143017587,0.07330450019156487
时序加减修正后,2026-06-22,Q07,做多,247,0.0016429619287886056,0.07506789862337704
时序加减修正后,2026-06-23,Q07,做多,301,-0.0034808867934396437,0.07132570897300816
时序加减修正后,2026-06-24,Q07,做多,246,0.002208365781644546,0.07369158800970022
时序加减修正后,2026-06-25,Q07,做多,80,-0.0035616502451148334,0.06986747410208771
时序加减修正后,2026-06-26,Q07,做多,333,-0.0011458407517476426,0.0686415763512922
时序加减修正后,2026-06-29,Q07,做多,425,0.0017942049600755767,0.07055893836812466
时序加减修正后,2026-06-30,Q07,做多,307,0.0025217430009179106,0.0732586128780246
时序加减修正后,2024-02-01,Q08,做多,274,0.0010232324792173297,0.0010232324792174285
时序加减修正后,2024-02-02,Q08,做多,330,-0.002781590985294756,-0.0017612047203173775
时序加减修正后,2024-02-05,Q08,做多,208,-0.006342812941231666,-0.008092846669456866
时序加减修正后,2024-02-06,Q08,做多,281,0.005043710868128698,-0.0030899537800289645
时序加减修正后,2024-02-07,Q08,做多,189,0.00969372940224795,0.006573822446409805
时序加减修正后,2024-02-08,Q08,做多,299,-0.0009319383606754039,0.005635757688420284
时序加减修正后,2024-02-19,Q08,做多,362,-0.0007296208405123705,0.004902024881646261
时序加减修正后,2024-02-20,Q08,做多,232,0.0008888225745914528,0.0057952044866138586
时序加减修正后,2024-02-21,Q08,做多,228,0.0005567327242827384,0.006355163590878288
时序加减修正后,2024-02-22,Q08,做多,36,0.0014737080495655795,0.007838237296184047
时序加减修正后,2024-02-23,Q08,做多,262,0.000574943347767845,0.008417687186343503
时序加减修正后,2024-02-26,Q08,做多,461,-0.0008224267396002522,0.0075883375157157484
时序加减修正后,2024-02-27,Q08,做多,315,0.0029264431371490308,0.010536987491109873
时序加减修正后,2024-02-28,Q08,做多,178,-0.003282488483185599,0.007219911467837292
时序加减修正后,2024-02-29,Q08,做多,610,0.002006084051038774,0.009240479268121549
时序加减修正后,2024-03-01,Q08,做多,340,0.0011175791990728399,0.010368385434613714
时序加减修正后,2024-03-04,Q08,做多,152,0.0008502276229209153,0.011227428545236284
时序加减修正后,2024-03-05,Q08,做多,228,-0.00037852959035502095,0.01084464904095328
时序加减修正后,2024-03-06,Q08,做多,222,-0.001454668863385319,0.009374204804273756
时序加减修正后,2024-03-07,Q08,做多,304,-0.0009535128480916013,0.008411753531460509
时序加减修正后,2024-03-08,Q08,做多,198,0.0015963092821333004,0.010021490573835168
时序加减修正后,2024-03-11,Q08,做多,430,0.0019822198848191345,0.012023575256545405
时序加减修正后,2024-03-12,Q08,做多,295,-0.00012292256094150294,0.011899174726941686
时序加减修正后,2024-03-13,Q08,做多,332,-0.0005331634677433218,0.011359667053937539
时序加减修正后,2024-03-14,Q08,做多,372,-0.0002555399718677177,0.011101224233070583
时序加减修正后,2024-03-15,Q08,做多,181,0.0013552597588914169,0.012471529034439488
时序加减修正后,2024-03-18,Q08,做多,215,0.00139239755222915,0.01388129191316878
时序加减修正后,2024-03-19,Q08,做多,243,-0.0011556816231855815,0.012709567936013189
时序加减修正后,2024-03-20,Q08,做多,405,0.000675239722055087,0.013393389663188815
时序加减修正后,2024-03-21,Q08,做多,287,-0.0017092634655610465,0.011661233365996448
时序加减修正后,2024-03-22,Q08,做多,227,-0.0028731508728535742,0.00875457801031887
时序加减修正后,2024-03-25,Q08,做多,166,-0.0004264140911088241,0.008324430843784869
时序加减修正后,2024-03-26,Q08,做多,406,-0.00013885530657501975,0.008184419645812957
时序加减修正后,2024-03-27,Q08,做多,116,-0.0013610878727220175,0.00681219205876582
时序加减修正后,2024-03-28,Q08,做多,570,0.0016682058984690484,0.00849176209620861
时序加减修正后,2024-03-29,Q08,做多,370,0.0014423749092030277,0.009946385309994143
时序加减修正后,2024-04-01,Q08,做多,284,0.0002821658568458409,0.010231357697173538
时序加减修正后,2024-04-02,Q08,做多,288,0.00017537690246172133,0.010408528943456119
时序加减修正后,2024-04-03,Q08,做多,380,-0.00020567257442484046,0.01020071562008762
时序加减修正后,2024-04-08,Q08,做多,237,-0.0015370522018247933,0.008647984385858898
时序加减修正后,2024-04-09,Q08,做多,76,-0.004174504434463176,0.00443737890222784
时序加减修正后,2024-04-10,Q08,做多,253,-0.00004432313347243605,0.0043928590902180265
时序加减修正后,2024-04-11,Q08,做多,430,0.0015647600144675802,0.005964492874939165
时序加减修正后,2024-04-12,Q08,做多,166,-0.0032015471260600894,0.0027438501438568075
时序加减修正后,2024-04-15,Q08,做多,563,0.0009338160544009606,0.003680228449572942
时序加减修正后,2024-04-16,Q08,做多,357,-0.001896152511826509,0.0017770976633277868
时序加减修正后,2024-04-17,Q08,做多,263,0.0028065929674213007,0.0045886782205533105
时序加减修正后,2024-04-18,Q08,做多,236,-0.001022788412845299,0.003561196560793789
时序加减修正后,2024-04-19,Q08,做多,384,-0.00031562869242899677,0.00324444385255096
时序加减修正后,2024-04-22,Q08,做多,235,0.0003106817723861202,0.003556133614503576
时序加减修正后,2024-04-23,Q08,做多,366,0.00013202756183160546,0.0036886306839858385
时序加减修正后,2024-04-24,Q08,做多,212,0.000695330356564845,0.004386525857439372
时序加减修正后,2024-04-25,Q08,做多,167,0.0005261588491472238,0.004914992715983502
时序加减修正后,2024-04-26,Q08,做多,521,0.002112907787060746,0.0070382854294273045
时序加减修正后,2024-04-29,Q08,做多,486,0.0011957666916609718,0.00824246826837105
时序加减修正后,2024-04-30,Q08,做多,249,-0.0010352339678104774,0.00719870141743062
时序加减修正后,2024-05-06,Q08,做多,92,-0.0009634513097135705,0.006228314509408195
时序加减修正后,2024-05-07,Q08,做多,265,-0.0006847908697447977,0.005539258546753523
时序加减修正后,2024-05-08,Q08,做多,434,-0.0008354918920580665,0.00469913864909155
时序加减修正后,2024-05-09,Q08,做多,93,0.0005512825592896045,0.005253011761562121
时序加减修正后,2024-05-10,Q08,做多,304,-0.0014720110996342172,0.0037732681703084303
时序加减修正后,2024-05-13,Q08,做多,589,8.631339459017896e-6,0.003781932078125827
时序加减修正后,2024-05-14,Q08,做多,172,-0.002749737872109954,0.001021794884150884
时序加减修正后,2024-05-15,Q08,做多,136,0.00042118245153901894,0.0014434076977640764
时序加减修正后,2024-05-16,Q08,做多,180,-0.0015049627260951739,-0.00006372730311476893
时序加减修正后,2024-05-17,Q08,做多,143,0.005188336199378657,0.005124278257590431
时序加减修正后,2024-05-20,Q08,做多,244,-0.0006050049871161912,0.004516173056573036
时序加减修正后,2024-05-21,Q08,做多,633,-0.00021380653893972318,0.0043014009303028455
时序加减修正后,2024-05-22,Q08,做多,140,-0.00432089117270412,-0.00003807612771122848
时序加减修正后,2024-05-23,Q08,做多,227,-0.0014068966391414305,-0.0014449191976765308
时序加减修正后,2024-05-24,Q08,做多,144,-0.00036137450292193936,-0.0018057715436416988
时序加减修正后,2024-05-27,Q08,做多,421,-0.00028889907287633394,-0.0020941489307932937
时序加减修正后,2024-05-28,Q08,做多,209,-0.0007382979297877621,-0.002830900754760779
时序加减修正后,2024-05-29,Q08,做多,428,-0.0012246348793677132,-0.004052068814324183
时序加减修正后,2024-05-30,Q08,做多,511,-0.0005886486135780859,-0.0046383321832126345
时序加减修正后,2024-05-31,Q08,做多,530,-0.0013237859368876704,-0.005955977961185521
时序加减修正后,2024-06-03,Q08,做多,652,-0.0002497755475999342,-0.006204265851128765
时序加减修正后,2024-06-04,Q08,做多,132,0.001387224357214026,-0.0048256482026221015
时序加减修正后,2024-06-05,Q08,做多,112,0.0011107946806662636,-0.003720213826310048
时序加减修正后,2024-06-06,Q08,做多,329,-0.0011393041578288677,-0.004855279529058509
时序加减修正后,2024-06-07,Q08,做多,120,-0.0007470237711762214,-0.00559867629101074
时序加减修正后,2024-06-11,Q08,做多,342,0.00031049942355810623,-0.005289915253213651
时序加减修正后,2024-06-12,Q08,做多,109,-0.00022515941623794854,-0.005513883595221203
时序加减修正后,2024-06-13,Q08,做多,592,-0.0004506321662931343,-0.005962031028205139
时序加减修正后,2024-06-14,Q08,做多,265,-0.0004024313611087152,-0.006362063081052249
时序加减修正后,2024-06-17,Q08,做多,308,0.0015986928318226718,-0.004773541233872969
时序加减修正后,2024-06-18,Q08,做多,575,0.000018114320346680673,-0.004755513382981524
时序加减修正后,2024-06-19,Q08,做多,295,-0.00040210692699844714,-0.005155708085107236
时序加减修正后,2024-06-20,Q08,做多,101,-0.001947202782998424,-0.007092871658973987
时序加减修正后,2024-06-21,Q08,做多,111,-0.0030508338410023448,-0.01012206632708923
时序加减修正后,2024-06-24,Q08,做多,314,-0.0005930980696343998,-0.010709161018724322
时序加减修正后,2024-06-25,Q08,做多,285,-0.0009929682622258264,-0.011691495423943543
时序加减修正后,2024-06-26,Q08,做多,276,-0.00009733679415649681,-0.011787694205416588
时序加减修正后,2024-06-27,Q08,做多,407,0.0005842614955773934,-0.011210319805685098
时序加减修正后,2024-06-28,Q08,做多,681,-0.00026468510737411184,-0.011472037708357696
时序加减修正后,2024-07-01,Q08,做多,693,0.00024149852783547198,-0.011233309660740098
时序加减修正后,2024-07-02,Q08,做多,162,-0.0007506491205680908,-0.01197552650729028
时序加减修正后,2024-07-03,Q08,做多,242,0.0014782309278138395,-0.010514998173136392
时序加减修正后,2024-07-04,Q08,做多,433,-0.0016420099627226994,-0.012139742404100762
时序加减修正后,2024-07-05,Q08,做多,223,-0.0014052367903933769,-0.013527919981841996
时序加减修正后,2024-07-08,Q08,做多,211,-0.000990162292932341,-0.014504687438506525
时序加减修正后,2024-07-09,Q08,做多,371,0.0011878254409147379,-0.013334091034343687
时序加减修正后,2024-07-10,Q08,做多,196,0.003327341867124956,-0.010051116246577396
时序加减修正后,2024-07-11,Q08,做多,343,-0.00005600326255020895,-0.010106556613825535
时序加减修正后,2024-07-12,Q08,做多,334,0.00004333628184795742,-0.010063658312563506
时序加减修正后,2024-07-15,Q08,做多,305,-0.000359580568949211,-0.010419620185530998
时序加减修正后,2024-07-16,Q08,做多,55,0.0006240803146449087,-0.009802042550729917
时序加减修正后,2024-07-17,Q08,做多,92,-0.003750521019553518,-0.013515800803662326
时序加减修正后,2024-07-18,Q08,做多,404,-3.741713854732651e-6,-0.013519491945257922
时序加减修正后,2024-07-19,Q08,做多,323,0.0010654815317479563,-0.012468415182496306
时序加减修正后,2024-07-22,Q08,做多,570,0.000141787455332202,-0.01232839559202481
时序加减修正后,2024-07-23,Q08,做多,492,-0.002047628315932986,-0.014350779936053493
时序加减修正后,2024-07-24,Q08,做多,294,-0.002256756881870635,-0.016575150596543242
时序加减修正后,2024-07-25,Q08,做多,192,-0.0007345661937279147,-0.017297541244986947
时序加减修正后,2024-07-26,Q08,做多,50,-0.0023913452380656965,-0.01964752209016618
时序加减修正后,2024-07-29,Q08,做多,425,-0.00032712136553634673,-0.019968216331446964
时序加减修正后,2024-07-30,Q08,做多,508,0.0006885059740344282,-0.019293458593647506
时序加减修正后,2024-07-31,Q08,做多,417,0.0030043956810595664,-0.01634702809625943
时序加减修正后,2024-08-01,Q08,做多,264,-0.00020795758681549958,-0.01655158619456043
时序加减修正后,2024-08-02,Q08,做多,292,-0.0007551773258530549,-0.017294264137812432
时序加减修正后,2024-08-05,Q08,做多,204,0.0005063833321436701,-0.016796638332769787
时序加减修正后,2024-08-06,Q08,做多,67,0.00004342195331188503,-0.016753945722303376
时序加减修正后,2024-08-07,Q08,做多,65,-0.003960172849922226,-0.020647770051247072
时序加减修正后,2024-08-08,Q08,做多,327,0.0003022219258149985,-0.020351788334260656
时序加减修正后,2024-08-09,Q08,做多,419,-0.0013940035444393983,-0.021717421413626425
时序加减修正后,2024-08-12,Q08,做多,618,0.00022348345468533006,-0.021498791443305576
时序加减修正后,2024-08-13,Q08,做多,119,-0.0012986366665176656,-0.02276950899096908
时序加减修正后,2024-08-14,Q08,做多,28,0.0006365981088103061,-0.022147405908520934
时序加减修正后,2024-08-15,Q08,做多,228,0.00366601660785997,-0.018562582058542665
时序加减修正后,2024-08-16,Q08,做多,105,0.00239594696322456,-0.01621111005743081
时序加减修正后,2024-08-19,Q08,做多,602,-0.0006331388806173712,-0.016833985053972822
时序加减修正后,2024-08-20,Q08,做多,759,-0.0015754756205369367,-0.01838293914146072
时序加减修正后,2024-08-21,Q08,做多,47,-0.0010764748779152759,-0.019439625247207992
时序加减修正后,2024-08-22,Q08,做多,147,0.0008941546913688182,-0.018562852587952428
时序加减修正后,2024-08-23,Q08,做多,181,0.0008448122570074732,-0.01773372245633631
时序加减修正后,2024-08-26,Q08,做多,563,0.000482152489702123,-0.017260120325068296
时序加减修正后,2024-08-27,Q08,做多,578,-0.0003812964614081437,-0.017634835563673068
时序加减修正后,2024-08-28,Q08,做多,490,-0.0006618528921090005,-0.018285016788862296
时序加减修正后,2024-08-29,Q08,做多,489,0.0005071518782330206,-0.01778713819123734
时序加减修正后,2024-08-30,Q08,做多,324,0.0010088690393370789,-0.01679621404491982
时序加减修正后,2024-09-02,Q08,做多,312,-0.002688272813033202,-0.01943933405237419
时序加减修正后,2024-09-03,Q08,做多,399,0.00043733057356534354,-0.019010504893919644
时序加减修正后,2024-09-04,Q08,做多,113,0.0014057221585617862,-0.01763150622333276
时序加减修正后,2024-09-05,Q08,做多,23,-0.0020043885119578235,-0.019600554346767995
时序加减修正后,2024-09-06,Q08,做多,221,-0.0021314984384527254,-0.02169027423423775
时序加减修正后,2024-09-09,Q08,做多,471,-0.00044064795913802796,-0.02212136441830126
时序加减修正后,2024-09-10,Q08,做多,231,0.00040287477278263504,-0.021727401785182288
时序加减修正后,2024-09-11,Q08,做多,61,0.0031200679292001563,-0.018675124825477063
时序加减修正后,2024-09-12,Q08,做多,361,0.00034797383437092463,-0.01833364944589888
时序加减修正后,2024-09-13,Q08,做多,520,-0.00047976611157047537,-0.018804619693763902
时序加减修正后,2024-09-18,Q08,做多,520,-0.0006401889044704708,-0.019432770089353624
时序加减修正后,2024-09-19,Q08,做多,204,-0.0010406339204956905,-0.020453181610125104
时序加减修正后,2024-09-20,Q08,做多,325,0.0019111648597978413,-0.018581106152291582
时序加减修正后,2024-09-23,Q08,做多,235,0.001160277947046586,-0.01744238745294524
时序加减修正后,2024-09-24,Q08,做多,487,0.01187577901359042,-0.005773750378215481
时序加减修正后,2024-09-25,Q08,做多,249,-0.0007464687447815182,-0.006515909198799519
时序加减修正后,2024-09-26,Q08,做多,126,0.013787637491842607,0.007181889299080257
时序加减修正后,2024-09-27,Q08,做多,209,0.014698662863081793,0.02198611633168923
时序加减修正后,2024-09-30,Q08,做多,196,0.01609083661145521,0.038430727948758125
时序加减修正后,2024-10-08,Q08,做多,404,-0.011782433477996578,0.02619548697519436
时序加减修正后,2024-10-09,Q08,做多,186,-0.0003559145443041318,0.02583024907608067
时序加减修正后,2024-10-10,Q08,做多,154,-0.005097071183603499,0.02060151927424614
时序加减修正后,2024-10-11,Q08,做多,141,-0.0009889834073222744,0.01959216130619601
时序加减修正后,2024-10-14,Q08,做多,166,-0.0003210739873190823,0.019264796785526173
时序加减修正后,2024-10-15,Q08,做多,58,0.0019507246969592885,0.021253101797356733
时序加减修正后,2024-10-16,Q08,做多,308,0.002947966742724091,0.024263721977359154
时序加减修正后,2024-10-17,Q08,做多,124,0.001962838571466085,0.026274186318209658
时序加减修正后,2024-10-18,Q08,做多,172,0.0039550115517306755,0.030333112580341215
时序加减修正后,2024-10-21,Q08,做多,175,0.0012489306186658463,0.03161992715206807
时序加减修正后,2024-10-22,Q08,做多,226,0.0023857546866324366,0.034081119228094536
时序加减修正后,2024-10-23,Q08,做多,81,-0.0033617375029055515,0.03060480994853898
时序加减修正后,2024-10-24,Q08,做多,378,-0.0007654896822839479,0.029815892600011162
时序加减修正后,2024-10-25,Q08,做多,267,-0.00019702103824957714,0.029612997203645186
时序加减修正后,2024-10-28,Q08,做多,421,0.000660195043230332,0.03029274260084458
时序加减修正后,2024-10-29,Q08,做多,227,-0.001006804194213799,0.029255439546326034
时序加减修正后,2024-10-30,Q08,做多,428,-0.00035847769212922915,0.02888647443174608
时序加减修正后,2024-10-31,Q08,做多,244,0.0006071151517554412,0.029511126999809845
时序加减修正后,2024-11-01,Q08,做多,504,-0.00042390928240546065,0.029074707676735034
时序加减修正后,2024-11-04,Q08,做多,468,0.0015344461304251042,0.03065376737984793
时序加减修正后,2024-11-05,Q08,做多,526,0.003223465233317491,0.03397604396658438
时序加减修正后,2024-11-06,Q08,做多,176,-0.0024414863681530815,0.03145160555024318
时序加减修正后,2024-11-07,Q08,做多,170,0.004326883201514755,0.035914576175474
时序加减修正后,2024-11-08,Q08,做多,260,-0.0018529753349167339,0.033995052016740246
时序加减修正后,2024-11-11,Q08,做多,670,0.0016056187527663415,0.035655253862526104
时序加减修正后,2024-11-12,Q08,做多,277,-0.0009419204261805778,0.034679749024431716
时序加减修正后,2024-11-13,Q08,做多,262,-0.00012709891573212267,0.0345482423502006
时序加减修正后,2024-11-14,Q08,做多,147,-0.0019509392268508262,0.032529901602130096
时序加减修正后,2024-11-15,Q08,做多,109,-0.00020347509710459945,0.032319807480138296
时序加减修正后,2024-11-18,Q08,做多,467,-0.0025046839572607548,0.029734172619580335
时序加减修正后,2024-11-19,Q08,做多,246,0.003678749758150141,0.033522306958063464
时序加减修正后,2024-11-20,Q08,做多,107,-0.0016133610673099712,0.0318548623058208
时序加减修正后,2024-11-21,Q08,做多,77,0.0004297558345050285,0.03229830795325905
时序加减修正后,2024-11-22,Q08,做多,346,-0.003920912691430698,0.028250756416262623
时序加减修正后,2024-11-25,Q08,做多,481,0.00030214569588923217,0.028561437956608593
时序加减修正后,2024-11-26,Q08,做多,42,-0.001075853104425949,0.027454856940490213
时序加减修正后,2024-11-27,Q08,做多,495,0.0034592656996054105,0.031009096284997373
时序加减修正后,2024-11-28,Q08,做多,304,0.0007603989840246964,0.03179307455433289
时序加减修正后,2024-11-29,Q08,做多,333,-0.0012165732120562977,0.03053782273944483
时序加减修正后,2024-12-02,Q08,做多,370,0.0002104916572559002,0.03075474235361808
时序加减修正后,2024-12-03,Q08,做多,333,0.0016607555030190837,0.032466573964244905
时序加减修正后,2024-12-04,Q08,做多,179,-0.0013675679305653536,0.031054605788310763
时序加减修正后,2024-12-05,Q08,做多,90,0.00010274631996354502,0.031160542854737017
时序加减修正后,2024-12-06,Q08,做多,429,0.0000825900624434671,0.031245706468360668
时序加减修正后,2024-12-09,Q08,做多,399,0.005804113812778462,0.03723117391764208
时序加减修正后,2024-12-10,Q08,做多,196,-0.0020258812927731553,0.03512986668612128
时序加减修正后,2024-12-11,Q08,做多,354,7.237610470889646e-6,0.035137358552883136
时序加减修正后,2024-12-12,Q08,做多,203,0.00017811140728531764,0.03532172832454861
时序加减修正后,2024-12-13,Q08,做多,232,-0.003103919988148093,0.03210817251783804
时序加减修正后,2024-12-16,Q08,做多,110,-0.0007024300395476695,0.03138318873339885
时序加减修正后,2024-12-17,Q08,做多,304,-0.0015612551580464864,0.029772936410066286
时序加减修正后,2024-12-18,Q08,做多,57,-0.0032353636210277806,0.026441246513686067
时序加减修正后,2024-12-19,Q08,做多,463,-0.0009402835492606524,0.02547610069530659
时序加减修正后,2024-12-20,Q08,做多,276,0.00038971461394860364,0.02587574371800261
时序加减修正后,2024-12-23,Q08,做多,499,-0.0014146742674977382,0.024424463701714583
时序加减修正后,2024-12-24,Q08,做多,510,0.0009394853004920936,0.025386895426826817
时序加减修正后,2024-12-25,Q08,做多,247,0.0020694265912450955,0.02750885833453731
时序加减修正后,2024-12-26,Q08,做多,331,0.0006570356674213631,0.028183968303054474
时序加减修正后,2024-12-27,Q08,做多,335,0.00005833837777070368,0.028243950887815172
时序加减修正后,2024-12-30,Q08,做多,491,-0.00035244344898201755,0.027881553043369367
时序加减修正后,2024-12-31,Q08,做多,466,-0.003191292332424425,0.024601282524501444
时序加减修正后,2025-01-02,Q08,做多,275,-0.0040358771292085295,0.02046611764180306
时序加减修正后,2025-01-03,Q08,做多,217,-0.0023271630952918787,0.0180913265528313
时序加减修正后,2025-01-06,Q08,做多,26,0.0008242801987552622,0.018930519073833363
时序加减修正后,2025-01-07,Q08,做多,154,0.0028775613701599195,0.02186255417439731
时序加减修正后,2025-01-08,Q08,做多,355,-0.002257852473849198,0.019555339278520822
时序加减修正后,2025-01-09,Q08,做多,107,0.0015330066973513218,0.02111832444195505
时序加减修正后,2025-01-10,Q08,做多,319,-0.0016137038001147986,0.01947054192143627
时序加减修正后,2025-01-13,Q08,做多,414,-0.0008373412381904593,0.01861689719556514
时序加减修正后,2025-01-14,Q08,做多,300,0.003262178379081888,0.021939807214163887
时序加减修正后,2025-01-15,Q08,做多,128,0.0063760484720489785,0.02845574496047787
时序加减修正后,2025-01-16,Q08,做多,303,-0.0015604258484924413,0.026850916032010952
时序加减修正后,2025-01-17,Q08,做多,118,0.005787345041472551,0.03279365658924038
时序加减修正后,2025-01-20,Q08,做多,374,-0.0004825938177871036,0.032295236755520706
时序加减修正后,2025-01-21,Q08,做多,381,0.0007492382935538743,0.03306867187715112
时序加减修正后,2025-01-22,Q08,做多,159,0.0051446255392932376,0.03838342335033418
时序加减修正后,2025-01-23,Q08,做多,157,-0.0015422603035079474,0.03678196581668036
时序加减修正后,2025-01-24,Q08,做多,326,0.0006638341946718858,0.03747021713800858
时序加减修正后,2025-01-27,Q08,做多,330,-0.0015678377052223147,0.03584363221353448
时序加减修正后,2025-02-05,Q08,做多,305,-0.0003409230485930657,0.03549048924457465
时序加减修正后,2025-02-06,Q08,做多,188,0.0019433222812253045,0.03750278098432047
时序加减修正后,2025-02-07,Q08,做多,354,0.0009271050640681954,0.03846465506655594
时序加减修正后,2025-02-10,Q08,做多,395,0.0005872492153212999,0.03907449262038276
时序加减修正后,2025-02-11,Q08,做多,564,0.00020769333288420103,0.039290301464870225
时序加减修正后,2025-02-12,Q08,做多,158,0.0013669043899748822,0.040710911940400774
时序加减修正后,2025-02-13,Q08,做多,98,0.0006905881999751283,0.04142961461577199
时序加减修正后,2025-02-14,Q08,做多,253,0.0018640907186018155,0.043370933894454344
时序加减修正后,2025-02-17,Q08,做多,217,0.0002715656513752993,0.04365427760174345
时序加减修正后,2025-02-18,Q08,做多,284,-0.0006025347720936571,0.04302543960944405
时序加减修正后,2025-02-19,Q08,做多,446,0.0010434978148174856,0.044113834376475536
时序加减修正后,2025-02-20,Q08,做多,117,0.001932354224796017,0.04613143215550086
时序加减修正后,2025-02-21,Q08,做多,394,0.0001452991130228035,0.046283434124698486
时序加减修正后,2025-02-24,Q08,做多,368,-0.0009107699989805911,0.045330510562467285
时序加减修正后,2025-02-25,Q08,做多,140,-0.0000622639617306829,0.04526542414356172
时序加减修正后,2025-02-26,Q08,做多,311,0.001670234581733806,0.047011262602057124
时序加减修正后,2025-02-27,Q08,做多,287,-0.0007001891968266199,0.04627815662702739
时序加减修正后,2025-02-28,Q08,做多,560,-0.002217187859501532,0.04395836140049236
时序加减修正后,2025-03-03,Q08,做多,434,-0.001018445988927449,0.04289514619471668
时序加减修正后,2025-03-04,Q08,做多,256,0.0008497681935892842,0.043781365319201626
时序加减修正后,2025-03-05,Q08,做多,3,0.0000783326177042909,0.043863127445858074
时序加减修正后,2025-03-06,Q08,做多,319,-0.0004622239930512162,0.04338062886289107
时序加减修正后,2025-03-07,Q08,做多,296,-0.0005282067044808591,0.04282950821940035
时序加减修正后,2025-03-10,Q08,做多,435,-0.0013579990226881117,0.04141334676640818
时序加减修正后,2025-03-11,Q08,做多,178,0.0030644220973494504,0.04460467683871383
时序加减修正后,2025-03-12,Q08,做多,73,-0.002954244955617469,0.041518658741548586
时序加减修正后,2025-03-13,Q08,做多,384,0.0002927832367826492,0.04182359794562451
时序加减修正后,2025-03-14,Q08,做多,244,0.004003207724367041,0.04599423422034832
时序加减修正后,2025-03-17,Q08,做多,170,0.000739112113682067,0.046767341229702275
时序加减修正后,2025-03-18,Q08,做多,213,0.0003353773108884384,0.04711840324572991
时序加减修正后,2025-03-19,Q08,做多,398,-0.000745299155522245,0.04633798678405898
时序加减修正后,2025-03-20,Q08,做多,266,-0.0005080344525957568,0.04580641103771299
时序加减修正后,2025-03-21,Q08,做多,84,-0.0015785250799516298,0.04415557938911574
时序加减修正后,2025-03-24,Q08,做多,167,0.00019566565303708437,0.04435988477242914
时序加减修正后,2025-03-25,Q08,做多,246,0.0008753301939045409,0.0452740445128732
时序加减修正后,2025-03-26,Q08,做多,67,-0.0020001631242278686,0.04318332591432594
时序加减修正后,2025-03-27,Q08,做多,284,0.001196207008715518,0.044431189120159864
时序加减修正后,2025-03-28,Q08,做多,877,-0.0005822867226540409,0.04382303070600946
时序加减修正后,2025-03-31,Q08,做多,507,-0.0009336947570425179,0.042848418614958916
时序加减修正后,2025-04-01,Q08,做多,261,0.0006389513384761339,0.04351474800786059
时序加减修正后,2025-04-02,Q08,做多,188,-0.0002359199518631361,0.04326856205874208
时序加减修正后,2025-04-03,Q08,做多,561,-0.004129843081615544,0.03896002660545683
时序加减修正后,2025-04-07,Q08,做多,136,0.0011110893994608726,0.04011440407748168
时序加减修正后,2025-04-08,Q08,做多,285,-0.0002695849914871679,0.03983400484471278
时序加减修正后,2025-04-09,Q08,做多,345,0.0048319862531439025,0.04485846846167396
时序加减修正后,2025-04-10,Q08,做多,337,-0.00048134577892955946,0.04435553024830119
时序加减修正后,2025-04-11,Q08,做多,369,0.002802821747048633,0.04728267264013164
时序加减修正后,2025-04-14,Q08,做多,101,0.0002533656303003767,0.04754801807458775
时序加减修正后,2025-04-15,Q08,做多,490,0.00003886714391172769,0.04758873327416069
时序加减修正后,2025-04-16,Q08,做多,85,0.00221777916269596,0.049912053737891204
时序加减修正后,2025-04-17,Q08,做多,215,-0.0012779867395671994,0.048570280055502346
时序加减修正后,2025-04-18,Q08,做多,338,0.0013484828705474397,0.04998425911672233
时序加减修正后,2025-04-21,Q08,做多,336,0.0008968041796444075,0.050925889388859114
时序加减修正后,2025-04-22,Q08,做多,240,0.00011503691121106385,0.05104678465708612
时序加减修正后,2025-04-23,Q08,做多,225,-0.000070534931599266,0.050972649144022775
时序加减修正后,2025-04-24,Q08,做多,460,-0.00018084098937833914,0.05078259021034204
时序加减修正后,2025-04-25,Q08,做多,161,-0.0012153613998685524,0.04950550961054656
时序加减修正后,2025-04-28,Q08,做多,535,-0.0003911858289973118,0.04909495792773222
时序加减修正后,2025-04-29,Q08,做多,274,0.0007245749529032843,0.049855105857463666
时序加减修正后,2025-04-30,Q08,做多,195,-0.000011345329776537628,0.049843194905070165
时序加减修正后,2025-05-06,Q08,做多,214,0.0020449701244776926,0.05199009287403733
时序加减修正后,2025-05-07,Q08,做多,170,0.0010463932483938097,0.05309088820459773
时序加减修正后,2025-05-08,Q08,做多,363,-0.0008402065124289587,0.05220607438214864
时序加减修正后,2025-05-09,Q08,做多,564,0.000040050416357434645,0.05224821567352134
时序加减修正后,2025-05-12,Q08,做多,114,-0.0010935966344907668,0.051097480566211884
时序加减修正后,2025-05-13,Q08,做多,88,0.0007681294237045222,0.051904859468216547
时序加减修正后,2025-05-14,Q08,做多,197,0.0009399214199368031,0.05289356737736628
时序加减修正后,2025-05-15,Q08,做多,432,-0.0012125731028828778,0.051616856957366064
时序加减修正后,2025-05-16,Q08,做多,220,-0.001435837245811523,0.050106906305823484
时序加减修正后,2025-05-19,Q08,做多,444,0.0007505511678057184,0.05089506527067211
时序加减修正后,2025-05-20,Q08,做多,119,0.0009679321823064473,0.05191226042457453
时序加减修正后,2025-05-21,Q08,做多,126,-0.001312411698029517,0.050531718468692643
时序加减修正后,2025-05-22,Q08,做多,620,-0.0001565042389683508,0.05036730580158144
时序加减修正后,2025-05-23,Q08,做多,385,-0.001273512732482881,0.049029649663859365
时序加减修正后,2025-05-26,Q08,做多,379,7.5518299434162025e-6,0.04903757175737922
时序加减修正后,2025-05-27,Q08,做多,319,-0.0006136425663641367,0.048393837649633564
时序加减修正后,2025-05-28,Q08,做多,329,0.00189162078643712,0.050377001225303975
时序加减修正后,2025-05-29,Q08,做多,266,0.0005544615743888141,0.05095939491110513
时序加减修正后,2025-05-30,Q08,做多,776,0.0002715219529209114,0.05124475345845214
时序加减修正后,2025-06-03,Q08,做多,116,0.00287740916058377,0.05426961474206915
时序加减修正后,2025-06-04,Q08,做多,186,0.0004119722019901039,0.05470394451674587
时序加减修正后,2025-06-05,Q08,做多,316,0.0012657297864256802,0.05603891471518119
时序加减修正后,2025-06-06,Q08,做多,558,0.0003120851221490149,0.056368488748874235
时序加减修正后,2025-06-09,Q08,做多,393,0.0006218066147586945,0.05702534566280093
时序加减修正后,2025-06-10,Q08,做多,564,0.00008696603770091212,0.057117270968862766
时序加减修正后,2025-06-11,Q08,做多,112,-0.0013751370463848747,0.05566358984718023
时序加减修正后,2025-06-12,Q08,做多,496,-0.00041109502503346564,0.05522961179728503
时序加减修正后,2025-06-13,Q08,做多,28,-0.0028142020996061285,0.052259982408198624
时序加减修正后,2025-06-16,Q08,做多,55,-0.00030283397182674063,0.0519413223383316
时序加减修正后,2025-06-17,Q08,做多,349,0.001062687188429447,0.05305920690456012
时序加减修正后,2025-06-18,Q08,做多,306,0.00014539270305962703,0.053212314029133845
时序加减修正后,2025-06-19,Q08,做多,277,-0.001183981572644321,0.051965330057241355
时序加减修正后,2025-06-20,Q08,做多,432,-0.000025089465259076894,0.051938936809639236
时序加减修正后,2025-06-23,Q08,做多,448,0.0009514923153558032,0.052939848624237174
时序加减修正后,2025-06-24,Q08,做多,200,0.0029492673489221488,0.05604524974016378
时序加减修正后,2025-06-25,Q08,做多,191,0.001674169428542644,0.05781324841243651
时序加减修正后,2025-06-26,Q08,做多,188,0.0008226196156836987,0.05868342634031065
时序加减修正后,2025-06-27,Q08,做多,192,-0.00012810675192061657,0.05854780184524988
时序加减修正后,2025-06-30,Q08,做多,433,-3.8019330935110714e-6,0.05854377731733096
时序加减修正后,2025-07-01,Q08,做多,209,-0.0005792820310136849,0.05793058192808975
时序加减修正后,2025-07-02,Q08,做多,183,0.0015784892900024675,0.059600514021229234
时序加减修正后,2025-07-03,Q08,做多,153,-0.0010973296112853051,0.05843778300106073
时序加减修正后,2025-07-04,Q08,做多,609,0.0014998141871300265,0.06002524300420031
时序加减修正后,2025-07-07,Q08,做多,584,0.0006653731989862448,0.060730555391144136
时序加减修正后,2025-07-08,Q08,做多,123,0.0007177534753873631,0.0614918984337256
时序加减修正后,2025-07-09,Q08,做多,106,-0.00002006063684502634,0.06147060423023709
时序加减修正后,2025-07-10,Q08,做多,301,0.0006990906780707863,0.062212668434700635
时序加减修正后,2025-07-11,Q08,做多,467,0.00035398844344096706,0.06258867944380309
时序加减修正后,2025-07-14,Q08,做多,153,0.00011551283777187718,0.06271142207754998
时序加减修正后,2025-07-15,Q08,做多,74,0.0015393179584517948,0.06434727285420583
时序加减修正后,2025-07-16,Q08,做多,110,0.0015103882202145706,0.0659548504373424
时序加减修正后,2025-07-17,Q08,做多,146,0.0026057633736132155,0.0687324765445374
时序加减修正后,2025-07-18,Q08,做多,564,-0.0001999958638807326,0.06851873446963341
时序加减修正后,2025-07-21,Q08,做多,395,-0.0002536919239751517,0.06824765989608239
时序加减修正后,2025-07-22,Q08,做多,368,0.0022617966823734446,0.0706638189091886
时序加减修正后,2025-07-23,Q08,做多,225,-0.0011525874274634083,0.0694297852524739
时序加减修正后,2025-07-24,Q08,做多,312,0.000596833276060165,0.07006805653472248
时序加减修正后,2025-07-25,Q08,做多,592,-0.0004470553812884523,0.0695896768517037
时序加减修正后,2025-07-28,Q08,做多,232,0.0015817306047649943,0.0712814795781207
时序加减修正后,2025-07-29,Q08,做多,182,0.001297798048593964,0.07267178659181206
时序加减修正后,2025-07-30,Q08,做多,207,0.0002247610505235017,0.07291288142943331
时序加减修正后,2025-07-31,Q08,做多,669,-0.0023628706637373533,0.07037772705715795
时序加减修正后,2025-08-01,Q08,做多,500,-0.0002514225761842681,0.0701086099315309
时序加减修正后,2025-08-04,Q08,做多,160,0.0022396598905288557,0.07250528926370414
时序加减修正后,2025-08-05,Q08,做多,24,0.0007196321669956282,0.07327709856913112
时序加减修正后,2025-08-06,Q08,做多,61,0.0005655002727299227,0.0738840370610867
时序加减修正后,2025-08-07,Q08,做多,423,-0.00008078313066049459,0.07379728534660646
时序加减修正后,2025-08-08,Q08,做多,591,0.0002610451729674,0.07407759494469168
时序加减修正后,2025-08-11,Q08,做多,474,0.0005658597898364258,0.07468537226683503
时序加减修正后,2025-08-12,Q08,做多,245,0.0013772060824243342,0.07616543549821353
时序加减修正后,2025-08-13,Q08,做多,129,0.0019811503899086523,0.07829748107035717
时序加减修正后,2025-08-14,Q08,做多,287,0.0002195120172859867,0.0785341803256614
时序加减修正后,2025-08-15,Q08,做多,258,0.001970457434127152,0.08065938601924416
时序加减修正后,2025-08-18,Q08,做多,277,0.0015670531108367698,0.08235283667186044
时序加减修正后,2025-08-19,Q08,做多,226,-0.0010391099365460027,0.08122815308442588
时序加减修正后,2025-08-20,Q08,做多,334,0.004152126046757255,0.08571754866133485
时序加减修正后,2025-08-21,Q08,做多,121,-0.0011186058834952318,0.0845030586235882
时序加减修正后,2025-08-22,Q08,做多,326,0.0020649104778603274,0.08674246035261146
时序加减修正后,2025-08-25,Q08,做多,251,-0.0003503434405915126,0.08636172726001456
时序加减修正后,2025-08-26,Q08,做多,124,0.0016530915283158633,0.08815758262803475
时序加减修正后,2025-08-27,Q08,做多,162,-0.0024765343637508197,0.08546272298148039
时序加减修正后,2025-08-28,Q08,做多,320,0.0005852851314216423,0.08609802817395384
时序加减修正后,2025-08-29,Q08,做多,258,-0.00026548277389176024,0.08580968785671583
时序加减修正后,2025-09-01,Q08,做多,118,0.0006798609826962663,0.08654788749812337
时序加减修正后,2025-09-02,Q08,做多,453,-0.0008528741469634898,0.08562119889543851
时序加减修正后,2025-09-03,Q08,做多,441,-0.0025458485823722033,0.08285737170523744
时序加减修正后,2025-09-04,Q08,做多,341,-0.0020099980335285673,0.08068083051751795
时序加减修正后,2025-09-05,Q08,做多,67,0.004915002766265117,0.08599237978896146
时序加减修正后,2025-09-08,Q08,做多,166,-0.0013668680836548973,0.08450797146593536
时序加减修正后,2025-09-09,Q08,做多,518,0.00012040107353764265,0.08463854738996002
时序加减修正后,2025-09-10,Q08,做多,159,0.0010820507990925224,0.08581218139688995
时序加减修正后,2025-09-11,Q08,做多,237,0.003926683599382289,0.09007582228159072
时序加减修正后,2025-09-12,Q08,做多,243,-0.0002706426426594878,0.08978080128034915
时序加减修正后,2025-09-15,Q08,做多,180,0.000857126305042281,0.09071488107185655
时序加减修正后,2025-09-16,Q08,做多,43,0.003476281619314673,0.09450651316483949
时序加减修正后,2025-09-17,Q08,做多,196,0.000557421150238135,0.09511661424435092
时序加减修正后,2025-09-18,Q08,做多,365,-0.0030116065336038096,0.09181855389383453
时序加减修正后,2025-09-19,Q08,做多,370,0.0008616382917745036,0.09275930656753939
时序加减修正后,2025-09-22,Q08,做多,363,0.0009507326452495606,0.09379822851369335
时序加减修正后,2025-09-23,Q08,做多,155,0.0037889717329826745,0.0979425990831182
时序加减修正后,2025-09-24,Q08,做多,210,0.0017677189367012553,0.09988345300692858
时序加减修正后,2025-09-25,Q08,做多,85,0.0005749828987652161,0.1005158671830424
时序加减修正后,2025-09-26,Q08,做多,414,-0.001311839151785007,0.09907216738131108
时序加减修正后,2025-09-29,Q08,做多,349,0.0027662114722693918,0.1021124334195731
时序加减修正后,2025-09-30,Q08,做多,218,0.0018068022291785333,0.10410373262108097
时序加减修正后,2025-10-09,Q08,做多,333,-0.0013876244884486696,0.10257165124390832
时序加减修正后,2025-10-10,Q08,做多,264,-0.0039363525676380405,0.09823154049352945
时序加减修正后,2025-10-13,Q08,做多,421,0.00356858672729429,0.10215067499243058
时序加减修正后,2025-10-14,Q08,做多,104,0.002300924022095457,0.10468663995648941
时序加减修正后,2025-10-15,Q08,做多,109,0.0011152014634417105,0.10591858811401345
时序加减修正后,2025-10-16,Q08,做多,106,-0.00145444275901509,0.10431009283147086
时序加减修正后,2025-10-17,Q08,做多,348,-0.0007325821137856528,0.10350109500938953
时序加减修正后,2025-10-20,Q08,做多,560,-0.0006588382095027815,0.10277406632376929
时序加减修正后,2025-10-21,Q08,做多,281,0.0005161974593104001,0.10334331549499898
时序加减修正后,2025-10-22,Q08,做多,220,0.0002097661363388232,0.10357475955934548
时序加减修正后,2025-10-23,Q08,做多,119,0.00626275588704729,0.11048617888157275
时序加减修正后,2025-10-24,Q08,做多,374,0.00236863807374922,0.11311651872524409
时序加减修正后,2025-10-27,Q08,做多,207,-7.160727359559207e-6,0.11310854800133407
时序加减修正后,2025-10-28,Q08,做多,276,-0.000172688956439927,0.11291632644777527
时序加减修正后,2025-10-29,Q08,做多,224,0.000847740265369014,0.11385979042969163
时序加减修正后,2025-10-30,Q08,做多,255,-0.00027435836894380605,0.11355419367435715
时序加减修正后,2025-10-31,Q08,做多,567,-0.000898524163620984,0.11255363832383924
时序加减修正后,2025-11-03,Q08,做多,455,0.0011068299584400415,0.11378504602110762
时序加减修正后,2025-11-04,Q08,做多,442,-0.0012124657887850605,0.11243461975674651
时序加减修正后,2025-11-05,Q08,做多,62,0.0030617556732918712,0.1158406227649531
时序加减修正后,2025-11-06,Q08,做多,60,-0.001549129580477408,0.11411204104912964
时序加减修正后,2025-11-07,Q08,做多,465,0.0002569346694320801,0.11439829505810684
时序加减修正后,2025-11-10,Q08,做多,733,-0.00012339236215789298,0.11426078682009488
时序加减修正后,2025-11-11,Q08,做多,124,-0.001323922439569874,0.11278559196089089
时序加减修正后,2025-11-12,Q08,做多,264,0.0003856939627260572,0.11321478664551865
时序加减修正后,2025-11-13,Q08,做多,158,-0.00021614782007752263,0.11297416769610713
时序加减修正后,2025-11-14,Q08,做多,139,-0.0023825572331569143,0.11032244304254601
时序加减修正后,2025-11-17,Q08,做多,221,-0.0012458884700797224,0.10893910511268867
时序加减修正后,2025-11-18,Q08,做多,146,0.0010573119135898034,0.11011159963996975
时序加减修正后,2025-11-19,Q08,做多,58,0.0017653020582531161,0.1120712819317049
时序加减修正后,2025-11-20,Q08,做多,62,-0.0022002028735803305,0.10962449950157249
时序加减修正后,2025-11-21,Q08,做多,415,-0.0036447372420813067,0.10558020976351323
时序加减修正后,2025-11-24,Q08,做多,321,0.00045332596599002156,0.10608139798008365
时序加减修正后,2025-11-25,Q08,做多,221,0.001169435097984111,0.10737488838810894
时序加减修正后,2025-11-26,Q08,做多,78,0.0003696708427014528,0.10778425259628577
时序加减修正后,2025-11-27,Q08,做多,330,-0.0001458283079045941,0.10762270629320625
时序加减修正后,2025-11-28,Q08,做多,468,0.0004887373065957167,0.10816404283140435
时序加减修正后,2025-12-01,Q08,做多,255,-0.0011974054422085722,0.10683712117565825
时序加减修正后,2025-12-02,Q08,做多,569,-0.0003394769744977526,0.10646137545849976
时序加减修正后,2025-12-03,Q08,做多,273,0.0005476683578348417,0.10706734934300499
时序加减修正后,2025-12-04,Q08,做多,87,-0.00007025936734528099,0.10698956749143163
时序加减修正后,2025-12-05,Q08,做多,111,0.004815572479594004,0.11232035598784096
时序加减修正后,2025-12-08,Q08,做多,350,-0.00017937786482694458,0.1121208303373804
时序加减修正后,2025-12-09,Q08,做多,88,-0.00157786279869883,0.11036605625153295
时序加减修正后,2025-12-10,Q08,做多,91,0.0009410319675385675,0.11141094620613523
时序加减修正后,2025-12-11,Q08,做多,38,-0.0008125223555811987,0.1105078999661051
时序加减修正后,2025-12-12,Q08,做多,281,-0.0008596122723302413,0.10955329374677447
时序加减修正后,2025-12-15,Q08,做多,179,-0.0005223608305290804,0.10897370656673666
时序加减修正后,2025-12-16,Q08,做多,158,-0.0011739968469118127,0.10767177493191915
时序加减修正后,2025-12-17,Q08,做多,112,0.001472663670028851,0.10930300291317785
时序加减修正后,2025-12-18,Q08,做多,158,0.00014996501590470456,0.10946935955565285
时序加减修正后,2025-12-19,Q08,做多,514,0.0003880705256897237,0.10989991191325221
时序加减修正后,2025-12-22,Q08,做多,542,0.00009647230279947222,0.11000698651363128
时序加减修正后,2025-12-23,Q08,做多,287,0.0003678554490470053,0.11041530863210047
时序加减修正后,2025-12-24,Q08,做多,175,0.0002760179169542555,0.11072180315254321
时序加减修正后,2025-12-25,Q08,做多,128,0.0006292551587137041,0.11142073057707269
时序加减修正后,2025-12-26,Q08,做多,408,-0.00017838674653723822,0.1112224678489111
时序加减修正后,2025-12-29,Q08,做多,365,-0.00028273903003101213,0.11090828188620283
时序加减修正后,2025-12-30,Q08,做多,332,0.0002805235496661149,0.1112199178207911
时序加减修正后,2025-12-31,Q08,做多,319,-0.0001835025242118524,0.11101600616091645
时序加减修正后,2026-01-05,Q08,做多,485,0.002780328506488922,0.114104995634011
时序加减修正后,2026-01-06,Q08,做多,348,0.0007449204543671181,0.11493491523357124
时序加减修正后,2026-01-07,Q08,做多,148,-0.0005421679635784696,0.11433043324105663
时序加减修正后,2026-01-08,Q08,做多,311,-0.0006723415004156854,0.11358122264561232
时序加减修正后,2026-01-09,Q08,做多,195,0.0006460771284204944,0.11430068200420207
时序加减修正后,2026-01-12,Q08,做多,224,0.0018714140865491963,0.11638599999715615
时序加减修正后,2026-01-13,Q08,做多,234,0.0005619813884363677,0.11701338815146545
时序加减修正后,2026-01-14,Q08,做多,191,-0.005196348046539571,0.11120899781398608
时序加减修正后,2026-01-15,Q08,做多,266,0.00348287299324087,0.11507919762231866
时序加减修正后,2026-01-16,Q08,做多,22,0.002412485014329749,0.11776930947637321
时序加减修正后,2026-01-19,Q08,做多,436,-0.00016711999664156284,0.1175825078731274
时序加减修正后,2026-01-20,Q08,做多,230,0.0026581947679559285,0.120553259848315
时序加减修正后,2026-01-21,Q08,做多,234,0.0008565624235400633,0.12151308366427638
时序加减修正后,2026-01-22,Q08,做多,194,0.00020526965919398396,0.12174329627274161
时序加减修正后,2026-01-23,Q08,做多,419,0.000872875051435735,0.12272243801017346
时序加减修正后,2026-01-26,Q08,做多,418,-0.001719989020275708,0.1207913677439787
时序加减修正后,2026-01-27,Q08,做多,404,-0.00016538425734324846,0.12060600649598774
时序加减修正后,2026-01-28,Q08,做多,104,-0.0005126794155610417,0.12003149486350329
时序加减修正后,2026-01-29,Q08,做多,218,-0.0009210573481900485,0.1189998816249549
时序加减修正后,2026-01-30,Q08,做多,342,-0.0022184703831996362,0.1165174135287661
时序加减修正后,2026-02-02,Q08,做多,415,-0.004262408884911916,0.11175835978518212
时序加减修正后,2026-02-03,Q08,做多,279,0.00036719089200157724,0.11216658732900187
时序加减修正后,2026-02-04,Q08,做多,46,-0.003183606351423963,0.10862588671773965
时序加减修正后,2026-02-05,Q08,做多,275,-0.002159693933949298,0.10623159411517613
时序加减修正后,2026-02-06,Q08,做多,436,0.0016832648535881063,0.10809367487747878
时序加减修正后,2026-02-09,Q08,做多,482,0.0012535751878079346,0.10948275361407211
时序加减修正后,2026-02-10,Q08,做多,338,0.0008244710048346694,0.11039748997479104
时序加减修正后,2026-02-11,Q08,做多,243,0.00008192409185401391,0.11048845828075415
时序加减修正后,2026-02-12,Q08,做多,381,-0.00020528829749944782,0.11026048799576094
时序加减修正后,2026-02-13,Q08,做多,282,-0.0005261162317223584,0.10967636193158636
时序加减修正后,2026-02-24,Q08,做多,87,0.0022463426288302944,0.11216907524759878
时序加减修正后,2026-02-25,Q08,做多,329,0.00010506619486682142,0.1122859266203835
时序加减修正后,2026-02-26,Q08,做多,481,-0.0005369804429677905,0.11168865083080015
时序加减修正后,2026-02-27,Q08,做多,217,0.001734201641395084,0.11361654311379121
时序加减修正后,2026-03-02,Q08,做多,440,-0.00042113446106255156,0.1131475608110768
时序加减修正后,2026-03-03,Q08,做多,207,-0.0025651381064637577,0.11029218358472304
时序加减修正后,2026-03-04,Q08,做多,236,0.00048054609365955634,0.11082573015636554
时序加减修正后,2026-03-05,Q08,做多,52,0.00396358104486493,0.11522857796456143
时序加减修正后,2026-03-06,Q08,做多,369,-0.002951123175607741,0.1119374010620302
时序加减修正后,2026-03-09,Q08,做多,128,0.006272800350757279,0.11891236238143232
时序加减修正后,2026-03-10,Q08,做多,287,0.0006610942939372927,0.11965206895961855
时序加减修正后,2026-03-11,Q08,做多,157,-0.00047644515138840196,0.11911861616012076
时序加减修正后,2026-03-12,Q08,做多,377,-0.00032816984655716287,0.11875135517557633
时序加减修正后,2026-03-13,Q08,做多,345,-0.0009164886915496553,0.11772603220990208
时序加减修正后,2026-03-16,Q08,做多,181,-0.0010564863663784212,0.11654516989552599
时序加减修正后,2026-03-17,Q08,做多,196,-0.0013025907412565155,0.11509076849502553
时序加减修正后,2026-03-18,Q08,做多,341,-0.0015666837551878716,0.1133437739024643
时序加减修正后,2026-03-19,Q08,做多,186,-0.0002922921661182397,0.11301835223915613
时序加减修正后,2026-03-20,Q08,做多,198,-0.0034268874179094445,0.10920416365196539
时序加减修正后,2026-03-23,Q08,做多,71,-0.0013546926423605584,0.10770153293259033
时序加减修正后,2026-03-24,Q08,做多,200,0.005079554906260455,0.11332816368887033
时序加减修正后,2026-03-25,Q08,做多,288,-0.0005823706570456327,0.11267979403467554
时序加减修正后,2026-03-26,Q08,做多,579,-0.001625371161784821,0.11087127638515093
时序加减修正后,2026-03-27,Q08,做多,362,-0.0007207074076232651,0.11007066322734427
时序加减修正后,2026-03-30,Q08,做多,463,0.00008852398654587565,0.11016893110780068
时序加减修正后,2026-03-31,Q08,做多,182,-0.0025297891393615377,0.10736043780302751
时序加减修正后,2026-04-01,Q08,做多,252,-0.0008802264617424086,0.10638570984298656
时序加减修正后,2026-04-02,Q08,做多,461,-0.002254766332813221,0.10389106859332697
时序加减修正后,2026-04-03,Q08,做多,548,-0.0008896052320606231,0.10290904132308132
时序加减修正后,2026-04-07,Q08,做多,60,0.009018540001125074,0.11285567062985602
时序加减修正后,2026-04-08,Q08,做多,288,0.0006107437520515507,0.11353534027762824
时序加减修正后,2026-04-09,Q08,做多,217,-0.00006784295963932447,0.11345979474448087
时序加减修正后,2026-04-10,Q08,做多,289,-0.001422267143796766,0.11187615746247714
时序加减修正后,2026-04-13,Q08,做多,300,0.002056672740194093,0.11416292284600194
时序加减修正后,2026-04-14,Q08,做多,6,-0.0007466228174356123,0.11333106338546428
时序加减修正后,2026-04-15,Q08,做多,246,-0.0006825451787076824,0.11257116463584493
时序加减修正后,2026-04-16,Q08,做多,380,0.0009599414610611826,0.11363916782516004
时序加减修正后,2026-04-17,Q08,做多,269,0.0011763298493945456,0.11494917481972755
时序加减修正后,2026-04-20,Q08,做多,152,0.0002095091964460344,0.11518276692542218
时序加减修正后,2026-04-21,Q08,做多,358,0.0017115839569852248,0.11709149585839818
时序加减修正后,2026-04-22,Q08,做多,276,0.000019892898262037637,0.11711371804587456
时序加减修正后,2026-04-23,Q08,做多,595,-0.00048555257438108256,0.11657130060420084
时序加减修正后,2026-04-24,Q08,做多,289,0.000030493672487908446,0.11660534896375085
时序加减修正后,2026-04-27,Q08,做多,207,-0.0001364521316566464,0.11645298578366559
时序加减修正后,2026-04-28,Q08,做多,605,-0.0007802120968831745,0.1155819156585558
时序加减修正后,2026-04-29,Q08,做多,324,0.0011841154000536828,0.11690289338490834
时序加减修正后,2026-04-30,Q08,做多,180,0.005384364088321389,0.12291670521419218
时序加减修正后,2026-05-06,Q08,做多,309,0.0007088613833391566,0.123712697503225
时序加减修正后,2026-05-07,Q08,做多,241,0.0006575515239756251,0.12445159649997906
时序加减修正后,2026-05-08,Q08,做多,501,0.0002746169843567531,0.1247603900064651
时序加减修正后,2026-05-11,Q08,做多,138,-0.0018825226648861671,0.12264300307971165
时序加减修正后,2026-05-12,Q08,做多,307,0.0005574002279426011,0.1232687645455266
时序加减修正后,2026-05-13,Q08,做多,276,0.0010190103789352797,0.12441338707493244
时序加减修正后,2026-05-14,Q08,做多,306,-0.0015730550902149202,0.12264462287288835
时序加减修正后,2026-05-15,Q08,做多,202,-0.001597909933245841,0.12085073787849465
时序加减修正后,2026-05-18,Q08,做多,341,-0.0005697249815489225,0.12021216121253775
时序加减修正后,2026-05-19,Q08,做多,414,-0.00011196460680999418,0.12008673709836382
时序加减修正后,2026-05-20,Q08,做多,49,-0.0018806838038750468,0.11798020811296772
时序加减修正后,2026-05-21,Q08,做多,383,-0.003420855263801287,0.11415575963321878
时序加减修正后,2026-05-22,Q08,做多,374,0.0016760234393781415,0.1160231108014822
时序加减修正后,2026-05-25,Q08,做多,165,-0.0010656719038017784,0.11483379632830748
时序加减修正后,2026-05-26,Q08,做多,218,0.0015905828874290134,0.11660703188707466
时序加减修正后,2026-05-27,Q08,做多,290,-0.0012565576916225335,0.115203950732637
时序加减修正后,2026-05-28,Q08,做多,594,0.0006121049873889861,0.11588657263283642
时序加减修正后,2026-05-29,Q08,做多,183,0.0003409584803735587,0.11626704362291052
时序加减修正后,2026-06-01,Q08,做多,584,-0.0014444578149316978,0.11465464296819872
时序加减修正后,2026-06-02,Q08,做多,437,0.0011039271969402803,0.11588514054376686
时序加减修正后,2026-06-03,Q08,做多,161,-0.0017903066984884316,0.11388736390190757
时序加减修正后,2026-06-04,Q08,做多,507,-0.000736632839659701,0.11306683788997529
时序加减修正后,2026-06-05,Q08,做多,181,-0.00420200500414753,0.10838972546721082
时序加减修正后,2026-06-08,Q08,做多,149,-0.0006098999266220482,0.1077137186549797
时序加减修正后,2026-06-09,Q08,做多,118,-0.0002776537612435739,0.10740615777461415
时序加减修正后,2026-06-10,Q08,做多,290,-0.0020485245185886142,0.10513760910837688
时序加减修正后,2026-06-11,Q08,做多,417,0.00129434823644234,0.10656804202375225
时序加减修正后,2026-06-12,Q08,做多,308,0.005262277344656893,0.11239110996161528
时序加减修正后,2026-06-15,Q08,做多,119,-0.0006252169755689541,0.11169562415619527
时序加减修正后,2026-06-16,Q08,做多,275,-0.00004617254534175365,0.11164429433958256
时序加减修正后,2026-06-17,Q08,做多,280,0.0026300949817011443,0.11456802441956171
时序加减修正后,2026-06-18,Q08,做多,242,0.000021168123191070536,0.11459161773280724
时序加减修正后,2026-06-22,Q08,做多,321,0.002318568085582092,0.11717587428613996
时序加减修正后,2026-06-23,Q08,做多,446,-0.00265051757023562,0.11421478000230123
时序加减修正后,2026-06-24,Q08,做多,212,0.0023756485181863508,0.11686176269335502
时序加减修正后,2026-06-25,Q08,做多,66,-0.003510549637047172,0.11294096403769993
时序加减修正后,2026-06-26,Q08,做多,148,-0.0006377813272568321,0.11223115107249759
时序加减修正后,2026-06-29,Q08,做多,571,0.0009033241570197976,0.11323585633945132
时序加减修正后,2026-06-30,Q08,做多,474,0.0021741152559346267,0.11565615939817242
时序加减修正后,2024-02-01,Q09,做多,337,0.002358057303710385,0.0023580573037103036
时序加减修正后,2024-02-02,Q09,做多,468,-0.004765116167229871,-0.0024182952805007485
时序加减修正后,2024-02-05,Q09,做多,162,-0.0026162146290808768,-0.005028183130091346
时序加减修正后,2024-02-06,Q09,做多,424,0.002577938895889397,-0.0024632065830687555
时序加减修正后,2024-02-07,Q09,做多,237,0.01385461692709352,0.011357283560403886
时序加减修正后,2024-02-08,Q09,做多,282,-0.00042388585608661857,0.010928583512452406
时序加减修正后,2024-02-19,Q09,做多,407,0.0013042095678824706,0.012247046243515358
时序加减修正后,2024-02-20,Q09,做多,125,0.0006109405053430236,0.012865468965479243
时序加减修正后,2024-02-21,Q09,做多,463,0.0006694018854823122,0.013543483020144631
时序加减修正后,2024-02-22,Q09,做多,94,0.0014452686805174033,0.015008325672495992
时序加减修正后,2024-02-23,Q09,做多,240,0.0006716737799858189,0.015690080151317565
时序加减修正后,2024-02-26,Q09,做多,513,-0.002380267982438663,0.013272465573452852
时序加减修正后,2024-02-27,Q09,做多,378,0.0038607211158488922,0.017184427977400496
时序加减修正后,2024-02-28,Q09,做多,231,-0.005188430068230517,0.011906837706346707
时序加减修正后,2024-02-29,Q09,做多,599,0.0023287852127274566,0.014263351386655021
时序加减修正后,2024-03-01,Q09,做多,385,0.0013882110798606716,0.01567136300894667
时序加减修正后,2024-03-04,Q09,做多,202,0.001140976687322721,0.01683022035612125
时序加减修正后,2024-03-05,Q09,做多,187,-0.0005411520187067862,0.016279960629693502
时序加减修正后,2024-03-06,Q09,做多,241,-0.001186406352840793,0.015074239628137587
时序加减修正后,2024-03-07,Q09,做多,446,-0.0003467456328279585,0.014722267068550288
时序加减修正后,2024-03-08,Q09,做多,176,0.002585275547062338,0.01734560373266225
时序加减修正后,2024-03-11,Q09,做多,373,0.0033329194113964856,0.02073633464344171
时序加减修正后,2024-03-12,Q09,做多,366,-0.0005762897236989951,0.02014809478318047
时序加减修正后,2024-03-13,Q09,做多,363,-0.000056231306938290306,0.02009073052254018
时序加减修正后,2024-03-14,Q09,做多,293,0.00011016205338347598,0.02020310581205198
时序加减修正后,2024-03-15,Q09,做多,84,0.0035237049043124508,0.023798000499396732
时序加减修正后,2024-03-18,Q09,做多,279,0.0011488843250271363,0.024974225974164543
时序加减修正后,2024-03-19,Q09,做多,316,-0.0007343458300274967,0.024221540425434673
时序加减修正后,2024-03-20,Q09,做多,458,0.0015045136167343342,0.025762495679557462
时序加减修正后,2024-03-21,Q09,做多,276,-0.0016110750847329273,0.024109915279914684
时序加减修正后,2024-03-22,Q09,做多,95,-0.0029146822433750983,0.021124960294583994
时序加减修正后,2024-03-25,Q09,做多,254,-0.0004220946825733436,0.020693948878600654
时序加减修正后,2024-03-26,Q09,做多,190,-0.001427849936053941,0.019236551088963605
时序加减修正后,2024-03-27,Q09,做多,115,-0.004083627773133744,0.015074368401543747
时序加减修正后,2024-03-28,Q09,做多,501,0.002462040682006911,0.01757352279181079
时序加减修正后,2024-03-29,Q09,做多,219,0.0030952138386803126,0.020723130441430815
时序加减修正后,2024-04-01,Q09,做多,397,0.0011139624143892872,0.021860177644240197
时序加减修正后,2024-04-02,Q09,做多,476,0.0001366250289567627,0.021999789320600538
时序加减修正后,2024-04-03,Q09,做多,294,-0.000024536108700273443,0.021974713422678205
时序加减修正后,2024-04-08,Q09,做多,138,-0.0004401405412468391,0.021524900919171808
时序加减修正后,2024-04-09,Q09,做多,53,-0.005016700795029053,0.016400216136588597
时序加减修正后,2024-04-10,Q09,做多,181,-0.000331939356901634,0.016062832902489443
时序加减修正后,2024-04-11,Q09,做多,273,0.0006816827988273579,0.016755465458206942
时序加减修正后,2024-04-12,Q09,做多,151,-0.0013895206922813262,0.01534266269996265
时序加减修正后,2024-04-15,Q09,做多,620,0.0012035208218871812,0.016564648735872378
时序加减修正后,2024-04-16,Q09,做多,308,-0.0012929321761688485,0.015250299592366012
时序加减修正后,2024-04-17,Q09,做多,387,0.001824208766270356,0.017102328088840935
时序加减修正后,2024-04-18,Q09,做多,300,-0.0015034476188763317,0.01557316801552222
时序加减修正后,2024-04-19,Q09,做多,368,-0.0005135565391889901,0.015051613774063055
时序加减修正后,2024-04-22,Q09,做多,261,0.0002817852748117465,0.015337640371998473
时序加减修正后,2024-04-23,Q09,做多,161,-0.00030022926064770703,0.01503280630292192
时序加减修正后,2024-04-24,Q09,做多,178,-0.0013695906979663643,0.013642626813278769
时序加减修正后,2024-04-25,Q09,做多,209,0.002260634280144099,0.015934102083268176
时序加减修正后,2024-04-26,Q09,做多,714,0.0014855328932264623,0.017443305609263327
时序加减修正后,2024-04-29,Q09,做多,650,0.00101501788661363,0.018476028763072083
时序加减修正后,2024-04-30,Q09,做多,396,-0.0007916536183028706,0.01766974852974701
时序加减修正后,2024-05-06,Q09,做多,58,-0.0009596703020461377,0.016693121094792263
时序加减修正后,2024-05-07,Q09,做多,280,-0.00028668449219497103,0.01640165094365309
时序加减修正后,2024-05-08,Q09,做多,565,-0.00016565855042092025,0.01623327531951224
时序加减修正后,2024-05-09,Q09,做多,55,0.00027045528139834377,0.01650812097595522
时序加减修正后,2024-05-10,Q09,做多,205,-0.003948695996418459,0.012494239428330722
时序加减修正后,2024-05-13,Q09,做多,624,-0.000042209150094025135,0.01245150290700936
时序加减修正后,2024-05-14,Q09,做多,78,-0.0048671990384135805,0.007523699925620075
时序加减修正后,2024-05-15,Q09,做多,114,0.0018531573385412788,0.009390799863891353
时序加减修正后,2024-05-16,Q09,做多,150,0.0011865142022725195,0.010588456383572975
时序加减修正后,2024-05-17,Q09,做多,92,0.007982427446657548,0.01865540541508448
时序加减修正后,2024-05-20,Q09,做多,395,-0.0007060655672324208,0.017936167908445766
时序加减修正后,2024-05-21,Q09,做多,435,-0.0002957691884838478,0.01763509375413519
时序加减修正后,2024-05-22,Q09,做多,84,-0.004937150371309447,0.012610876273149385
时序加减修正后,2024-05-23,Q09,做多,42,-0.0008263584708661906,0.0117740966978499
时序加减修正后,2024-05-24,Q09,做多,82,-0.0010774994369102187,0.010683910678377595
时序加减修正后,2024-05-27,Q09,做多,393,-0.0016128467701103108,0.009053832397437622
时序加减修正后,2024-05-28,Q09,做多,107,0.0005205728869602872,0.009579118464067227
时序加减修正后,2024-05-29,Q09,做多,142,-0.0008187362611454479,0.008752539431285511
时序加减修正后,2024-05-30,Q09,做多,439,0.0006341219805916246,0.009392211589516641
时序加减修正后,2024-05-31,Q09,做多,499,-0.0012221231951838115,0.008158609954695306
时序加减修正后,2024-06-03,Q09,做多,674,-0.00012616664200042028,0.00803141396827356
时序加减修正后,2024-06-04,Q09,做多,69,0.00006829755886059687,0.008100260053102382
时序加减修正后,2024-06-05,Q09,做多,99,0.0019144530430426727,0.010030220663653111
时序加减修正后,2024-06-06,Q09,做多,206,0.0032571719638176504,0.01332006278100728
时序加减修正后,2024-06-07,Q09,做多,134,0.0009328953428984508,0.014265384348441268
时序加减修正后,2024-06-11,Q09,做多,325,-0.0005437914823078944,0.013713835471632851
时序加减修正后,2024-06-12,Q09,做多,71,-0.00003873187541128726,0.013674572433654664
时序加减修正后,2024-06-13,Q09,做多,500,-0.0004301553523619077,0.013238534890769094
时序加减修正后,2024-06-14,Q09,做多,118,-0.0007341898450496215,0.012494625447839303
时序加减修正后,2024-06-17,Q09,做多,383,0.0015247496760610033,0.014038426300004403
时序加减修正后,2024-06-18,Q09,做多,448,0.00035239089129390777,0.014395764204854444
时序加减修正后,2024-06-19,Q09,做多,180,-0.001023559105508159,0.013357470183813724
时序加减修正后,2024-06-20,Q09,做多,165,-0.00043296000775157925,0.012918726925667867
时序加减修正后,2024-06-21,Q09,做多,30,0.0010464565178457026,0.013978702329507042
时序加减修正后,2024-06-24,Q09,做多,145,-0.0012661239889737396,0.012694879570179118
时序加减修正后,2024-06-25,Q09,做多,133,-0.00009715112559261025,0.012596495122747076
时序加减修正后,2024-06-26,Q09,做多,236,-0.002695213737505413,0.009867331138542434
时序加减修正后,2024-06-27,Q09,做多,310,0.0016017648041358164,0.011484901086406651
时序加减修正后,2024-06-28,Q09,做多,743,-0.0004512704861745042,0.011028447803335117
时序加减修正后,2024-07-01,Q09,做多,609,0.00012909526825025724,0.011158966792012892
时序加减修正后,2024-07-02,Q09,做多,220,-0.00040954571488162567,0.01074485097009914
时序加减修正后,2024-07-03,Q09,做多,172,0.00180096542837503,0.01256516750360448
时序加减修正后,2024-07-04,Q09,做多,402,-0.0018833224543441112,0.010658180787158189
时序加减修正后,2024-07-05,Q09,做多,112,0.0000180480630141184,0.010676421209690812
时序加减修正后,2024-07-08,Q09,做多,280,0.0002763074754901546,0.010955678660172552
时序加减修正后,2024-07-09,Q09,做多,473,0.001045037892434931,0.01201216565194474
时序加减修正后,2024-07-10,Q09,做多,184,0.004392816857568466,0.016457749753284956
时序加减修正后,2024-07-11,Q09,做多,590,-0.00021527795910576783,0.01623892880340083
时序加减修正后,2024-07-12,Q09,做多,362,0.0000904250655718661,0.016330822275174572
时序加减修正后,2024-07-15,Q09,做多,258,-0.0002984983414838401,0.016027449210326505
时序加减修正后,2024-07-16,Q09,做多,13,0.000821592420554505,0.016862209661673067
时序加减修正后,2024-07-17,Q09,做多,92,-0.005637700334140707,0.011129445242488378
时序加减修正后,2024-07-18,Q09,做多,392,-0.00033047091041485795,0.010795296374171759
时序加减修正后,2024-07-19,Q09,做多,430,0.0010011725361881302,0.011807276864609584
时序加减修正后,2024-07-22,Q09,做多,613,-0.0008677470473134203,0.01092928408766003
时序加减修正后,2024-07-23,Q09,做多,235,-0.001004146922647859,0.009914162558028794
时序加减修正后,2024-07-24,Q09,做多,342,-0.0008127155378936587,0.009093389626179116
时序加减修正后,2024-07-25,Q09,做多,235,0.001753937572217918,0.010863276436121172
时序加减修正后,2024-07-26,Q09,做多,18,-0.002709702207034247,0.008124137984952373
时序加减修正后,2024-07-29,Q09,做多,449,-0.00037917663223626877,0.007741880869435169
时序加减修正后,2024-07-30,Q09,做多,615,0.0005266021524117767,0.008272559912976485
时序加减修正后,2024-07-31,Q09,做多,623,0.0032720636105357166,0.01157169186576934
时序加减修正后,2024-08-01,Q09,做多,359,0.00013778835298449077,0.011711074663117271
时序加减修正后,2024-08-02,Q09,做多,541,-0.001937855052099877,0.009750525245815878
时序加减修正后,2024-08-05,Q09,做多,283,0.0015727432196640636,0.011338603537948577
时序加减修正后,2024-08-06,Q09,做多,36,-0.0018199181411344195,0.009498050066540253
时序加减修正后,2024-08-07,Q09,做多,73,-0.00425831754755688,0.005199286805717351
时序加减修正后,2024-08-08,Q09,做多,211,-0.00014985393227538165,0.005048653739869069
时序加减修正后,2024-08-09,Q09,做多,371,-0.0008485740606333072,0.004195795522631052
时序加减修正后,2024-08-12,Q09,做多,1258,1.5848857073351334e-6,0.004197387058194835
时序加减修正后,2024-08-13,Q09,做多,56,0.00004227011907330182,0.004239834601318826
时序加减修正后,2024-08-14,Q09,做多,41,0.0009992542114426813,0.005243325485342787
时序加减修正后,2024-08-15,Q09,做多,172,0.0003584153797884599,0.005603620153626476
时序加减修正后,2024-08-16,Q09,做多,46,0.005191577108274467,0.0108242888880139
时序加减修正后,2024-08-19,Q09,做多,590,-0.0007591900013937709,0.010056881194724143
时序加减修正后,2024-08-20,Q09,做多,568,-0.0011207758411984914,0.008924833844044855
时序加减修正后,2024-08-21,Q09,做多,64,-0.0008689608707754815,0.008048117641880737
时序加减修正后,2024-08-22,Q09,做多,106,0.0016721704030818007,0.00973374586908382
时序加减修正后,2024-08-23,Q09,做多,114,0.0004801781478020354,0.010218597948948416
时序加减修正后,2024-08-26,Q09,做多,308,-0.000030322103535203874,0.010187965996028225
时序加减修正后,2024-08-27,Q09,做多,243,-0.0005439251640700417,0.009638499340882234
时序加减修正后,2024-08-28,Q09,做多,352,-0.0010117074522316795,0.008617040547039156
时序加减修正后,2024-08-29,Q09,做多,561,0.00013652558729206933,0.008754742580852515
时序加减修正后,2024-08-30,Q09,做多,367,-0.0006012767404935618,0.008148201817276046
时序加减修正后,2024-09-02,Q09,做多,353,-0.00221828385137507,0.00591184294139202
时序加减修正后,2024-09-03,Q09,做多,380,0.00030294127905347665,0.006216575161707594
时序加减修正后,2024-09-04,Q09,做多,66,0.0023867811096627547,0.008618193875532976
时序加减修正后,2024-09-05,Q09,做多,15,0.0000630420147596548,0.008681779198598027
时序加减修正后,2024-09-06,Q09,做多,290,-0.0018507104047753744,0.006815001334727899
时序加减修正后,2024-09-09,Q09,做多,492,-0.0013419911970046767,0.005463864465924395
时序加减修正后,2024-09-10,Q09,做多,210,0.0033194947438633313,0.008801496479163395
时序加减修正后,2024-09-11,Q09,做多,65,0.00287192950087886,0.011698703257432497
时序加减修正后,2024-09-12,Q09,做多,311,0.0015723483130091374,0.013289446006772954
时序加减修正后,2024-09-13,Q09,做多,300,-0.0002058848221107231,0.0130808250894352
时序加减修正后,2024-09-18,Q09,做多,411,-0.0010769738377981288,0.01198976354523884
时序加减修正后,2024-09-19,Q09,做多,284,-0.003138847536363933,0.008813281969109354
时序加减修正后,2024-09-20,Q09,做多,201,0.0037271158914666726,0.012573245983859005
时序加减修正后,2024-09-23,Q09,做多,116,0.0031581167189995477,0.0157710704812124
时序加减修正后,2024-09-24,Q09,做多,545,0.011116385878300841,0.027062773664696227
时序加减修正后,2024-09-25,Q09,做多,184,0.0008140901004283122,0.02789889530125511
时序加减修正后,2024-09-26,Q09,做多,247,0.0156596130616058,0.04399539426812482
时序加减修正后,2024-09-27,Q09,做多,157,0.02313283303110033,0.06814596540896711
时序加减修正后,2024-09-30,Q09,做多,251,0.017730265492281183,0.08708447696017729
时序加减修正后,2024-10-08,Q09,做多,542,-0.006876724345008246,0.07960889667238469
时序加减修正后,2024-10-09,Q09,做多,334,0.001184368131318566,0.08088755104389156
时序加减修正后,2024-10-10,Q09,做多,266,-0.0027378846519111122,0.07792820560744662
时序加减修正后,2024-10-11,Q09,做多,202,-5.940681815148552e-6,0.0779218019789576
时序加减修正后,2024-10-14,Q09,做多,162,-0.0026158653819476495,0.07510210365271419
时序加减修正后,2024-10-15,Q09,做多,106,-0.0036354348794359467,0.07119363996614014
时序加减修正后,2024-10-16,Q09,做多,192,0.005009786058205161,0.07656009092928073
时序加减修正后,2024-10-17,Q09,做多,139,0.0007834854671750854,0.07740356011506444
时序加减修正后,2024-10-18,Q09,做多,198,0.004484507430761093,0.08223518438632893
时序加减修正后,2024-10-21,Q09,做多,129,0.003142244379259935,0.08563583181150425
时序加减修正后,2024-10-22,Q09,做多,268,0.0030271228225406525,0.08892218481494885
时序加减修正后,2024-10-23,Q09,做多,124,-0.004481380609391753,0.08404231005078255
时序加减修正后,2024-10-24,Q09,做多,579,-0.00030875623385432586,0.08370760522979248
时序加减修正后,2024-10-25,Q09,做多,221,-0.0009044993775787064,0.08272739237538485
时序加减修正后,2024-10-28,Q09,做多,197,0.00046145986026356254,0.08322702760657386
时序加减修正后,2024-10-29,Q09,做多,276,-0.0009636399340772608,0.08218318678510039
时序加减修正后,2024-10-30,Q09,做多,493,-0.000028957955970588986,0.08215184897202543
时序加减修正后,2024-10-31,Q09,做多,116,0.0018031569809957954,0.0841031386329969
时序加减修正后,2024-11-01,Q09,做多,367,-0.0003793617775974597,0.08369187133922606
时序加减修正后,2024-11-04,Q09,做多,217,0.0023072430749170587,0.0861922119047176
时序加减修正后,2024-11-05,Q09,做多,612,0.0034860999107907153,0.08997878647774016
时序加减修正后,2024-11-06,Q09,做多,312,-0.001187321496637686,0.08868463123367598
时序加减修正后,2024-11-07,Q09,做多,274,0.0062822337093923234,0.0955240025229096
时序加减修正后,2024-11-08,Q09,做多,295,-0.00022511234718090774,0.09527738654330853
时序加减修正后,2024-11-11,Q09,做多,828,0.0019229453265601794,0.09738354507504887
时序加减修正后,2024-11-12,Q09,做多,288,-0.00016795789743658437,0.09719923084213655
时序加减修正后,2024-11-13,Q09,做多,244,-0.0003328525991924298,0.09683402522631868
时序加减修正后,2024-11-14,Q09,做多,118,-0.0004908802658388533,0.09629561104843454
时序加减修正后,2024-11-15,Q09,做多,91,-0.0031601404831575223,0.09283116290645244
时序加减修正后,2024-11-18,Q09,做多,389,-0.002765503081403,0.08980893495798137
时序加减修正后,2024-11-19,Q09,做多,164,0.0037373930426616514,0.09388197928932374
时序加减修正后,2024-11-20,Q09,做多,81,-0.000138182658971615,0.09373082376882436
时序加减修正后,2024-11-21,Q09,做多,68,-0.0011687601635297622,0.0924525147523787
时序加减修正后,2024-11-22,Q09,做多,378,-0.0044864134551346226,0.08755132109109787
时序加减修正后,2024-11-25,Q09,做多,628,-0.0009821717827887201,0.08648315887118763
时序加减修正后,2024-11-26,Q09,做多,78,-0.006266898166639014,0.07967427955477357
时序加减修正后,2024-11-27,Q09,做多,569,0.002813188742912949,0.08271160708402969
时序加减修正后,2024-11-28,Q09,做多,332,-0.0004066779505570506,0.08227129214661644
时序加减修正后,2024-11-29,Q09,做多,522,-0.002159843001878137,0.07993375607014008
时序加减修正后,2024-12-02,Q09,做多,488,-0.00040577007508754383,0.07949555126885
时序加减修正后,2024-12-03,Q09,做多,291,0.0005761108925158824,0.08011746041435841
时序加减修正后,2024-12-04,Q09,做多,246,-0.00023656848527498663,0.0798619386628292
时序加减修正后,2024-12-05,Q09,做多,137,0.000849813577070251,0.08077961999966621
时序加减修正后,2024-12-06,Q09,做多,414,-0.00020215093075197385,0.08056113939354548
时序加减修正后,2024-12-09,Q09,做多,445,-7.353437283884713e-6,0.08055319355497548
时序加减修正后,2024-12-10,Q09,做多,298,-0.0008443649443286985,0.07964081231785514
时序加减修正后,2024-12-11,Q09,做多,441,-0.00028491549337992356,0.07933320592314042
时序加减修正后,2024-12-12,Q09,做多,157,0.002537371219358456,0.0820718749359477
时序加减修正后,2024-12-13,Q09,做多,329,-0.0037011497124777803,0.07806696492714815
时序加减修正后,2024-12-16,Q09,做多,155,-0.0018946832654746098,0.07602436948963964
时序加减修正后,2024-12-17,Q09,做多,242,0.0004730157479495897,0.07653334596158579
时序加减修正后,2024-12-18,Q09,做多,89,-0.0022068811993224526,0.07415756475993951
时序加减修正后,2024-12-19,Q09,做多,542,-0.00045738242318048495,0.07366626397009202
时序加减修正后,2024-12-20,Q09,做多,298,0.0017564217615173348,0.07555207476073611
时序加减修正后,2024-12-23,Q09,做多,423,-0.0010808111461993784,0.07438960609001688
时序加减修正后,2024-12-24,Q09,做多,318,0.002898298147201843,0.07750350749472057
时序加减修正后,2024-12-25,Q09,做多,208,0.0019013181956954494,0.07955218451944601
时序加减修正后,2024-12-26,Q09,做多,252,0.0002531888743587409,0.07982551512185587
时序加减修正后,2024-12-27,Q09,做多,216,0.00011420511196370676,0.07994883671571174
时序加减修正后,2024-12-30,Q09,做多,469,-0.00007552855706370093,0.079867269738372
时序加减修正后,2024-12-31,Q09,做多,524,-0.0034126004909033236,0.07618211416355236
时序加减修正后,2025-01-02,Q09,做多,447,-0.0049454576355103435,0.07085990110986251
时序加减修正后,2025-01-03,Q09,做多,232,-0.003250016139708319,0.067379589147889
时序加减修正后,2025-01-06,Q09,做多,104,0.0023513869015145106,0.0698894115327553
时序加减修正后,2025-01-07,Q09,做多,127,0.003460342856376124,0.07359159571506524
时序加减修正后,2025-01-08,Q09,做多,291,-0.002495404650880559,0.07091255025397158
时序加减修正后,2025-01-09,Q09,做多,89,0.0002957996683394055,0.07122932583115738
时序加减修正后,2025-01-10,Q09,做多,247,-0.0028896536360673184,0.06813384411470746
时序加减修正后,2025-01-13,Q09,做多,460,-0.000790520204321618,0.06728946273001513
时序加减修正后,2025-01-14,Q09,做多,540,0.002135669786501374,0.06956884058901891
时序加减修正后,2025-01-15,Q09,做多,68,0.011698570620758212,0.082081267204412
时序加减修正后,2025-01-16,Q09,做多,416,-0.0017606122018885518,0.08017614172193688
时序加减修正后,2025-01-17,Q09,做多,179,0.008435296491695719,0.08928774774061732
时序加减修正后,2025-01-20,Q09,做多,237,-0.0003208343800542167,0.08893826678137029
时序加减修正后,2025-01-21,Q09,做多,174,0.0007995412807372043,0.08980891787783629
时序加减修正后,2025-01-22,Q09,做多,95,0.006968318839024409,0.09740305389122117
时序加减修正后,2025-01-23,Q09,做多,65,0.0011190858902409672,0.09863114216473834
时序加减修正后,2025-01-24,Q09,做多,340,0.00037456870881321855,0.09904265501312093
时序加减修正后,2025-01-27,Q09,做多,157,-0.002367723268660855,0.09644042614559556
时序加减修正后,2025-02-05,Q09,做多,346,0.000666235173601392,0.09717091332325212
时序加减修正后,2025-02-06,Q09,做多,223,0.0016857224325764288,0.09902043894421153
时序加减修正后,2025-02-07,Q09,做多,605,-0.0009250770521113045,0.09800376035634284
时序加减修正后,2025-02-10,Q09,做多,306,0.0008124509333915174,0.09889583453631179
时序加减修正后,2025-02-11,Q09,做多,567,0.00012985448670670854,0.0990385310908497
时序加减修正后,2025-02-12,Q09,做多,96,-0.0017219559522345662,0.09714603515050269
时序加减修正后,2025-02-13,Q09,做多,87,-0.000097758294126332,0.09703878002569888
时序加减修正后,2025-02-14,Q09,做多,85,0.0029421734692090576,0.10026645841898385
时序加减修正后,2025-02-17,Q09,做多,49,0.0007945768141938487,0.10114070463627889
时序加减修正后,2025-02-18,Q09,做多,71,0.0023722561749770685,0.10375289247237096
时序加减修正后,2025-02-19,Q09,做多,516,0.00028949721896184594,0.10407242586516263
时序加减修正后,2025-02-20,Q09,做多,36,0.0027799501892155198,0.10714169221435421
时序加减修正后,2025-02-21,Q09,做多,377,-0.0003753754862607179,0.10672609836327962
时序加减修正后,2025-02-24,Q09,做多,352,-0.0006781540469091851,0.10597556758085447
时序加减修正后,2025-02-25,Q09,做多,106,0.0013878700561724814,0.10751051795395838
时序加减修正后,2025-02-26,Q09,做多,170,0.0011791376125663245,0.10881642526199076
时序加减修正后,2025-02-27,Q09,做多,193,-0.001179109290399024,0.1075090095136173
时序加减修正后,2025-02-28,Q09,做多,752,-0.0028209086962490007,0.10438482771750635
时序加减修正后,2025-03-03,Q09,做多,323,-0.00028673485289082716,0.10406816209639591
时序加减修正后,2025-03-04,Q09,做多,139,0.0014150316170121547,0.10563045345309874
时序加减修正后,2025-03-06,Q09,做多,384,-0.00010085680574434264,0.10551894309722987
时序加减修正后,2025-03-07,Q09,做多,367,-0.00045011056943879683,0.10502133733622698
时序加减修正后,2025-03-10,Q09,做多,497,-0.0009948662804130238,0.10392198886857429
时序加减修正后,2025-03-11,Q09,做多,80,0.003795247999551066,0.10811164658848815
时序加减修正后,2025-03-12,Q09,做多,45,-0.004342695460137394,0.10329945517152295
时序加减修正后,2025-03-13,Q09,做多,361,0.0014358468131559522,0.10488362417818764
时序加减修正后,2025-03-14,Q09,做多,411,0.0018156476706196866,0.10688970355673266
时序加减修正后,2025-03-17,Q09,做多,169,0.0009106843620230452,0.107897730700246
时序加减修正后,2025-03-18,Q09,做多,175,0.0003518194885275859,0.10828751071320197
时序加减修正后,2025-03-19,Q09,做多,286,-0.0013343898842920082,0.10680862307001915
时序加减修正后,2025-03-20,Q09,做多,68,-0.0007767001901383457,0.10594896460203396
时序加减修正后,2025-03-21,Q09,做多,20,-0.0015335866090026684,0.1042528960796798
时序加减修正后,2025-03-24,Q09,做多,193,0.00040980923452343395,0.10470542911374259
时序加减修正后,2025-03-25,Q09,做多,70,0.0023862720391272367,0.10734155679070878
时序加减修正后,2025-03-26,Q09,做多,52,-0.0019226376715988198,0.10521254019829596
时序加减修正后,2025-03-27,Q09,做多,254,-0.0012849032767358792,0.1037924489839055
时序加减修正后,2025-03-28,Q09,做多,745,-0.00039077725644975794,0.10336111199900166
时序加减修正后,2025-03-31,Q09,做多,899,-0.00008184650812571422,0.10327080574478287
时序加减修正后,2025-04-01,Q09,做多,147,0.0015905155728216328,0.10502557514235922
时序加减修正后,2025-04-02,Q09,做多,215,-0.0003646249456471915,0.10462265525208414
时序加减修正后,2025-04-03,Q09,做多,745,-0.0020726689770868543,0.10233313814315581
时序加减修正后,2025-04-07,Q09,做多,208,0.0011977262529049208,0.10365343148215689
时序加减修正后,2025-04-08,Q09,做多,318,-0.0027546290988561995,0.10061327562474376
时序加减修正后,2025-04-09,Q09,做多,394,0.006371019104243239,0.10762530383013269
时序加减修正后,2025-04-10,Q09,做多,558,0.00033893235746049655,0.10800071388554278
时序加减修正后,2025-04-11,Q09,做多,462,0.0013999713895536529,0.10955188318458742
时序加减修正后,2025-04-14,Q09,做多,51,0.0006618752175948911,0.1102862680787029
时序加减修正后,2025-04-15,Q09,做多,510,-0.0004348838569164988,0.10980342250415953
时序加减修正后,2025-04-16,Q09,做多,74,0.0061331597427016354,0.11661002417737465
时序加减修正后,2025-04-17,Q09,做多,137,-0.0011674034204807754,0.11530648981580671
时序加减修正后,2025-04-18,Q09,做多,236,0.0027523990828108333,0.11837625837542887
时序加减修正后,2025-04-21,Q09,做多,393,0.0007265471774002338,0.119188811489223
时序加减修正后,2025-04-22,Q09,做多,205,-0.00023906272321388625,0.11892125516415786
时序加减修正后,2025-04-23,Q09,做多,187,0.0008818339036049552,0.1199079578624258
时序加减修正后,2025-04-24,Q09,做多,660,0.00007717636286873709,0.11999438828536135
时序加减修正后,2025-04-25,Q09,做多,99,-0.004446715489706034,0.11501409189058909
时序加减修正后,2025-04-28,Q09,做多,1037,0.0000675222224328243,0.1150893801201176
时序加减修正后,2025-04-29,Q09,做多,206,0.002343535896127753,0.1177026321098198
时序加减修正后,2025-04-30,Q09,做多,140,0.0017513283528907259,0.11966009641953423
时序加减修正后,2025-05-06,Q09,做多,150,0.0015935659436460508,0.12144434861764797
时序加减修正后,2025-05-07,Q09,做多,147,0.00033781641842219284,0.12182319093095773
时序加减修正后,2025-05-08,Q09,做多,261,-0.0014989602926061881,0.12014162251242744
时序加减修正后,2025-05-09,Q09,做多,724,-0.00007323026063370272,0.12005959424946422
时序加减修正后,2025-05-12,Q09,做多,16,-0.0017367825585097307,0.11811429428168019
时序加减修正后,2025-05-13,Q09,做多,36,0.0013888584471715149,0.11966719676419646
时序加减修正后,2025-05-14,Q09,做多,205,-0.000693231380350104,0.11889100832785093
时序加减修正后,2025-05-15,Q09,做多,348,-0.0009798968479420485,0.11779461055559981
时序加减修正后,2025-05-16,Q09,做多,106,-0.002063346321109456,0.11548821315815383
时序加减修正后,2025-05-19,Q09,做多,348,0.00027792069933388244,0.11579823042245363
时序加减修正后,2025-05-20,Q09,做多,49,0.0005368707779965991,0.11639726988650789
时序加减修正后,2025-05-21,Q09,做多,100,-0.0018082336572842906,0.1143785627681988
时序加减修正后,2025-05-22,Q09,做多,757,0.00018534674194047493,0.11458510920409615
时序加减修正后,2025-05-23,Q09,做多,355,-0.0018463203162905877,0.11252722807273763
时序加减修正后,2025-05-26,Q09,做多,159,-0.00007416441817526302,0.11244471813816337
时序加减修正后,2025-05-27,Q09,做多,112,-0.0004129524881396459,0.11198533132389032
时序加减修正后,2025-05-28,Q09,做多,222,0.0031032262725660133,0.11543607341876272
时序加减修正后,2025-05-29,Q09,做多,270,-0.0009457875586964225,0.11438110785800193
时序加减修正后,2025-05-30,Q09,做多,586,-0.00036292150966164935,0.11397667498399966
时序加减修正后,2025-06-03,Q09,做多,62,0.0041494779044672124,0.11859909658293777
时序加减修正后,2025-06-04,Q09,做多,89,-0.0007261374519841636,0.11778683988515337
时序加减修正后,2025-06-05,Q09,做多,220,0.0016310162753970046,0.11960996841343063
时序加减修正后,2025-06-06,Q09,做多,569,0.000548623284180354,0.12022421251130266
时序加减修正后,2025-06-09,Q09,做多,415,0.0002590523654449849,0.1205144092433823
时序加减修正后,2025-06-10,Q09,做多,433,-0.0005080646157460841,0.11994511552061216
时序加减修正后,2025-06-11,Q09,做多,34,-0.0024111156920245025,0.1172447982783742
时序加减修正后,2025-06-12,Q09,做多,255,-0.00029381550461859626,0.11691653443418559
时序加减修正后,2025-06-16,Q09,做多,28,-0.00033628828662455944,0.11654092848651798
时序加减修正后,2025-06-17,Q09,做多,117,0.0015019856544577668,0.11821795694371984
时序加减修正后,2025-06-18,Q09,做多,71,0.00013244139966407371,0.11836605529506716
时序加减修正后,2025-06-19,Q09,做多,79,-0.0005352463711552687,0.11776745392234722
时序加减修正后,2025-06-20,Q09,做多,137,-0.0010389009000199003,0.11660620430845436
时序加减修正后,2025-06-23,Q09,做多,414,0.0013986602938055748,0.11816795707023764
时序加减修正后,2025-06-24,Q09,做多,235,0.0018134492973021746,0.1201956979662524
时序加减修正后,2025-06-25,Q09,做多,138,-0.00010582209743797253,0.12007715650795259
时序加减修正后,2025-06-26,Q09,做多,227,0.000664522713419493,0.12082147321923431
时序加减修正后,2025-06-27,Q09,做多,489,-0.001181575214396674,0.11949713834671494
时序加减修正后,2025-06-30,Q09,做多,482,0.00027112787423170647,0.11980066522604349
时序加减修正后,2025-07-01,Q09,做多,181,0.0008206081512970695,0.12071958277975603
时序加减修正后,2025-07-02,Q09,做多,61,0.0010877089086131833,0.12193859945400276
时序加减修正后,2025-07-03,Q09,做多,80,-0.0012523635943580303,0.12053352439694165
时序加减修正后,2025-07-04,Q09,做多,924,-0.00028573815424434457,0.12021334521591154
时序加减修正后,2025-07-07,Q09,做多,390,0.0014841448230585323,0.12187590405293469
时序加减修正后,2025-07-08,Q09,做多,91,0.0005788042960505534,0.1225252506458363
时序加减修正后,2025-07-09,Q09,做多,264,-0.0007461620229095746,0.12168766493404726
时序加减修正后,2025-07-10,Q09,做多,419,-0.0000977564627158251,0.12157801271565138
时序加减修正后,2025-07-11,Q09,做多,808,0.00039960975561938324,0.12202620623122074
时序加减修正后,2025-07-14,Q09,做多,121,0.0007849225216022739,0.12290690987031971
时序加减修正后,2025-07-15,Q09,做多,45,0.0018033765709131128,0.12493193388289625
时序加减修正后,2025-07-16,Q09,做多,28,0.003122524160841879,0.1284445610257483
时序加减修正后,2025-07-17,Q09,做多,203,0.0022142943969345364,0.130943269494479
时序加减修正后,2025-07-18,Q09,做多,536,-0.0005271890759172154,0.1303470485573195
时序加减修正后,2025-07-21,Q09,做多,618,-0.00038326029106013895,0.12991383141849044
时序加减修正后,2025-07-22,Q09,做多,239,0.0034489565047376523,0.1338108550771544
时序加减修正后,2025-07-23,Q09,做多,178,0.0004018363167407198,0.13426646145503907
时序加减修正后,2025-07-24,Q09,做多,501,0.0005731713161824695,0.13491659045565285
时序加减修正后,2025-07-25,Q09,做多,504,0.0004023209897435923,0.1353731912216014
时序加减修正后,2025-07-28,Q09,做多,196,0.00045020805858870036,0.13588434538179484
时序加减修正后,2025-07-29,Q09,做多,123,0.0009721331805597926,0.13698857624321903
时序加减修正后,2025-07-30,Q09,做多,214,-0.0010089839231462226,0.1358413730489887
时序加减修正后,2025-07-31,Q09,做多,600,-0.0023488761805068254,0.13317342230299967
时序加减修正后,2025-08-01,Q09,做多,552,-0.00009395206291668254,0.13306695832233184
时序加减修正后,2025-08-04,Q09,做多,144,0.0025956833733289386,0.13600804138691758
时序加减修正后,2025-08-06,Q09,做多,69,0.0008122640723793639,0.13693077990487024
时序加减修正后,2025-08-07,Q09,做多,407,0.0004047307612410751,0.13739093076489972
时序加减修正后,2025-08-08,Q09,做多,737,0.0004984795803125515,0.13795789691871851
时序加减修正后,2025-08-11,Q09,做多,381,0.0012716890912644475,0.1394050255625483
时序加减修正后,2025-08-12,Q09,做多,99,0.002676380699737976,0.14245450718214858
时序加减修正后,2025-08-13,Q09,做多,125,0.00412209105619695,0.14716380868831602
时序加减修正后,2025-08-14,Q09,做多,311,0.00010266821110232544,0.14728158594439522
时序加减修正后,2025-08-15,Q09,做多,349,0.0004933116342049302,0.14784755329845067
时序加减修正后,2025-08-18,Q09,做多,393,0.002201108702777028,0.1503740905374773
时序加减修正后,2025-08-19,Q09,做多,165,-0.0019161204193634065,0.1481698352526919
时序加减修正后,2025-08-20,Q09,做多,268,0.003967585768248736,0.15272529755057285
时序加减修正后,2025-08-21,Q09,做多,32,-0.006740639406871196,0.14495519198460616
时序加减修正后,2025-08-22,Q09,做多,343,0.004546857222718011,0.15016113976896994
时序加减修正后,2025-08-25,Q09,做多,347,-0.0007855155106970399,0.14925767035388038
时序加减修正后,2025-08-26,Q09,做多,99,0.0032186345394225697,0.15295671078637763
时序加减修正后,2025-08-27,Q09,做多,310,-0.004620050773167262,0.14762999224328066
时序加减修正后,2025-08-28,Q09,做多,547,0.0006258833293174776,0.14834827472365064
时序加减修正后,2025-08-29,Q09,做多,209,-0.0002146141081861121,0.14810182298278374
时序加减修正后,2025-09-01,Q09,做多,43,-0.00034483847192077094,0.14770591330453686
时序加减修正后,2025-09-02,Q09,做多,531,-0.00035246731106810343,0.1473013844873774
时序加减修正后,2025-09-03,Q09,做多,563,-0.00005607060385638638,0.14723705460594383
时序加减修正后,2025-09-04,Q09,做多,485,-0.0014466330139239476,0.14557742360795412
时序加减修正后,2025-09-05,Q09,做多,116,0.004774894536240026,0.1510474349887796
时序加减修正后,2025-09-08,Q09,做多,84,-0.003972305423563479,0.14647512301999477
时序加减修正后,2025-09-09,Q09,做多,579,-0.0006073534281884959,0.14577880742369564
时序加减修正后,2025-09-10,Q09,做多,154,0.0021076438475669326,0.1481937010778347
时序加减修正后,2025-09-11,Q09,做多,398,0.0033444077504630435,0.15203372899075207
时序加减修正后,2025-09-12,Q09,做多,204,-0.00030436765133773033,0.15168308719039736
时序加减修正后,2025-09-15,Q09,做多,169,0.0013366519583407417,0.15322248664427818
时序加减修正后,2025-09-16,Q09,做多,29,0.0051173531868824226,0.15912393341149178
时序加减修正后,2025-09-17,Q09,做多,134,0.0001923703687802416,0.15934691451002414
时序加减修正后,2025-09-18,Q09,做多,366,-0.004630289117072418,0.15397880310885692
时序加减修正后,2025-09-19,Q09,做多,431,-0.00040683509971486086,0.15350932402742523
时序加减修正后,2025-09-22,Q09,做多,242,0.0012576777266347127,0.15496006701171994
时序加减修正后,2025-09-23,Q09,做多,74,0.003903004343973825,0.1594678811703829
时序加减修正后,2025-09-24,Q09,做多,269,0.001501807768904469,0.16120917904211973
时序加减修正后,2025-09-25,Q09,做多,80,-0.00048012680776992055,0.16065165138583315
时序加减修正后,2025-09-26,Q09,做多,850,-0.0006058164651703384,0.15994850950509654
时序加减修正后,2025-09-29,Q09,做多,388,0.004158384620261375,0.16477202154731763
时序加减修正后,2025-09-30,Q09,做多,165,0.00128225331312878,0.16626555433098633
时序加减修正后,2025-10-09,Q09,做多,329,-0.002219193979458548,0.1636773848343651
时序加减修正后,2025-10-10,Q09,做多,543,-0.003312087968001825,0.15982318296941944
时序加减修正后,2025-10-13,Q09,做多,445,0.0031366746439866647,0.16346117093894752
时序加减修正后,2025-10-14,Q09,做多,91,0.0036447763975177494,0.16770172675421424
时序加减修正后,2025-10-15,Q09,做多,97,0.0017350094059701846,0.16972770023350048
时序加减修正后,2025-10-16,Q09,做多,52,-0.0025579321369989952,0.1667356161575353
时序加减修正后,2025-10-17,Q09,做多,330,0.0021879757760457736,0.1692884054227377
时序加减修正后,2025-10-20,Q09,做多,476,0.0007810173344579129,0.17020163993635373
时序加减修正后,2025-10-21,Q09,做多,196,0.0002723025616767106,0.17052028884058656
时序加减修正后,2025-10-22,Q09,做多,162,-0.002653240739523482,0.16741461672379598
时序加减修正后,2025-10-23,Q09,做多,86,0.01060321986631945,0.1797929705800736
时序加减修正后,2025-10-24,Q09,做多,299,0.002686242616381724,0.18296218073615322
时序加减修正后,2025-10-27,Q09,做多,214,-0.0011921702613601206,0.18155188840396597
时序加减修正后,2025-10-28,Q09,做多,394,0.0004306313662963646,0.18206070170801936
时序加减修正后,2025-10-29,Q09,做多,185,0.0017331556158259862,0.1841093968514318
时序加减修正后,2025-10-30,Q09,做多,365,0.00022432757322760202,0.18437502523886362
时序加减修正后,2025-10-31,Q09,做多,846,-0.0008263674689116313,0.1833962962470148
时序加减修正后,2025-11-03,Q09,做多,690,-0.0008723956271884011,0.18236390649293788
时序加减修正后,2025-11-04,Q09,做多,450,-0.0013843582000562392,0.18072709132353393
时序加减修正后,2025-11-05,Q09,做多,32,0.004640722971089417,0.18620651865882665
时序加减修正后,2025-11-06,Q09,做多,58,-0.0015415315184358846,0.18437794392294005
时序加减修正后,2025-11-07,Q09,做多,607,0.0007306708443950734,0.18524333435530904
时序加减修正后,2025-11-10,Q09,做多,338,-0.00017048338863061128,0.18504127005531634
时序加减修正后,2025-11-11,Q09,做多,79,0.0006558170008949812,0.1858184402669809
时序加减修正后,2025-11-12,Q09,做多,179,0.0028991689097852312,0.18925632822165306
时序加减修正后,2025-11-13,Q09,做多,62,-0.0014607256772221936,0.18751915096622063
时序加减修正后,2025-11-14,Q09,做多,154,-0.004864712900882012,0.18174221123247092
时序加减修正后,2025-11-17,Q09,做多,114,-0.003347785455556923,0.17778599184548916
时序加减修正后,2025-11-18,Q09,做多,119,0.0016889448813016002,0.17977520746768527
时序加减修正后,2025-11-19,Q09,做多,58,0.0023512198018454064,0.18254911829720943
时序加减修正后,2025-11-20,Q09,做多,17,-0.003441281619683757,0.17847963375204
时序加减修正后,2025-11-21,Q09,做多,502,-0.003739353039950275,0.17407288235104978
时序加减修正后,2025-11-24,Q09,做多,369,0.00037361958132580217,0.17451153896979976
时序加减修正后,2025-11-25,Q09,做多,321,0.0013261531694184114,0.17606912116972318
时序加减修正后,2025-11-26,Q09,做多,72,0.0020683008237433066,0.17850158590181753
时序加减修正后,2025-11-27,Q09,做多,297,-0.001091785915221665,0.17721491446926363
时序加减修正后,2025-11-28,Q09,做多,1019,0.0008486608375839998,0.17821397066459332
时序加减修正后,2025-12-01,Q09,做多,208,-0.0005684842085079603,0.17754417462802707
时序加减修正后,2025-12-02,Q09,做多,386,0.000015409851212710758,0.17756232040855435
时序加减修正后,2025-12-03,Q09,做多,253,0.0020722808124270455,0.18000256021057393
时序加减修正后,2025-12-04,Q09,做多,135,-0.0032877552931798466,0.1761230005472758
时序加减修正后,2025-12-05,Q09,做多,130,0.0032190364034109875,0.17990898330092642
时序加减修正后,2025-12-08,Q09,做多,439,-0.00026034310613382965,0.17960180213125865
时序加减修正后,2025-12-09,Q09,做多,536,-0.001521684421698125,0.17780682044514862
时序加减修正后,2025-12-10,Q09,做多,113,0.0005755256076546312,0.1784846784311851
时序加减修正后,2025-12-11,Q09,做多,1,-0.0014485198771581054,0.1767776199495512
时序加减修正后,2025-12-12,Q09,做多,233,-0.00020214620101215145,0.17653973882424223
时序加减修正后,2025-12-15,Q09,做多,113,-0.0018621350982920802,0.1743488628820422
时序加减修正后,2025-12-16,Q09,做多,110,0.0007533655830477735,0.1752335768978288
时序加减修正后,2025-12-17,Q09,做多,193,0.00013740940232941556,0.17539506504122793
时序加减修正后,2025-12-18,Q09,做多,252,0.00007827851944360494,0.17548707322668067
时序加减修正后,2025-12-19,Q09,做多,466,0.001302959754495782,0.1770186855750251
时序加减修正后,2025-12-22,Q09,做多,550,0.00029315639505842807,0.1773637361298046
时序加减修正后,2025-12-23,Q09,做多,377,0.0011350519472079037,0.17870010513107082
时序加减修正后,2025-12-24,Q09,做多,232,0.0003667345543849008,0.1791323751888796
时序加减修正后,2025-12-25,Q09,做多,197,0.0009483433927118017,0.18025059758602247
时序加减修正后,2025-12-26,Q09,做多,336,0.00031260140210742106,0.1806195455776658
时序加减修正后,2025-12-29,Q09,做多,515,-0.00009201200646026178,0.18051091440441103
时序加减修正后,2025-12-30,Q09,做多,153,0.0003642448659448312,0.18094090944417474
时序加减修正后,2025-12-31,Q09,做多,278,0.0014945567862197494,0.18270589269450888
时序加减修正后,2026-01-05,Q09,做多,700,0.001931190687417776,0.18498992330043462
时序加减修正后,2026-01-06,Q09,做多,232,0.001811869915651061,0.18713697089281234
时序加减修正后,2026-01-07,Q09,做多,160,-0.000739515985151229,0.18625906412627313
时序加减修正后,2026-01-08,Q09,做多,402,-0.00010137848452567465,0.18613880298009722
时序加减修正后,2026-01-09,Q09,做多,225,0.003491864181754257,0.19028063858081223
时序加减修正后,2026-01-12,Q09,做多,247,0.0018957784508352841,0.1925371469658803
时序加减修正后,2026-01-13,Q09,做多,322,0.0018961690139402895,0.19479839895192974
时序加减修正后,2026-01-14,Q09,做多,322,-0.0026316593441535916,0.19165409658094812
时序加减修正后,2026-01-15,Q09,做多,269,0.004753168053988547,0.19731822876422123
时序加减修正后,2026-01-16,Q09,做多,2,0.003802447230555117,0.201870968147279
时序加减修正后,2026-01-19,Q09,做多,328,-0.0003623606566312757,0.2014354573940751
时序加减修正后,2026-01-20,Q09,做多,110,0.004842206240970303,0.20725305566399177
时序加减修正后,2026-01-21,Q09,做多,214,0.0016394278255345547,0.20923225991590888
时序加减修正后,2026-01-22,Q09,做多,89,0.0010659513260751932,0.21052124264689898
时序加减修正后,2026-01-23,Q09,做多,322,0.0003127610804728212,0.21089984657868444
时序加减修正后,2026-01-26,Q09,做多,566,-0.002064358632620889,0.20840011502716038
时序加减修正后,2026-01-27,Q09,做多,300,-0.0004478177959511716,0.20785897195102176
时序加减修正后,2026-01-28,Q09,做多,152,0.00065828009148486,0.20865408146557862
时序加减修正后,2026-01-29,Q09,做多,164,-0.002343393662779751,0.20582172915057928
时序加减修正后,2026-01-30,Q09,做多,432,-0.0047345362847863726,0.20011272242093203
时序加减修正后,2026-02-02,Q09,做多,498,-0.0036555709225047535,0.19572562524912196
时序加减修正后,2026-02-03,Q09,做多,196,0.0010381277431722026,0.196966941193915
时序加减修正后,2026-02-04,Q09,做多,46,-0.009596442774162151,0.1854803164401837
时序加减修正后,2026-02-05,Q09,做多,203,-0.0026360881717928933,0.1823552858001225
时序加减修正后,2026-02-06,Q09,做多,337,0.004758362810015858,0.1879813612202994
时序加减修正后,2026-02-09,Q09,做多,740,0.0011887756260359704,0.18939360450670328
时序加减修正后,2026-02-10,Q09,做多,278,0.0007615429393278888,0.19029937880829717
时序加减修正后,2026-02-11,Q09,做多,164,0.0009618301485732711,0.19144424463666287
时序加减修正后,2026-02-12,Q09,做多,408,-0.0008473856215441986,0.1904346319148862
时序加减修正后,2026-02-13,Q09,做多,153,-0.0004699019683518118,0.18987524433815528
时序加减修正后,2026-02-24,Q09,做多,92,0.004878500023788429,0.1956800507459644
时序加减修正后,2026-02-25,Q09,做多,308,-0.00010402487671487872,0.195555670276095
时序加减修正后,2026-02-26,Q09,做多,409,-0.00031056700342731587,0.1951843701341467
时序加减修正后,2026-02-27,Q09,做多,330,0.000257802530248944,0.19549249168888116
时序加减修正后,2026-03-02,Q09,做多,234,0.0003966326743326275,0.19596666307300414
时序加减修正后,2026-03-03,Q09,做多,226,-0.0035857175047953912,0.19167826447407155
时序加减修正后,2026-03-04,Q09,做多,358,0.0011930957223119944,0.19310005071378789
时序加减修正后,2026-03-05,Q09,做多,41,0.005368296502771356,0.19950496554349084
时序加减修正后,2026-03-06,Q09,做多,229,-0.009984630851821585,0.18752835125761225
时序加减修正后,2026-03-09,Q09,做多,150,0.004466987857789112,0.19283302598346053
时序加减修正后,2026-03-10,Q09,做多,199,0.00014665326424295212,0.19300795884041766
时序加减修正后,2026-03-11,Q09,做多,196,-0.00040283935845300035,0.1925273682796491
时序加减修正后,2026-03-12,Q09,做多,635,-0.0005095072236803762,0.19191976697107416
时序加减修正后,2026-03-13,Q09,做多,339,-0.0004453858246776199,0.19138890280271226
时序加减修正后,2026-03-16,Q09,做多,68,-0.0008069746793754509,0.1904274821248617
时序加减修正后,2026-03-17,Q09,做多,123,-0.0010925878449324215,0.18912683552761855
时序加减修正后,2026-03-18,Q09,做多,275,-0.0029035183605314657,0.18567418392766344
时序加减修正后,2026-03-19,Q09,做多,112,0.004402276565997454,0.19089384960247635
时序加减修正后,2026-03-20,Q09,做多,104,-0.007964439756716065,0.18140904728067375
时序加减修正后,2026-03-23,Q09,做多,124,0.00008471262334487326,0.18150912754031245
时序加减修正后,2026-03-24,Q09,做多,229,0.008220773106713512,0.1912220460013323
时序加减修正后,2026-03-25,Q09,做多,300,-0.00011162743641155733,0.19108907293814026
时序加减修正后,2026-03-26,Q09,做多,628,-0.0018799097234813804,0.18884993300839148
时序加减修正后,2026-03-27,Q09,做多,398,-0.0037556384758679075,0.1843850424579523
时序加减修正后,2026-03-30,Q09,做多,482,0.0005239129160556588,0.18500555707927924
时序加减修正后,2026-03-31,Q09,做多,266,-0.002889977295680203,0.18158091792406528
时序加减修正后,2026-04-01,Q09,做多,185,-0.0028220897667287736,0.17824639050702973
时序加减修正后,2026-04-02,Q09,做多,695,-0.0016125814647657928,0.17634637221677085
时序加减修正后,2026-04-03,Q09,做多,491,-0.0000780808031351233,0.17625452214726312
时序加减修正后,2026-04-07,Q09,做多,32,0.01005148806143552,0.18807763043383585
时序加减修正后,2026-04-08,Q09,做多,425,0.00044376560141031135,0.18860485841802732
时序加减修正后,2026-04-09,Q09,做多,357,-0.0002540070404991878,0.18830294441561768
时序加减修正后,2026-04-10,Q09,做多,343,-0.0013786849507193303,0.18666464902925628
时序加减修正后,2026-04-13,Q09,做多,266,0.002788226248747761,0.1899733385521407
时序加减修正后,2026-04-15,Q09,做多,259,-0.00003607230339823857,0.1899304134728368
时序加减修正后,2026-04-16,Q09,做多,459,0.0003418011169157852,0.1903371330172139
时序加减修正后,2026-04-17,Q09,做多,210,0.000778338166570133,0.19126361783892665
时序加减修正后,2026-04-20,Q09,做多,40,0.0009031660971231759,0.19233952675129506
时序加减修正后,2026-04-21,Q09,做多,218,0.0017342596834043784,0.1944073531214694
时序加减修正后,2026-04-22,Q09,做多,299,0.0009590633091349664,0.19555286539000916
时序加减修正后,2026-04-23,Q09,做多,687,-0.0003775878220495295,0.1951014391874215
时序加减修正后,2026-04-24,Q09,做多,283,-0.0015688255551030905,0.1932265335086838
时序加减修正后,2026-04-27,Q09,做多,134,-0.0007252007778347366,0.1923612046984502
时序加减修正后,2026-04-28,Q09,做多,688,-0.0002849555821528558,0.19202143471722888
时序加减修正后,2026-04-29,Q09,做多,375,0.000988681382111584,0.19319996411681184
时序加减修正后,2026-04-30,Q09,做多,57,0.005440371489959561,0.1996914151834137
时序加减修正后,2026-05-06,Q09,做多,381,0.0010734809406789654,0.20097926105230934
时序加减修正后,2026-05-07,Q09,做多,301,0.0006312879108117705,0.20173742474094714
时序加减修正后,2026-05-08,Q09,做多,668,0.00012757720158409786,0.20189073903863441
时序加减修正后,2026-05-11,Q09,做多,128,-0.0028523627579488675,0.19846251065547693
时序加减修正后,2026-05-12,Q09,做多,307,0.0014965800419778292,0.20025610572998254
时序加减修正后,2026-05-13,Q09,做多,315,-0.0005364293907376353,0.19961225307845676
时序加减修正后,2026-05-14,Q09,做多,302,-0.0037471648475362624,0.1951171082130474
时序加减修正后,2026-05-15,Q09,做多,259,-0.0006183797560324784,0.19437807198724033
时序加减修正后,2026-05-18,Q09,做多,330,0.0016031149022389648,0.19629279727335036
时序加减修正后,2026-05-19,Q09,做多,155,0.00043578234669234184,0.19681412055587733
时序加减修正后,2026-05-20,Q09,做多,28,-0.001606983159165663,0.19489086041949233
时序加减修正后,2026-05-21,Q09,做多,272,-0.002979896259603265,0.19133020961389424
时序加减修正后,2026-05-22,Q09,做多,391,0.002087200765342861,0.1938167549391765
时序加减修正后,2026-05-25,Q09,做多,189,-0.001462556434383803,0.19207073056276514
时序加减修正后,2026-05-26,Q09,做多,267,0.00448302420076704,0.19741481249690396
时序加减修正后,2026-05-27,Q09,做多,333,-0.0010835936787639963,0.19611730137522398
时序加减修正后,2026-05-28,Q09,做多,970,0.0006717220178898904,0.19692075970253664
时序加减修正后,2026-05-29,Q09,做多,91,0.002023343100458138,0.19934254106347593
时序加减修正后,2026-06-01,Q09,做多,696,0.0008219883263843686,0.20032838663156638
时序加减修正后,2026-06-02,Q09,做多,364,0.0013615981005296906,0.20196275148281573
时序加减修正后,2026-06-03,Q09,做多,77,-0.0014644528929274167,0.2002025336542157
时序加减修正后,2026-06-04,Q09,做多,392,0.0001589172424784771,0.20039326653127976
时序加减修正后,2026-06-05,Q09,做多,131,-0.005322318089564281,0.19400439173422912
时序加减修正后,2026-06-08,Q09,做多,105,0.0011605236902444934,0.19539006211709276
时序加减修正后,2026-06-09,Q09,做多,137,-0.00145111191751398,0.19365541735187675
时序加减修正后,2026-06-10,Q09,做多,328,-0.0012667004319365975,0.19214341351913378
时序加减修正后,2026-06-11,Q09,做多,245,0.0019252100989711946,0.1944385400582629
时序加减修正后,2026-06-12,Q09,做多,503,0.003781202397033596,0.1989549539290405
时序加减修正后,2026-06-15,Q09,做多,231,-0.0006983639872314164,0.1981176469669037
时序加减修正后,2026-06-16,Q09,做多,243,0.00009793447971776599,0.19823498399530015
时序加减修正后,2026-06-17,Q09,做多,309,0.0032581101068137113,0.20213896550699295
时序加减修正后,2026-06-18,Q09,做多,308,0.0013929551721946166,0.20381349119669245
时序加减修正后,2026-06-22,Q09,做多,417,0.00238742130872572,0.20668750117730705
时序加减修正后,2026-06-23,Q09,做多,674,-0.0011671005840845857,0.2052791754898755
时序加减修正后,2026-06-24,Q09,做多,268,0.0023002276500969244,0.20805159197542333
时序加减修正后,2026-06-25,Q09,做多,63,-0.005851090951182414,0.20098317223705453
时序加减修正后,2026-06-26,Q09,做多,56,0.0020610906288831238,0.20345850739879867
时序加减修正后,2026-06-29,Q09,做多,659,0.0005776915636012272,0.20415373522566727
时序加减修正后,2026-06-30,Q09,做多,532,0.0030633859812582145,0.2078425228974372
时序加减修正后,2024-02-01,Q10,做多,870,0.004020843788924234,0.0040208437889242
时序加减修正后,2024-02-02,Q10,做多,676,-0.011443222453964105,-0.0074683900749692445
时序加减修正后,2024-02-05,Q10,做多,185,0.013082822987407042,0.005516725287086244
时序加减修正后,2024-02-06,Q10,做多,773,0.010928574937398312,0.016505590170193596
时序加减修正后,2024-02-07,Q10,做多,248,0.017483539307103193,0.034277705611824194
时序加减修正后,2024-02-08,Q10,做多,224,-0.0005710912205521319,0.033687038694536486
时序加减修正后,2024-02-19,Q10,做多,375,-0.000674321154258602,0.0329900016574618
时序加减修正后,2024-02-20,Q10,做多,27,-0.0003741225507972693,0.03260353680309369
时序加减修正后,2024-02-21,Q10,做多,1033,0.0019740530854163284,0.0346419510009317
时序加减修正后,2024-02-22,Q10,做多,246,0.0027012732284268028,0.03743680160417773
时序加减修正后,2024-02-23,Q10,做多,181,0.0007148811907241525,0.03817844566020945
时序加减修正后,2024-02-26,Q10,做多,424,-0.004054439969293972,0.033969213474865256
时序加减修正后,2024-02-27,Q10,做多,330,0.007836451046265817,0.042071862599607046
时序加减修正后,2024-02-28,Q10,做多,849,-0.0011377220511481986,0.040886274462646366
时序加减修正后,2024-02-29,Q10,做多,591,0.0020229691821281475,0.0429919553179845
时序加减修正后,2024-03-01,Q10,做多,268,0.00016503456587468383,0.04316408504254099
时序加减修正后,2024-03-04,Q10,做多,60,0.0019931298003939444,0.04524324646713995
时序加减修正后,2024-03-05,Q10,做多,152,-0.0005525732965093324,0.044665672960785496
时序加减修正后,2024-03-06,Q10,做多,341,0.0029086053174893238,0.04770419309215779
时序加减修正后,2024-03-07,Q10,做多,241,0.0008177811241731883,0.04856098580498558
时序加减修正后,2024-03-08,Q10,做多,108,0.0004513201782982732,0.04903422253605583
时序加减修正后,2024-03-11,Q10,做多,325,0.006945841792576874,0.05632064828079031
时序加减修正后,2024-03-12,Q10,做多,385,-0.0017479339700877097,0.05447426953635537
时序加减修正后,2024-03-13,Q10,做多,283,0.0028603333913667255,0.0574904174998474
时序加减修正后,2024-03-14,Q10,做多,128,0.00031707349620546665,0.05782571968372796
时序加减修正后,2024-03-15,Q10,做多,176,0.005312828100179765,0.06344576589235662
时序加减修正后,2024-03-18,Q10,做多,316,0.00040230344448106357,0.06387359378699387
时序加减修正后,2024-03-19,Q10,做多,250,0.0007883847738994518,0.06471233552968925
时序加减修正后,2024-03-20,Q10,做多,291,0.003346239544468839,0.06827511805032249
时序加减修正后,2024-03-21,Q10,做多,139,0.0004837977641413705,0.06879194716392312
时序加减修正后,2024-03-22,Q10,做多,18,-0.005802438319531373,0.06259034781409256
时序加减修正后,2024-03-25,Q10,做多,576,-0.00019402859406151643,0.06238417490284287
时序加减修正后,2024-03-26,Q10,做多,184,-0.008736996336349124,0.053102128258921466
时序加减修正后,2024-03-27,Q10,做多,308,-0.0015901760929019865,0.05142751043117988
时序加减修正后,2024-03-28,Q10,做多,695,0.0013205998511850942,0.0528160254449872
时序加减修正后,2024-03-29,Q10,做多,284,0.009961109519857748,0.063303241178706
时序加减修正后,2024-04-01,Q10,做多,950,0.0016099358427163679,0.06501509117835602
时序加减修正后,2024-04-02,Q10,做多,469,0.00006748089738378077,0.06508695935243591
时序加减修正后,2024-04-03,Q10,做多,65,-0.001460275987091546,0.0635316384415292
时序加减修正后,2024-04-08,Q10,做多,223,-0.0006191532911339696,0.0628731493273631
时序加减修正后,2024-04-09,Q10,做多,51,-0.003410535794197737,0.05924818240689045
时序加减修正后,2024-04-10,Q10,做多,319,-0.0013120654486134344,0.057858379465247856
时序加减修正后,2024-04-11,Q10,做多,392,-0.000348072569151406,0.057490167981309126
时序加减修正后,2024-04-12,Q10,做多,89,0.0040967619429823805,0.061822453456573
时序加减修正后,2024-04-15,Q10,做多,520,-0.0017758028883690714,0.05993686607678961
时序加减修正后,2024-04-16,Q10,做多,422,0.006391338128808444,0.0667112809830761
时序加减修正后,2024-04-17,Q10,做多,472,0.0006514559362955679,0.06740619637938594
时序加减修正后,2024-04-18,Q10,做多,360,-0.0021376633864848473,0.06512444123487882
时序加减修正后,2024-04-19,Q10,做多,57,-0.0011001109169069025,0.0639526862092119
时序加减修正后,2024-04-22,Q10,做多,155,0.0017548338178335877,0.0658197463635466
时序加减修正后,2024-04-23,Q10,做多,288,-0.0006389144325440713,0.06513877874510454
时序加减修正后,2024-04-24,Q10,做多,56,-0.0017811908432382292,0.0632415633056258
时序加减修正后,2024-04-25,Q10,做多,269,0.00697343149953816,0.07065600551479956
时序加减修正后,2024-04-26,Q10,做多,758,0.0030165676370149525,0.07388571177141112
时序加减修正后,2024-04-29,Q10,做多,694,0.0006004423292125448,0.0745305182094953
时序加减修正后,2024-04-30,Q10,做多,1379,0.0035758773009032345,0.0783729074986883
时序加减修正后,2024-05-06,Q10,做多,3,0.0009272456906425456,0.07937282413007218
时序加减修正后,2024-05-07,Q10,做多,231,0.00007329264919218623,0.07945193422381869
时序加减修正后,2024-05-08,Q10,做多,524,0.0040710193913187035,0.0838464039800404
时序加减修正后,2024-05-09,Q10,做多,15,-0.00008126512257149443,0.08375832506917225
时序加减修正后,2024-05-10,Q10,做多,49,-0.009497579700332515,0.07346524400092891
时序加减修正后,2024-05-13,Q10,做多,550,0.002744401975069195,0.07641126413673316
时序加减修正后,2024-05-14,Q10,做多,21,-0.0023407513397701437,0.07389165302806133
时序加减修正后,2024-05-15,Q10,做多,284,0.003649978682492666,0.07781133466892043
时序加减修正后,2024-05-16,Q10,做多,290,0.004351660510869336,0.08250160369216664
时序加减修正后,2024-05-17,Q10,做多,155,0.009041523819248522,0.09228906772632395
时序加减修正后,2024-05-20,Q10,做多,830,-0.0012196269906715052,0.09095688249770961
时序加减修正后,2024-05-21,Q10,做多,232,0.001345415023118629,0.0924246722769968
时序加减修正后,2024-05-22,Q10,做多,11,-0.007362753322178667,0.08438141889195938
时序加减修正后,2024-05-23,Q10,做多,339,0.0033444712968252305,0.08800810142225401
时序加减修正后,2024-05-24,Q10,做多,100,-0.0029443521636858348,0.08480462241472364
时序加减修正后,2024-05-27,Q10,做多,178,-0.0028751153142693104,0.08168568403182896
时序加减修正后,2024-05-28,Q10,做多,327,0.005715511260598339,0.08786807073934111
时序加减修正后,2024-05-29,Q10,做多,325,8.388445768594885e-6,0.08787719626165602
时序加减修正后,2024-05-30,Q10,做多,405,0.005060515639783217,0.09338241582750162
时序加减修正后,2024-05-31,Q10,做多,349,-0.0021442369940624147,0.0910379448028269
时序加减修正后,2024-06-03,Q10,做多,287,0.0009364395972964141,0.09205963593649313
时序加减修正后,2024-06-04,Q10,做多,40,0.0019729544072106366,0.09421421980815103
时序加减修正后,2024-06-05,Q10,做多,70,0.002537099664914422,0.09699035033857073
时序加减修正后,2024-06-06,Q10,做多,169,0.003930287637569412,0.10130183795103931
时序加减修正后,2024-06-07,Q10,做多,43,0.004150232971580916,0.10587249715056646
时序加减修正后,2024-06-11,Q10,做多,223,-0.0002950527078312594,0.10554620647576618
时序加减修正后,2024-06-12,Q10,做多,2,-0.0013217448722571135,0.10408495644631355
时序加减修正后,2024-06-13,Q10,做多,246,-0.0016477685085118264,0.10226568002435976
时序加减修正后,2024-06-14,Q10,做多,60,-0.0023696708529314494,0.09965367317021934
时序加减修正后,2024-06-17,Q10,做多,309,0.001460898684692444,0.10126015577497105
时序加减修正后,2024-06-18,Q10,做多,161,0.0007459068329802711,0.1020815932500525
时序加减修正后,2024-06-19,Q10,做多,131,-0.0005733344077069547,0.10144973195254181
时序加减修正后,2024-06-20,Q10,做多,46,0.0007621390076288346,0.10228918975820522
时序加减修正后,2024-06-21,Q10,做多,34,0.007559856249238639,0.11062233757786699
时序加减修正后,2024-06-24,Q10,做多,411,-0.0010101782492551881,0.10950041104930897
时序加减修正后,2024-06-25,Q10,做多,368,-0.0012763000642498018,0.10808435560340146
时序加减修正后,2024-06-26,Q10,做多,140,-0.00413688382998641,0.10350033935044478
时序加减修正后,2024-06-27,Q10,做多,340,0.0005053981851447401,0.10405804641925931
时序加减修正后,2024-06-28,Q10,做多,391,0.00046686969264900214,0.10457349766005786
时序加减修正后,2024-07-01,Q10,做多,256,0.00032943313628663873,0.10493738077165116
时序加减修正后,2024-07-02,Q10,做多,171,0.0005970236626865577,0.10559705453375878
时序加减修正后,2024-07-03,Q10,做多,58,0.0016344858488772497,0.1074041372739547
时序加减修正后,2024-07-04,Q10,做多,215,-0.0026292295198377252,0.10449251762584355
时序加减修正后,2024-07-05,Q10,做多,33,0.002864124068186026,0.10765592122870693
时序加减修正后,2024-07-08,Q10,做多,311,0.003173344193128053,0.11117089471432196
时序加减修正后,2024-07-09,Q10,做多,427,-0.00044185649072307005,0.1106799166421899
时序加减修正后,2024-07-10,Q10,做多,78,0.0047513016561891,0.115957091969628
时序加减修正后,2024-07-11,Q10,做多,311,0.0002863993862148979,0.11627670139581037
时序加减修正后,2024-07-12,Q10,做多,342,0.0012798630633630227,0.11770538271441966
时序加减修正后,2024-07-15,Q10,做多,235,0.00017748570286091713,0.1179037594398622
时序加减修正后,2024-07-16,Q10,做多,3,0.0007700705318711698,0.11876462418247491
时序加减修正后,2024-07-17,Q10,做多,140,-0.009616455577114331,0.10800607387277705
时序加减修正后,2024-07-18,Q10,做多,472,-0.0016915349480433502,0.10613184287617705
时序加减修正后,2024-07-19,Q10,做多,405,-0.00019175169570335578,0.1059197402196339
时序加减修正后,2024-07-22,Q10,做多,254,-0.002443026736240942,0.10321794872614065
时序加减修正后,2024-07-23,Q10,做多,222,-0.0026051763633986084,0.10034387140244228
时序加减修正后,2024-07-24,Q10,做多,324,-0.0021539044846015454,0.09797383580322472
时序加减修正后,2024-07-25,Q10,做多,257,0.008599052275893377,0.10741537021485992
时序加减修正后,2024-07-29,Q10,做多,387,-0.004916518434346488,0.10197074213271984
时序加减修正后,2024-07-30,Q10,做多,316,0.0014072821831626853,0.10352152592448993
时序加减修正后,2024-07-31,Q10,做多,465,0.0043319342410854085,0.10830190860841715
时序加减修正后,2024-08-01,Q10,做多,274,-0.0003745801294009825,0.1078867607360754
时序加减修正后,2024-08-02,Q10,做多,911,0.0003070091520949243,0.10822689211110625
时序加减修正后,2024-08-05,Q10,做多,187,0.0041544961877370175,0.11283101650952965
时序加减修正后,2024-08-06,Q10,做多,6,-0.0029585188215908906,0.10953868500193598
时序加减修正后,2024-08-07,Q10,做多,53,-0.006069316546309669,0.10280454350228307
时序加减修正后,2024-08-08,Q10,做多,49,-0.0007513104863726172,0.1019759948843304
时序加减修正后,2024-08-09,Q10,做多,55,-0.0007587552816734057,0.10113986477793468
时序加减修正后,2024-08-12,Q10,做多,725,-0.00022277174890342425,0.10089456192447077
时序加减修正后,2024-08-13,Q10,做多,21,0.0015750163057375523,0.10262848881039965
时序加减修正后,2024-08-14,Q10,做多,147,0.0015677245134617626,0.10435710652154895
时序加减修正后,2024-08-15,Q10,做多,175,-0.0007908940237082009,0.10348367708596129
时序加减修正后,2024-08-16,Q10,做多,6,0.008275346597656608,0.1126153869787041
时序加减修正后,2024-08-19,Q10,做多,250,-0.0034131278879067396,0.10881788837289297
时序加减修正后,2024-08-20,Q10,做多,363,-0.00007497661235075529,0.10873475296390889
时序加减修正后,2024-08-21,Q10,做多,132,-0.000685109727617766,0.10797514799930541
时序加减修正后,2024-08-22,Q10,做多,98,0.001542032548523097,0.10968368174047516
时序加减修正后,2024-08-23,Q10,做多,72,-0.0009422535292995033,0.10863807837494899
时序加减修正后,2024-08-26,Q10,做多,50,-0.0035949920216808095,0.10465253332825952
时序加减修正后,2024-08-27,Q10,做多,259,-0.0004857887683361436,0.10411590553465455
时序加减修正后,2024-08-28,Q10,做多,164,0.0004477461114486398,0.10461026913794647
时序加减修正后,2024-08-29,Q10,做多,470,0.0035700564446937704,0.10855379014815747
时序加减修正后,2024-08-30,Q10,做多,592,-0.005333888552943766,0.10264088777656366
时序加减修正后,2024-09-02,Q10,做多,671,-0.0008534802639163474,0.10169980554065927
时序加减修正后,2024-09-03,Q10,做多,196,-0.0011810494783721693,0.10039864356000283
时序加减修正后,2024-09-04,Q10,做多,316,0.002894466390680003,0.10358371045013715
时序加减修正后,2024-09-06,Q10,做多,242,-0.001547337614501584,0.10187609386420649
时序加减修正后,2024-09-09,Q10,做多,334,-0.0013430242426671656,0.10039624755773136
时序加减修正后,2024-09-10,Q10,做多,53,0.0033452837038258055,0.10407738519243726
时序加减修正后,2024-09-11,Q10,做多,60,0.0017105634775361977,0.10596597964392118
时序加减修正后,2024-09-12,Q10,做多,34,0.0021875675361918505,0.10838535491712276
时序加减修正后,2024-09-13,Q10,做多,31,-0.000991442248754714,0.10728645484835697
时序加减修正后,2024-09-18,Q10,做多,88,-0.0008691162432280015,0.10632409420454181
时序加减修正后,2024-09-19,Q10,做多,183,-0.003301443941928567,0.10267162722592071
时序加减修正后,2024-09-20,Q10,做多,42,0.006676011656444254,0.11003307586251121
时序加减修正后,2024-09-23,Q10,做多,24,0.010006817713777613,0.12114097450893113
时序加减修正后,2024-09-24,Q10,做多,576,0.004970337013509784,0.12671342299189514
时序加减修正后,2024-09-25,Q10,做多,194,0.004455234111446771,0.13173319506783354
时序加减修正后,2024-09-26,Q10,做多,635,0.012841317096292444,0.14626613989409987
时序加减修正后,2024-09-27,Q10,做多,323,0.031143772784021348,0.18196519210497897
时序加减修正后,2024-09-30,Q10,做多,589,0.032130072667439454,0.21994181961769588
时序加减修正后,2024-10-08,Q10,做多,728,0.006399246715948091,0.22774852830053227
时序加减修正后,2024-10-09,Q10,做多,1447,-0.0033379087570288624,0.2236504157364887
时序加减修正后,2024-10-10,Q10,做多,517,-0.008612602366305882,0.2131116012703853
时序加减修正后,2024-10-11,Q10,做多,775,0.0009398640299801745,0.2142517612287711
时序加减修正后,2024-10-14,Q10,做多,301,-0.0030990900134163415,0.21048868572177382
时序加减修正后,2024-10-15,Q10,做多,234,-0.0017287519510093385,0.20839605104465764
时序加减修正后,2024-10-16,Q10,做多,367,0.007572706956898524,0.21754688022709212
时序加减修正后,2024-10-17,Q10,做多,100,0.0001860782806033967,0.21777343925711867
时序加减修正后,2024-10-18,Q10,做多,896,0.0018609204776152768,0.22003961878732814
时序加减修正后,2024-10-21,Q10,做多,73,0.004039983986717432,0.22496855931038962
时序加减修正后,2024-10-22,Q10,做多,329,0.0032023901124494567,0.22889138651278662
时序加减修正后,2024-10-23,Q10,做多,445,-0.005255647356967897,0.22243276674526014
时序加减修正后,2024-10-24,Q10,做多,1154,0.0012755725491113094,0.22399206842565467
时序加减修正后,2024-10-25,Q10,做多,312,-0.0021597205175637032,0.22134858764214038
时序加减修正后,2024-10-28,Q10,做多,173,0.005771572759483148,0.22839768988040898
时序加减修正后,2024-10-29,Q10,做多,522,0.0006336167343447571,0.22917602321314767
时序加减修正后,2024-10-30,Q10,做多,512,-0.0016216267031694542,0.22718275855100956
时序加减修正后,2024-10-31,Q10,做多,345,-0.0014344219246687725,0.22542246069656846
时序加减修正后,2024-11-01,Q10,做多,173,0.00005593276963699771,0.2254910019687706
时序加减修正后,2024-11-04,Q10,做多,94,0.008713721759627237,0.23616958957885315
时序加减修正后,2024-11-05,Q10,做多,452,0.003311514512855527,0.2402631831150941
时序加减修正后,2024-11-06,Q10,做多,612,0.0026010532797074736,0.24348917373523604
时序加减修正后,2024-11-07,Q10,做多,588,0.008043512237267363,0.2534911941210849
时序加减修正后,2024-11-08,Q10,做多,217,0.001413631380256963,0.25526316860797005
时序加减修正后,2024-11-11,Q10,做多,343,0.0016932646139412365,0.25738866131255755
时序加减修正后,2024-11-12,Q10,做多,151,-0.00001846882538748165,0.25736543882092766
时序加减修正后,2024-11-13,Q10,做多,160,0.0024620120121880973,0.26046108763501485
时序加减修正后,2024-11-14,Q10,做多,20,-0.002264228870626539,0.2576071152500903
时序加减修正后,2024-11-15,Q10,做多,240,-0.003411314508169501,0.25331702185226046
时序加减修正后,2024-11-18,Q10,做多,403,0.006224167311762543,0.26111787669094877
时序加减修正后,2024-11-19,Q10,做多,232,0.0013127027767605513,0.26277334962950327
时序加减修正后,2024-11-20,Q10,做多,32,-0.0011953263540362968,0.2612639233655165
时序加减修正后,2024-11-21,Q10,做多,68,-0.0008878119271471138,0.2601441582110722
时序加减修正后,2024-11-22,Q10,做多,418,-0.0036265876585567253,0.2555741349589016
时序加减修正后,2024-11-25,Q10,做多,723,0.0003437268605820782,0.25600570951453916
时序加减修正后,2024-11-26,Q10,做多,291,-0.0045442162355510286,0.25029814797741845
时序加减修正后,2024-11-27,Q10,做多,451,0.003878272053838022,0.2551471443436846
时序加减修正后,2024-11-28,Q10,做多,432,-0.001376063292742334,0.253419982431363
时序加减修正后,2024-11-29,Q10,做多,791,0.0011691813444219133,0.25488545769154736
时序加减修正后,2024-12-02,Q10,做多,216,0.00008570846683950449,0.2549930120001853
时序加减修正后,2024-12-03,Q10,做多,166,0.0038988578099710446,0.25988605130648135
时序加减修正后,2024-12-04,Q10,做多,350,0.0021862437481364135,0.26264046930951435
时序加减修正后,2024-12-05,Q10,做多,89,0.002781962279575024,0.2661530874677984
时序加减修正后,2024-12-06,Q10,做多,508,-0.001636202088689526,0.2640814051414828
时序加减修正后,2024-12-09,Q10,做多,56,-0.0012641219664146774,0.2624834520699071
时序加减修正后,2024-12-10,Q10,做多,433,0.0022212906751225706,0.2652877947894867
时序加减修正后,2024-12-11,Q10,做多,478,-0.0006878040386334638,0.2644175247341969
时序加减修正后,2024-12-12,Q10,做多,84,0.0019167354242069581,0.26684107859484296
时序加减修正后,2024-12-13,Q10,做多,273,-0.0015254578579698742,0.2649085659167014
时序加减修正后,2024-12-16,Q10,做多,390,-0.0003978720639003232,0.2644052941349351
时序加减修正后,2024-12-17,Q10,做多,407,0.0037971715967902997,0.2692064580046556
时序加减修正后,2024-12-18,Q10,做多,174,-0.0033038515924080007,0.26501318822728237
时序加减修正后,2024-12-19,Q10,做多,203,-0.0014317439943562053,0.26320201319225656
时序加减修正后,2024-12-20,Q10,做多,121,0.0026298663150187205,0.26652406561581476
时序加减修正后,2024-12-23,Q10,做多,335,0.0024184191067474583,0.26958705161525565
时序加减修正后,2024-12-24,Q10,做多,138,0.0032731779163283213,0.2737426359154591
时序加减修正后,2024-12-25,Q10,做多,180,0.003243238330449256,0.2778736868553877
时序加减修正后,2024-12-26,Q10,做多,177,-0.0015350095931826013,0.275912138487189
时序加减修正后,2024-12-27,Q10,做多,307,0.0010603226511469012,0.27726501702850026
时序加减修正后,2024-12-30,Q10,做多,369,-0.001961518710985973,0.27475963779871115
时序加减修正后,2024-12-31,Q10,做多,825,-0.003971110163909157,0.2696974268445076
时序加减修正后,2025-01-02,Q10,做多,822,-0.00171210898850475,0.2675235664673259
时序加减修正后,2025-01-03,Q10,做多,492,-0.00167447186569502,0.26540113391617104
时序加减修正后,2025-01-06,Q10,做多,222,0.005853540474351764,0.27280821066983996
时序加减修正后,2025-01-07,Q10,做多,26,0.005423508462766991,0.2797112967718871
时序加减修正后,2025-01-08,Q10,做多,38,-0.004036873496309119,0.27454526415502123
时序加减修正后,2025-01-09,Q10,做多,45,-0.00046159596014250486,0.2739569392100685
时序加减修正后,2025-01-10,Q10,做多,94,-0.003015267796844784,0.27011561787670146
时序加减修正后,2025-01-13,Q10,做多,525,0.005296657523278901,0.2768429853195622
时序加减修正后,2025-01-14,Q10,做多,1108,0.0016291241093785952,0.2789231210108374
时序加减修正后,2025-01-15,Q10,做多,80,0.016161503009789156,0.299592440880343
时序加减修正后,2025-01-16,Q10,做多,322,-0.001740851079194947,0.2973300439771227
时序加减修正后,2025-01-17,Q10,做多,121,0.008641195192948476,0.30854052611680527
时序加减修正后,2025-01-20,Q10,做多,68,0.0007477305645058068,0.30951896186307737
时序加减修正后,2025-01-21,Q10,做多,179,-0.006575720103169946,0.300907931700072
时序加减修正后,2025-01-22,Q10,做多,89,0.018643238205002265,0.3251610681535333
时序加减修正后,2025-01-23,Q10,做多,4,-0.00019870890537276864,0.3248977468482379
时序加减修正后,2025-01-24,Q10,做多,89,0.0004292450873609606,0.3254664526973281
时序加减修正后,2025-01-27,Q10,做多,36,0.000022176518137308045,0.3254958469281568
时序加减修正后,2025-02-05,Q10,做多,287,0.001703374125457893,0.32775366225721614
时序加减修正后,2025-02-06,Q10,做多,874,0.001743384937737815,0.3300684479930214
时序加减修正后,2025-02-07,Q10,做多,942,0.0005591585383246403,0.330812167122273
时序加减修正后,2025-02-10,Q10,做多,256,0.0009483654991697676,0.3320742634674472
时序加减修正后,2025-02-11,Q10,做多,212,0.001130442596544492,0.3335800969566316
时序加减修正后,2025-02-12,Q10,做多,37,-0.0033739177239555363,0.3290807074311952
时序加减修正后,2025-02-13,Q10,做多,37,0.0006558718041207145,0.3299524139926002
时序加减修正后,2025-02-14,Q10,做多,359,0.0028242357624457984,0.33370851316254924
时序加减修正后,2025-02-18,Q10,做多,321,0.002635935520156409,0.3372240828059294
时序加减修正后,2025-02-19,Q10,做多,315,-0.00045322870326575836,0.3366180144689035
时序加减修正后,2025-02-20,Q10,做多,41,0.0027593366339271775,0.3403061935217946
时序加减修正后,2025-02-21,Q10,做多,158,0.0001480275817282492,0.340504595806397
时序加减修正后,2025-02-24,Q10,做多,267,-0.00037831515859143653,0.3399974625976421
时序加减修正后,2025-02-25,Q10,做多,380,0.0026206400037201666,0.34350911355300884
时序加减修正后,2025-02-26,Q10,做多,121,0.0007523615145033576,0.3445199181044305
时序加减修正后,2025-02-27,Q10,做多,39,-0.0035232128165005585,0.3397828882969247
时序加减修正后,2025-02-28,Q10,做多,505,0.0026948076091063587,0.3433933454188578
时序加减修正后,2025-03-03,Q10,做多,329,-0.00047915033944974454,0.3427496580413858
时序加减修正后,2025-03-04,Q10,做多,24,0.0026550760958343744,0.3463147605611412
时序加减修正后,2025-03-06,Q10,做多,263,9.101647649052423e-6,0.3463270142437167
时序加减修正后,2025-03-07,Q10,做多,637,-0.001248568368820849,0.344646032919643
时序加减修正后,2025-03-10,Q10,做多,225,-0.0011026351103403916,0.34316337899276594
时序加减修正后,2025-03-11,Q10,做多,2,0.003376940148882568,0.3476991613337954
时序加减修正后,2025-03-12,Q10,做多,11,-0.0073397751759991725,0.3378073524847227
时序加减修正后,2025-03-13,Q10,做多,259,0.000622669964054852,0.3386403649408065
时序加减修正后,2025-03-14,Q10,做多,1257,0.0013196624547417047,0.3404069183708207
时序加减修正后,2025-03-17,Q10,做多,34,0.001813158252309008,0.3428372882363169
时序加减修正后,2025-03-18,Q10,做多,94,0.0009455666020469235,0.34410703032805645
时序加减修正后,2025-03-19,Q10,做多,170,-0.0033056139877718285,0.3396639313275416
时序加减修正后,2025-03-20,Q10,做多,345,-0.0019022285035675125,0.33711558441216916
时序加减修正后,2025-03-21,Q10,做多,2,0.00047914814786054194,0.33775626086791566
时序加减修正后,2025-03-24,Q10,做多,384,0.0013869822752023235,0.3396117050902805
时序加减修正后,2025-03-25,Q10,做多,52,0.0097226102359575,0.3526362275663999
时序加减修正后,2025-03-26,Q10,做多,163,-0.0004433064771608301,0.35203659516547736
时序加减修正后,2025-03-27,Q10,做多,402,-0.0011182419960309585,0.3505246910645927
时序加减修正后,2025-03-28,Q10,做多,105,-0.00011815345122678472,0.35036512191137636
时序加减修正后,2025-03-31,Q10,做多,1025,0.0006334655147958718,0.35122053164849043
时序加减修正后,2025-04-01,Q10,做多,138,0.00046629951290357724,0.3518506051242236
时序加减修正后,2025-04-02,Q10,做多,107,0.00012792341213098892,0.3520235384663224
时序加减修正后,2025-04-03,Q10,做多,409,-0.009053572079499507,0.33978289590763744
时序加减修正后,2025-04-07,Q10,做多,267,0.01294686040280331,0.35712887803101734
时序加减修正后,2025-04-08,Q10,做多,476,-0.00908786001089523,0.3447954807707281
时序加减修正后,2025-04-09,Q10,做多,683,0.0195184283182411,0.3710437749648461
时序加减修正后,2025-04-10,Q10,做多,337,-0.0010999395027642693,0.3695357097567431
时序加减修正后,2025-04-11,Q10,做多,476,0.002711270780478002,0.37324889190942767
时序加减修正后,2025-04-14,Q10,做多,7,0.0007423719632372792,0.37426835338532793
时序加减修正后,2025-04-15,Q10,做多,174,-0.0012532222096116787,0.37254608976289894
时序加减修正后,2025-04-16,Q10,做多,96,0.010350851175947659,0.38675311007016355
时序加减修正后,2025-04-17,Q10,做多,36,-0.0009114753716453884,0.3854891187637819
时序加减修正后,2025-04-18,Q10,做多,63,0.004544884601302097,0.39178600692492305
时序加减修正后,2025-04-21,Q10,做多,239,0.00023937435486826657,0.39211916480244535
时序加减修正后,2025-04-22,Q10,做多,85,-0.0005472525054595762,0.39135732410160884
时序加减修正后,2025-04-23,Q10,做多,98,0.0023584674043896875,0.3946387949983614
时序加减修正后,2025-04-24,Q10,做多,430,0.0010503100413019595,0.3961035981287375
时序加减修正后,2025-04-25,Q10,做多,49,-0.006932393531315029,0.38642525857602417
时序加减修正后,2025-04-28,Q10,做多,795,0.00016815115642494451,0.38665838758655036
时序加减修正后,2025-04-29,Q10,做多,206,0.0029434967499167844,0.39074001204365616
时序加减修正后,2025-04-30,Q10,做多,275,0.007839020449636419,0.401642051438194
时序加减修正后,2025-05-06,Q10,做多,164,0.0005897358109350757,0.4024686499500396
时序加减修正后,2025-05-07,Q10,做多,283,0.0014249649734906613,0.4044671186526374
时序加减修正后,2025-05-08,Q10,做多,159,-0.0019628349634514286,0.4017103814871281
时序加减修正后,2025-05-09,Q10,做多,503,0.00009479332070793747,0.4018432542688599
时序加减修正后,2025-05-13,Q10,做多,1,0.00402816804125905,0.4074901144645604
时序加减修正后,2025-05-14,Q10,做多,225,-0.0030283615786983217,0.40322772547951824
时序加减修正后,2025-05-15,Q10,做多,181,0.0017510236669682322,0.4056848104369788
时序加减修正后,2025-05-16,Q10,做多,15,-0.0012402140729439756,0.4039414603529514
时序加减修正后,2025-05-19,Q10,做多,412,-0.00012658692608541952,0.4037637397190814
时序加减修正后,2025-05-20,Q10,做多,2,0.0013417384470812976,0.4056472234992812
时序加减修正后,2025-05-21,Q10,做多,80,-0.0012499671192927053,0.403890210688582
时序加减修正后,2025-05-22,Q10,做多,419,0.0005774974105230906,0.4047009536499133
时序加减修正后,2025-05-23,Q10,做多,335,-0.0021740010365498,0.40164713232063587
时序加减修正后,2025-05-26,Q10,做多,372,-0.002511986857209723,0.39812621314580077
时序加减修正后,2025-05-27,Q10,做多,145,0.0005306847000360119,0.39886817733583646
时序加减修正后,2025-05-28,Q10,做多,75,0.0033688200063382587,0.4035807124378752
时序加减修正后,2025-05-29,Q10,做多,441,-0.0020188592978542756,0.40074708046628116
时序加减修正后,2025-05-30,Q10,做多,286,0.0005744735544604018,0.4015517726204967
时序加减修正后,2025-06-03,Q10,做多,6,0.0040798494592309,0.4072698928621066
时序加减修正后,2025-06-04,Q10,做多,27,-0.0012482979293929896,0.40551320076874986
时序加减修正后,2025-06-05,Q10,做多,212,-0.0003883978367738101,0.4049673024820142
时序加减修正后,2025-06-06,Q10,做多,257,0.0005543804351523055,0.4057461888665388
时序加减修正后,2025-06-09,Q10,做多,157,-0.000033007623908809935,0.40569978852502553
时序加减修正后,2025-06-10,Q10,做多,193,-0.004052654555196503,0.4000029728738208
时序加减修正后,2025-06-11,Q10,做多,1,0.002141704084351659,0.40300136495892924
时序加减修正后,2025-06-12,Q10,做多,121,-0.0014462859325557332,0.4009722238214326
时序加减修正后,2025-06-16,Q10,做多,36,-0.0005486171273029564,0.40020362646456853
时序加减修正后,2025-06-17,Q10,做多,4,0.0024811747716739774,0.4036777763777588
时序加减修正后,2025-06-18,Q10,做多,1,-0.0024485986214131117,0.40024073290961204
时序加减修正后,2025-06-19,Q10,做多,9,0.00428249436016712,0.40623725595117377
时序加减修正后,2025-06-20,Q10,做多,35,-0.005374917950497807,0.39867884608150295
时序加减修正后,2025-06-23,Q10,做多,615,0.004503389348424318,0.4049776414988129
时序加减修正后,2025-06-24,Q10,做多,547,0.0006627378523668149,0.40590877336356335
时序加减修正后,2025-06-25,Q10,做多,244,-0.0011097868576397277,0.4043485142838441
时序加减修正后,2025-06-26,Q10,做多,189,0.0006877761983627419,0.4053143917661748
时序加减修正后,2025-06-27,Q10,做多,1138,-0.0009849171177422715,0.4039302735659147
时序加减修正后,2025-06-30,Q10,做多,148,0.0011318312870915524,0.40551928577443164
时序加减修正后,2025-07-01,Q10,做多,94,0.0038430549220139893,0.4109207735836129
时序加减修正后,2025-07-02,Q10,做多,1,0.005250250920653343,0.4183284616740892
时序加减修正后,2025-07-03,Q10,做多,66,-0.0017260473881227274,0.4158803595373164
时序加减修正后,2025-07-04,Q10,做多,613,-0.001923732220684824,0.4131565848690395
时序加减修正后,2025-07-07,Q10,做多,125,0.0018918551488313823,0.41583007243022907
时序加减修正后,2025-07-08,Q10,做多,31,5.896790812145017e-6,0.4158384212839916
时序加减修正后,2025-07-09,Q10,做多,357,-8.681597185587897e-6,0.4158261295451382
时序加减修正后,2025-07-10,Q10,做多,343,0.0008784627990908996,0.41706988012992463
时序加减修正后,2025-07-11,Q10,做多,691,-0.0007400674811729617,0.4160211527930908
时序加减修正后,2025-07-14,Q10,做多,176,0.0022221668021467685,0.4191677879899651
时序加减修正后,2025-07-15,Q10,做多,10,0.0015691919339587911,0.42139473463581334
时序加减修正后,2025-07-16,Q10,做多,2,0.004552766680717468,0.42786601322381057
时序加减修正后,2025-07-17,Q10,做多,123,0.004700590893699564,0.43457782720299365
时序加减修正后,2025-07-18,Q10,做多,188,0.0010482216701038463,0.4360815827689182
时序加减修正后,2025-07-21,Q10,做多,268,-0.0003088603367332461,0.43563803412768776
时序加减修正后,2025-07-22,Q10,做多,37,0.004305868123255267,0.44181970217537114
时序加减修正后,2025-07-23,Q10,做多,208,0.0019002607420868746,0.4445595355525822
时序加减修正后,2025-07-24,Q10,做多,504,-0.0006499060096533838,0.44362070762912453
时序加减修正后,2025-07-25,Q10,做多,127,0.001140183531666609,0.4452667001859363
时序加减修正后,2025-07-28,Q10,做多,181,0.000726454748157206,0.4463166210426397
时序加减修正后,2025-07-29,Q10,做多,6,-0.00008352979663565445,0.44619581050941326
时序加减修正后,2025-07-30,Q10,做多,288,-0.004016528030585202,0.44038712449878736
时序加减修正后,2025-07-31,Q10,做多,505,0.0026429676281136696,0.4441940210407893
时序加减修正后,2025-08-01,Q10,做多,322,-0.0004411676874036665,0.44355688930436465
时序加减修正后,2025-08-04,Q10,做多,51,0.0029106458866462004,0.4477585722263582
时序加减修正后,2025-08-06,Q10,做多,78,0.000368560657126438,0.4482921590770983
时序加减修正后,2025-08-07,Q10,做多,314,0.0022733921288447486,0.45158469507181165
时序加减修正后,2025-08-08,Q10,做多,539,0.0027198336687777993,0.45553276399855047
时序加减修正后,2025-08-11,Q10,做多,65,0.0013071588232728222,0.4574353764935739
时序加减修正后,2025-08-12,Q10,做多,16,0.0036922100043739192,0.4628165339713919
时序加减修正后,2025-08-13,Q10,做多,79,0.0055334152397497035,0.47091090527342705
时序加减修正后,2025-08-14,Q10,做多,286,-0.0006950186002382156,0.4698885948349687
时序加减修正后,2025-08-15,Q10,做多,583,0.0025801330647455727,0.47368110299999455
时序加减修正后,2025-08-18,Q10,做多,259,0.001579546244656775,0.4760088504520599
时序加减修正后,2025-08-19,Q10,做多,289,-0.0027766912136505647,0.47191042964573926
时序加减修正后,2025-08-20,Q10,做多,93,0.0026347205319481913,0.4757885022759154
时序加减修正后,2025-08-21,Q10,做多,1,-0.008480055257678032,0.4632737342279698
时序加减修正后,2025-08-22,Q10,做多,616,0.006932837257550858,0.47341837289062094
时序加减修正后,2025-08-25,Q10,做多,365,0.0006149474705636424,0.474324447792112
时序加减修正后,2025-08-26,Q10,做多,119,0.0022895904435206813,0.47770004695842583
时序加减修正后,2025-08-27,Q10,做多,639,-0.003931512926512614,0.47189045012230046
时序加减修正后,2025-08-28,Q10,做多,847,0.0024758527670652136,0.4755346341660527
时序加减修正后,2025-08-29,Q10,做多,99,0.0028308828645315248,0.47971169987793627
时序加减修正后,2025-09-01,Q10,做多,4,-0.004971776113961823,0.4723549045929334
时序加减修正后,2025-09-02,Q10,做多,457,0.0017737772652663595,0.47496653424910384
时序加减修正后,2025-09-03,Q10,做多,518,0.002859931869893075,0.4791848380474284
时序加减修正后,2025-09-04,Q10,做多,819,0.0017590144339604409,0.48178674552804934
时序加减修正后,2025-09-05,Q10,做多,212,0.005143405642804351,0.48940817583643104
时序加减修正后,2025-09-08,Q10,做多,14,-0.003340889629076368,0.4844322275083175
时序加减修正后,2025-09-09,Q10,做多,521,-0.0011048712699649268,0.48279212098793356
时序加减修正后,2025-09-10,Q10,做多,35,0.0034704767599967974,0.48793811658372865
时序加减修正后,2025-09-11,Q10,做多,1117,0.003099464714934271,0.4925499282740857
时序加减修正后,2025-09-12,Q10,做多,131,-0.0005993056640905179,0.4916554346481332
时序加减修正后,2025-09-15,Q10,做多,298,0.0043983428790089485,0.4982162467070528
时序加减修正后,2025-09-16,Q10,做多,1,0.006027678027749062,0.5072470118581456
时序加减修正后,2025-09-17,Q10,做多,37,0.002022313001460232,0.5102951370866384
时序加减修正后,2025-09-18,Q10,做多,448,-0.001262319026003362,0.5083886628002137
时序加减修正后,2025-09-19,Q10,做多,374,-0.0018436491095940788,0.5056077233851202
时序加减修正后,2025-09-22,Q10,做多,82,-0.0017486711447684395,0.5029749106038961
时序加减修正后,2025-09-23,Q10,做多,70,0.010333331616129727,0.5185056487658892
时序加减修正后,2025-09-24,Q10,做多,121,0.00035724200850471946,0.5190481227737802
时序加减修正后,2025-09-25,Q10,做多,99,-0.00242455578950055,0.5153651058531792
时序加减修正后,2025-09-26,Q10,做多,964,-0.00043871718592930833,0.5147002891382837
时序加减修正后,2025-09-29,Q10,做多,504,0.00039052892483711717,0.5152918234136514
时序加减修正后,2025-09-30,Q10,做多,80,0.0019975630408225697,0.5183187143561634
时序加减修正后,2025-10-09,Q10,做多,203,-0.004783901774724905,0.511055226763957
时序加减修正后,2025-10-10,Q10,做多,1571,-0.0018094475391392819,0.5083210516023855
时序加减修正后,2025-10-13,Q10,做多,423,0.004886877041540701,0.5156920311207336
时序加减修正后,2025-10-14,Q10,做多,9,0.004437333386805322,0.5224176619745404
时序加减修正后,2025-10-15,Q10,做多,68,-0.0015697894281509112,0.5200277868235426
时序加减修正后,2025-10-17,Q10,做多,165,0.00822485946383412,0.532529801751289
时序加减修正后,2025-10-20,Q10,做多,368,0.007279688579709055,0.5436861414471617
时序加减修正后,2025-10-21,Q10,做多,36,0.000033200575217051664,0.5437373927150122
时序加减修正后,2025-10-22,Q10,做多,239,-0.008099838449098763,0.5312333692261877
时序加减修正后,2025-10-23,Q10,做多,181,0.009382873464849114,0.5456007381747916
时序加减修正后,2025-10-24,Q10,做多,332,-0.0011707397642600104,0.5437912419309407
时序加减修正后,2025-10-27,Q10,做多,268,-0.003392952525626161,0.5385532315375916
时序加减修正后,2025-10-28,Q10,做多,640,0.002040511894315955,0.5416926677065821
时序加减修正后,2025-10-29,Q10,做多,28,-0.0001728453633924281,0.5414261932771929
时序加减修正后,2025-10-30,Q10,做多,636,0.0009783595616693291,0.542934262331993
时序加减修正后,2025-10-31,Q10,做多,753,-0.003167713941905128,0.5380466879577608
时序加减修正后,2025-11-03,Q10,做多,479,-0.0012408355564246121,0.5361382249399016
时序加减修正后,2025-11-04,Q10,做多,197,-0.0039047804164298668,0.5301399424822271
时序加减修正后,2025-11-05,Q10,做多,23,0.0064912852767915665,0.5400725173622927
时序加减修正后,2025-11-06,Q10,做多,25,-0.0010687948955455794,0.5384264957169658
时序加减修正后,2025-11-07,Q10,做多,428,0.000697909352273149,0.5395001779561115
时序加减修正后,2025-11-10,Q10,做多,59,-0.0003451957951656985,0.5389687489680242
时序加减修正后,2025-11-11,Q10,做多,7,-0.0005760873069188424,0.5380821686059989
时序加减修正后,2025-11-12,Q10,做多,12,0.0036953084816862733,0.543765856689179
时序加减修正后,2025-11-13,Q10,做多,36,-0.0029151286855469355,0.5392655805565765
时序加减修正后,2025-11-14,Q10,做多,76,-0.0053312429069209384,0.5310593818483669
时序加减修正后,2025-11-17,Q10,做多,212,-0.0028371706718284054,0.526715505073359
时序加减修正后,2025-11-18,Q10,做多,278,0.0029652085677887483,0.5312425349695784
时序加减修正后,2025-11-19,Q10,做多,66,0.0013867341657521938,0.5333659613088739
时序加减修正后,2025-11-20,Q10,做多,21,-0.0081431372978148,0.5208795517581399
时序加减修正后,2025-11-21,Q10,做多,241,-0.0007918233212087925,0.5196752838603083
时序加减修正后,2025-11-24,Q10,做多,505,0.004133439999152122,0.5259567704643393
时序加减修正后,2025-11-25,Q10,做多,304,0.0011663086421130604,0.5277365070332227
时序加减修正后,2025-11-26,Q10,做多,247,0.0062957327060688,0.5373547277268071
时序加减修正后,2025-11-27,Q10,做多,649,-0.0020064014492323307,0.5342701769731117
时序加减修正后,2025-11-28,Q10,做多,1007,0.0026690917805280664,0.5383652848915801
时序加减修正后,2025-12-01,Q10,做多,76,0.0007875940291341976,0.539576892204588
时序加减修正后,2025-12-02,Q10,做多,413,0.0002190038866794597,0.5399140655278227
时序加减修正后,2025-12-03,Q10,做多,33,0.002126384896462586,0.5431885155386114
时序加减修正后,2025-12-04,Q10,做多,158,-0.00048146524923025404,0.5424455238953683
时序加减修正后,2025-12-05,Q10,做多,576,0.0018528555567816813,0.5453034526553506
时序加减修正后,2025-12-08,Q10,做多,350,0.0004603566533686327,0.5460148433812542
时序加减修正后,2025-12-09,Q10,做多,1993,-0.0014658433800213168,0.5437486277576691
时序加减修正后,2025-12-10,Q10,做多,30,0.0008999045341624879,0.5451378541473952
时序加减修正后,2025-12-12,Q10,做多,50,0.00029523031975259073,0.5455940256901368
时序加减修正后,2025-12-15,Q10,做多,326,-0.009169049624855733,0.5314223973687033
时序加减修正后,2025-12-16,Q10,做多,198,0.0020332927007727605,0.534536227351073
时序加减修正后,2025-12-17,Q10,做多,315,-0.0015438638777494715,0.5321671123005676
时序加减修正后,2025-12-18,Q10,做多,91,0.003817533950575955,0.538016212269731
时序加减修正后,2025-12-19,Q10,做多,325,0.006033316344166031,0.5472955506208101
时序加减修正后,2025-12-22,Q10,做多,144,0.00010839881770152715,0.5474632756291322
时序加减修正后,2025-12-23,Q10,做多,675,0.0005743927454588832,0.5483521273085177
时序加减修正后,2025-12-24,Q10,做多,288,0.0007241300691336821,0.5494733356415089
时序加减修正后,2025-12-25,Q10,做多,410,0.0027350178999945565,0.5537111729500526
时序加减修正后,2025-12-26,Q10,做多,527,0.0002250574470480106,0.5540608472200865
时序加减修正后,2025-12-29,Q10,做多,747,0.00027499108775076237,0.5544882001028946
时序加减修正后,2025-12-30,Q10,做多,127,-0.000718803726838843,0.5533708281913337
时序加减修正后,2025-12-31,Q10,做多,440,0.010181818816371643,0.5691869685186148
时序加减修正后,2026-01-05,Q10,做多,532,0.0022794082985654355,0.572763786316657
时序加减修正后,2026-01-06,Q10,做多,71,0.0019332509304226283,0.5758043333698888
时序加减修正后,2026-01-07,Q10,做多,554,0.0003695677030603683,0.5763866997578448
时序加减修正后,2026-01-08,Q10,做多,895,0.0018439540939785047,0.5792934844665567
时序加减修正后,2026-01-09,Q10,做多,50,0.005043268088775222,0.5872582848995778
时序加减修正后,2026-01-12,Q10,做多,219,0.0007039854176935594,0.5883756915862604
时序加减修正后,2026-01-13,Q10,做多,484,0.004945117218825589,0.5962303955686874
时序加减修正后,2026-01-14,Q10,做多,438,0.0005430393696823886,0.5970972115165649
时序加减修正后,2026-01-15,Q10,做多,157,0.0035679067424579138,0.6027955054258956
时序加减修正后,2026-01-19,Q10,做多,270,0.0003188635509070958,0.6033065784921334
时序加减修正后,2026-01-20,Q10,做多,44,0.005671990495598452,0.6124005181668712
时序加减修正后,2026-01-21,Q10,做多,198,0.0025101655412458276,0.6164479103862606
时序加减修正后,2026-01-22,Q10,做多,2,0.00620582775445655,0.6264793076921689
时序加减修正后,2026-01-23,Q10,做多,117,0.0012840798166212346,0.6285678369433283
时序加减修正后,2026-01-26,Q10,做多,469,-0.00242889615583796,0.6246122147846553
时序加减修正后,2026-01-27,Q10,做多,162,-0.0004310683225524787,0.6239118959224299
时序加减修正后,2026-01-28,Q10,做多,126,0.0018907895015535547,0.626982371486688
时序加减修正后,2026-01-29,Q10,做多,289,-0.005322517773351402,0.6183227288975208
时序加减修正后,2026-01-30,Q10,做多,358,-0.005444086556394088,0.609512439885223
时序加减修正后,2026-02-02,Q10,做多,1076,0.002587370789216515,0.6136768453570627
时序加减修正后,2026-02-03,Q10,做多,394,0.0002831752834922346,0.6141337987552116
时序加减修正后,2026-02-04,Q10,做多,43,-0.012833439321988153,0.5934189105913164
时序加减修正后,2026-02-05,Q10,做多,35,-0.003329968962186415,0.5881128750752864
时序加减修正后,2026-02-06,Q10,做多,436,0.00928382713512317,0.6028566404785489
时序加减修正后,2026-02-09,Q10,做多,545,0.0006660627552681686,0.6039242435888059
时序加减修正后,2026-02-10,Q10,做多,158,0.0006476141387551413,0.6049629676064463
时序加减修正后,2026-02-11,Q10,做多,143,0.001597522475355357,0.6075269320193104
时序加减修正后,2026-02-12,Q10,做多,297,-0.004902167433070944,0.5996465658453809
时序加减修正后,2026-02-13,Q10,做多,135,0.008084021498992419,0.6125781430744641
时序加减修正后,2026-02-24,Q10,做多,116,0.009617151863118312,0.6280865519675565
时序加减修正后,2026-02-25,Q10,做多,432,-0.00193339834231665,0.6249388121268344
时序加减修正后,2026-02-26,Q10,做多,400,-0.00019550613549654372,0.6246211266192572
时序加减修正后,2026-02-27,Q10,做多,467,-0.0011627964676836492,0.6227320229119
时序加减修正后,2026-03-02,Q10,做多,216,-0.004770509859032178,0.6149907637980316
时序加减修正后,2026-03-03,Q10,做多,425,-0.001844876349230831,0.6120113055336744
时序加减修正后,2026-03-04,Q10,做多,508,0.005526025338608669,0.6209193208541772
时序加减修正后,2026-03-05,Q10,做多,9,0.005782533411143554,0.6302923409837848
时序加减修正后,2026-03-06,Q10,做多,48,-0.019183517639172958,0.5990175991035138
时序加减修正后,2026-03-09,Q10,做多,288,0.005670142336826858,0.6080842564895219
时序加减修正后,2026-03-10,Q10,做多,91,-0.001114906158373732,0.6062913934487779
时序加减修正后,2026-03-11,Q10,做多,427,-0.000592687416100802,0.6053393647532896
时序加减修正后,2026-03-12,Q10,做多,1069,-0.0016176118570614133,0.6027425487622573
时序加减修正后,2026-03-13,Q10,做多,264,-0.0007629524907866708,0.6015197323425894
时序加减修正后,2026-03-16,Q10,做多,327,0.0012811443366083446,0.6035715102776464
时序加减修正后,2026-03-17,Q10,做多,355,-0.0001076260488152399,0.6033989242120026
时序加减修正后,2026-03-18,Q10,做多,214,-0.00844397100751347,0.5898598701824782
时序加减修正后,2026-03-19,Q10,做多,270,0.007727616784554643,0.6021456980003901
时序加减修正后,2026-03-20,Q10,做多,92,-0.02142287540735434,0.567823130327699
时序加减修正后,2026-03-23,Q10,做多,493,0.0069459535789987235,0.5787131570110355
时序加减修正后,2026-03-24,Q10,做多,531,0.015276617791523728,0.6028305545131429
时序加减修正后,2026-03-25,Q10,做多,226,-0.0022818563688936358,0.5991731254040698
时序加减修正后,2026-03-26,Q10,做多,438,-0.0027925137838589087,0.594707412408602
时序加减修正后,2026-03-27,Q10,做多,296,-0.00546349293511633,0.5859947397273302
时序加减修正后,2026-03-30,Q10,做多,553,0.0017853449478977396,0.5888262874232948
时序加减修正后,2026-03-31,Q10,做多,503,0.009170262702382226,0.603396241867417
时序加减修正后,2026-04-01,Q10,做多,180,-0.004533054693779882,0.596127959007231
时序加减修正后,2026-04-02,Q10,做多,1080,0.0003673459706230157,0.5967142901815712
时序加减修正后,2026-04-03,Q10,做多,81,0.0020773003663275575,0.6000311453614857
时序加减修正后,2026-04-07,Q10,做多,2,0.01692384434863925,0.6271098234185586
时序加减修正后,2026-04-08,Q10,做多,350,0.0017884540716996916,0.630019834607354
时序加减修正后,2026-04-09,Q10,做多,750,0.006340348362107761,0.6403547281959101
时序加减修正后,2026-04-10,Q10,做多,458,-0.0006046695020237905,0.6393628557192697
时序加减修正后,2026-04-13,Q10,做多,155,0.0037817330383169917,0.6455624883925328
时序加减修正后,2026-04-15,Q10,做多,203,0.0015029593469797126,0.6480357019155016
时序加减修正后,2026-04-16,Q10,做多,319,-0.000994022590437162,0.6463975171979508
时序加减修正后,2026-04-17,Q10,做多,98,-0.0011333410951251887,0.6445315872327984
时序加减修正后,2026-04-20,Q10,做多,1,0.004548489581793547,0.6520117220242572
时序加减修正后,2026-04-21,Q10,做多,65,0.0019298807670286176,0.6551999076734978
时序加减修正后,2026-04-22,Q10,做多,145,0.0004236290710305811,0.6559010984727556
时序加减修正后,2026-04-23,Q10,做多,229,-0.0025360497276707425,0.6517016509429241
时序加减修正后,2026-04-24,Q10,做多,167,-0.001996597594277958,0.6484038674001866
时序加减修正后,2026-04-27,Q10,做多,34,-0.002932159457807703,0.6435704844101025
时序加减修正后,2026-04-28,Q10,做多,551,0.0023685418911452397,0.6474633499534777
时序加减修正后,2026-04-29,Q10,做多,264,0.0010856583933425347,0.6492519323670789
时序加减修正后,2026-04-30,Q10,做多,7,0.0017556778620928526,0.6521474874737496
时序加减修正后,2026-05-06,Q10,做多,498,0.0008674945730530614,0.6535807164530165
时序加减修正后,2026-05-07,Q10,做多,238,0.000285581298035637,0.6540529481804278
时序加减修正后,2026-05-08,Q10,做多,645,0.001403440440481063,0.656374312978601
时序加减修正后,2026-05-11,Q10,做多,84,-0.0022726036511899325,0.6526100306671887
时序加减修正后,2026-05-12,Q10,做多,114,0.0024028635621984825,0.6565810270924026
时序加减修正后,2026-05-13,Q10,做多,272,0.0007721726899623772,0.6578601937202331
时序加减修正后,2026-05-14,Q10,做多,84,-0.00819894248776282,0.6442674933391694
时序加减修正后,2026-05-15,Q10,做多,239,0.0013547889589576566,0.6464951287847183
时序加减修正后,2026-05-18,Q10,做多,406,0.0008123057934354785,0.6478325863166934
时序加减修正后,2026-05-19,Q10,做多,24,-0.005594995910845076,0.6386129697344942
时序加减修正后,2026-05-20,Q10,做多,4,-0.003006895596627146,0.6336858316112235
时序加减修正后,2026-05-21,Q10,做多,169,-0.0030319501663773106,0.6287325775822614
时序加减修正后,2026-05-22,Q10,做多,141,0.0009429365665245643,0.6302683690867534
时序加减修正后,2026-05-25,Q10,做多,300,-0.0011654741855454632,0.6283683333870715
时序加减修正后,2026-05-26,Q10,做多,137,0.005421908695901231,0.6371971978139932
时序加减修正后,2026-05-27,Q10,做多,150,-0.0017919707934682567,0.6342633882523625
时序加减修正后,2026-05-28,Q10,做多,745,0.0004269442566693526,0.6349611276198619
时序加减修正后,2026-05-29,Q10,做多,93,0.006408414758381343,0.6454386366394809
时序加减修正后,2026-06-01,Q10,做多,605,0.0002822805309154898,0.6459031119314202
时序加减修正后,2026-06-02,Q10,做多,195,0.0007221920056625281,0.6470917700009522
时序加减修正后,2026-06-03,Q10,做多,361,0.000019183877116737378,0.6471233676070678
时序加减修正后,2026-06-04,Q10,做多,300,-0.006496137952417484,0.6364234269864419
时序加减修正后,2026-06-05,Q10,做多,260,-0.012213143827382457,0.6164375523101584
时序加减修正后,2026-06-08,Q10,做多,347,0.0024909324356826475,0.620463989039463
时序加减修正后,2026-06-09,Q10,做多,19,-0.00039531906766473855,0.6198233887261315
时序加减修正后,2026-06-10,Q10,做多,281,-0.00013672997875053565,0.6196019103086112
时序加减修正后,2026-06-11,Q10,做多,40,0.0015300471923183068,0.6220799776641524
时序加减修正后,2026-06-12,Q10,做多,1175,0.0005050957511365538,0.6228992833688742
时序加减修正后,2026-06-15,Q10,做多,622,-0.0014201293689816148,0.6205945564336628
时序加减修正后,2026-06-16,Q10,做多,267,0.000722135790117514,0.6217648457641332
时序加减修正后,2026-06-17,Q10,做多,216,0.003958435328833595,0.6281844970246662
时序加减修正后,2026-06-18,Q10,做多,315,0.0026139252096087032,0.632440449527333
时序加减修正后,2026-06-22,Q10,做多,684,0.0022485711653793027,0.6361111080513389
时序加减修正后,2026-06-23,Q10,做多,562,0.00014212037958099102,0.6363436327830518
时序加减修正后,2026-06-24,Q10,做多,212,0.0005399424350438288,0.6372271641487053
时序加减修正后,2026-06-25,Q10,做多,11,-0.007002632250739473,0.6257622644072507
时序加减修正后,2026-06-26,Q10,做多,20,0.0031796903153008317,0.6309316849343678
时序加减修正后,2026-06-29,Q10,做多,462,0.0005962323100713737,0.631904099100445
时序加减修正后,2026-06-30,Q10,做多,220,0.00392699517251458,0.6383125786196191
